date,factor_name,window,rolling_mean_rank_ic
2018-01-30,momentum_20,60,
2018-01-31,momentum_20,60,
2018-02-01,momentum_20,60,
2018-02-02,momentum_20,60,
2018-02-05,momentum_20,60,
2018-02-06,momentum_20,60,
2018-02-07,momentum_20,60,
2018-02-08,momentum_20,60,
2018-02-09,momentum_20,60,
2018-02-12,momentum_20,60,
2018-02-13,momentum_20,60,
2018-02-14,momentum_20,60,
2018-02-22,momentum_20,60,
2018-02-23,momentum_20,60,
2018-02-26,momentum_20,60,
2018-02-27,momentum_20,60,
2018-02-28,momentum_20,60,
2018-03-01,momentum_20,60,
2018-03-02,momentum_20,60,
2018-03-05,momentum_20,60,
2018-03-06,momentum_20,60,
2018-03-07,momentum_20,60,
2018-03-08,momentum_20,60,
2018-03-09,momentum_20,60,
2018-03-12,momentum_20,60,
2018-03-13,momentum_20,60,
2018-03-14,momentum_20,60,
2018-03-15,momentum_20,60,
2018-03-16,momentum_20,60,
2018-03-19,momentum_20,60,
2018-03-20,momentum_20,60,
2018-03-21,momentum_20,60,
2018-03-22,momentum_20,60,
2018-03-23,momentum_20,60,
2018-03-26,momentum_20,60,
2018-03-27,momentum_20,60,
2018-03-28,momentum_20,60,
2018-03-29,momentum_20,60,
2018-03-30,momentum_20,60,
2018-04-02,momentum_20,60,
2018-04-03,momentum_20,60,
2018-04-04,momentum_20,60,
2018-04-09,momentum_20,60,
2018-04-10,momentum_20,60,
2018-04-11,momentum_20,60,
2018-04-12,momentum_20,60,
2018-04-13,momentum_20,60,
2018-04-16,momentum_20,60,
2018-04-17,momentum_20,60,
2018-04-18,momentum_20,60,
2018-04-19,momentum_20,60,
2018-04-20,momentum_20,60,
2018-04-23,momentum_20,60,
2018-04-24,momentum_20,60,
2018-04-25,momentum_20,60,
2018-04-26,momentum_20,60,
2018-04-27,momentum_20,60,
2018-05-02,momentum_20,60,
2018-05-03,momentum_20,60,
2018-05-04,momentum_20,60,-0.05825519248229754
2018-05-07,momentum_20,60,-0.05993505211026209
2018-05-08,momentum_20,60,-0.06000578094004889
2018-05-09,momentum_20,60,-0.05897659566326629
2018-05-10,momentum_20,60,-0.05825642077572592
2018-05-11,momentum_20,60,-0.05532498212768366
2018-05-14,momentum_20,60,-0.0521559715163707
2018-05-15,momentum_20,60,-0.04742429414287955
2018-05-16,momentum_20,60,-0.04786607824498162
2018-05-17,momentum_20,60,-0.04277181922762101
2018-05-18,momentum_20,60,-0.0365753736032524
2018-05-21,momentum_20,60,-0.02581745839194018
2018-05-22,momentum_20,60,-0.018656997038736228
2018-05-23,momentum_20,60,-0.012690380458560595
2018-05-24,momentum_20,60,-0.00850438818412524
2018-05-25,momentum_20,60,-0.004508934720862257
2018-05-28,momentum_20,60,-0.003282955127667498
2018-05-29,momentum_20,60,0.0011886688525223849
2018-05-30,momentum_20,60,0.005588630046970978
2018-05-31,momentum_20,60,0.01081163967684475
2018-06-01,momentum_20,60,0.015001797298432266
2018-06-04,momentum_20,60,0.018261496774779905
2018-06-05,momentum_20,60,0.02351336542832016
2018-06-06,momentum_20,60,0.02413543514289258
2018-06-07,momentum_20,60,0.02393214649437984
2018-06-08,momentum_20,60,0.02245720915158027
2018-06-11,momentum_20,60,0.021762210283248335
2018-06-12,momentum_20,60,0.023709520085703276
2018-06-13,momentum_20,60,0.024134372029588638
2018-06-14,momentum_20,60,0.028960291944077572
2018-06-15,momentum_20,60,0.030864477202893984
2018-06-19,momentum_20,60,0.024151661117390106
2018-06-20,momentum_20,60,0.012562032529637836
2018-06-21,momentum_20,60,-0.00047134826361431014
2018-06-22,momentum_20,60,-0.012112553402712974
2018-06-25,momentum_20,60,-0.022869548257162885
2018-06-26,momentum_20,60,-0.02924816866565193
2018-06-27,momentum_20,60,-0.030628503992964913
2018-06-28,momentum_20,60,-0.03384796742808625
2018-06-29,momentum_20,60,-0.03259045607911019
2018-07-02,momentum_20,60,-0.030928030276604464
2018-07-03,momentum_20,60,-0.02963694917279699
2018-07-04,momentum_20,60,-0.03041425403635614
2018-07-05,momentum_20,60,-0.03292992964430134
2018-07-06,momentum_20,60,-0.03278589960717564
2018-07-09,momentum_20,60,-0.03315943912375879
2018-07-10,momentum_20,60,-0.032946891081871835
2018-07-11,momentum_20,60,-0.03516376714674042
2018-07-12,momentum_20,60,-0.03187448731800832
2018-07-13,momentum_20,60,-0.033198523946437165
2018-07-16,momentum_20,60,-0.03623634427987642
2018-07-17,momentum_20,60,-0.04571907345878057
2018-07-18,momentum_20,60,-0.05121968542996815
2018-07-19,momentum_20,60,-0.059948777654014934
2018-07-20,momentum_20,60,-0.06771444081725225
2018-07-23,momentum_20,60,-0.07268941966764683
2018-07-24,momentum_20,60,-0.07418872327396135
2018-07-25,momentum_20,60,-0.0778523258771008
2018-07-26,momentum_20,60,-0.07883651270901079
2018-07-27,momentum_20,60,-0.07708681547041994
2018-07-30,momentum_20,60,-0.07324475768742494
2018-07-31,momentum_20,60,-0.06703821582742987
2018-08-01,momentum_20,60,-0.06209590952179897
2018-08-02,momentum_20,60,-0.05922062052803632
2018-08-03,momentum_20,60,-0.05916830189989005
2018-08-06,momentum_20,60,-0.06186562486291689
2018-08-07,momentum_20,60,-0.06138372299270297
2018-08-08,momentum_20,60,-0.0638319107237774
2018-08-09,momentum_20,60,-0.06207572770415225
2018-08-10,momentum_20,60,-0.056196369065389606
2018-08-13,momentum_20,60,-0.04888924659402329
2018-08-14,momentum_20,60,-0.050613061330175964
2018-08-15,momentum_20,60,-0.0505638555637959
2018-08-16,momentum_20,60,-0.05064435596484617
2018-08-17,momentum_20,60,-0.054779656437989835
2018-08-20,momentum_20,60,-0.061098413410615504
2018-08-21,momentum_20,60,-0.0638926043619861
2018-08-22,momentum_20,60,-0.06926322880233078
2018-08-23,momentum_20,60,-0.07158593556933748
2018-08-24,momentum_20,60,-0.07112582974978142
2018-08-27,momentum_20,60,-0.07096824843208378
2018-08-28,momentum_20,60,-0.07017063966697136
2018-08-29,momentum_20,60,-0.07060899949411734
2018-08-30,momentum_20,60,-0.06732717926578118
2018-08-31,momentum_20,60,-0.06704647412375078
2018-09-03,momentum_20,60,-0.06634334180395252
2018-09-04,momentum_20,60,-0.06806771928003505
2018-09-05,momentum_20,60,-0.06936049478105825
2018-09-06,momentum_20,60,-0.0722345290268496
2018-09-07,momentum_20,60,-0.07421357129948315
2018-09-10,momentum_20,60,-0.07532317848310473
2018-09-11,momentum_20,60,-0.07033357158754318
2018-09-12,momentum_20,60,-0.06348734177858303
2018-09-13,momentum_20,60,-0.05553541587433042
2018-09-14,momentum_20,60,-0.04914128950049472
2018-09-17,momentum_20,60,-0.042692598098318234
2018-09-18,momentum_20,60,-0.039081816652729764
2018-09-19,momentum_20,60,-0.03817875732837861
2018-09-20,momentum_20,60,-0.03977749844999224
2018-09-21,momentum_20,60,-0.03915982663414884
2018-09-25,momentum_20,60,-0.035860076581352714
2018-09-26,momentum_20,60,-0.03466187890686346
2018-09-27,momentum_20,60,-0.03219643408040797
2018-09-28,momentum_20,60,-0.026173140446790064
2018-10-08,momentum_20,60,-0.02403738006117142
2018-10-09,momentum_20,60,-0.02468352651954942
2018-10-10,momentum_20,60,-0.024976736737262587
2018-10-11,momentum_20,60,-0.021938496148364975
2018-10-12,momentum_20,60,-0.023440844946420163
2018-10-15,momentum_20,60,-0.024094660245081414
2018-10-16,momentum_20,60,-0.025177864492159054
2018-10-17,momentum_20,60,-0.02330127187819856
2018-10-18,momentum_20,60,-0.02489633905224922
2018-10-19,momentum_20,60,-0.025599102308083273
2018-10-22,momentum_20,60,-0.022177805746206265
2018-10-23,momentum_20,60,-0.01861519589899746
2018-10-24,momentum_20,60,-0.015535298918613015
2018-10-25,momentum_20,60,-0.016801478062688852
2018-10-26,momentum_20,60,-0.02013348318365463
2018-10-29,momentum_20,60,-0.027337470873473452
2018-10-30,momentum_20,60,-0.03721847099142024
2018-10-31,momentum_20,60,-0.04862187133680536
2018-11-01,momentum_20,60,-0.05757382024270359
2018-11-02,momentum_20,60,-0.060650548054584454
2018-11-05,momentum_20,60,-0.06163737701487291
2018-11-06,momentum_20,60,-0.05991424868308633
2018-11-07,momentum_20,60,-0.0596351115914195
2018-11-08,momentum_20,60,-0.05552340880234067
2018-11-09,momentum_20,60,-0.05102076245170406
2018-11-12,momentum_20,60,-0.0528542700747008
2018-11-13,momentum_20,60,-0.06254946010076481
2018-11-14,momentum_20,60,-0.06486049101247661
2018-11-15,momentum_20,60,-0.06685723279725876
2018-11-16,momentum_20,60,-0.07043347586248468
2018-11-19,momentum_20,60,-0.06952631055261645
2018-11-20,momentum_20,60,-0.062047811475035096
2018-11-21,momentum_20,60,-0.0594402051263856
2018-11-22,momentum_20,60,-0.05768323330977813
2018-11-23,momentum_20,60,-0.058134345045700635
2018-11-26,momentum_20,60,-0.06029370814891875
2018-11-27,momentum_20,60,-0.063357945829516
2018-11-28,momentum_20,60,-0.06856841153535208
2018-11-29,momentum_20,60,-0.0763982211805608
2018-11-30,momentum_20,60,-0.08394577890503965
2018-12-03,momentum_20,60,-0.08439084057512962
2018-12-04,momentum_20,60,-0.08369262755303569
2018-12-05,momentum_20,60,-0.08429424644980978
2018-12-06,momentum_20,60,-0.08433149927588215
2018-12-07,momentum_20,60,-0.08707607813700838
2018-12-10,momentum_20,60,-0.09251011791362401
2018-12-11,momentum_20,60,-0.09898152070320569
2018-12-12,momentum_20,60,-0.10482708062005862
2018-12-13,momentum_20,60,-0.1119235449453839
2018-12-14,momentum_20,60,-0.1175614144539425
2018-12-17,momentum_20,60,-0.11867504153695559
2018-12-18,momentum_20,60,-0.11922667571111394
2018-12-19,momentum_20,60,-0.11617579837231139
2018-12-20,momentum_20,60,-0.11298168381010464
2018-12-21,momentum_20,60,-0.10804987687171891
2018-12-24,momentum_20,60,-0.10462564319365347
2018-12-25,momentum_20,60,-0.11069456881114151
2018-12-26,momentum_20,60,-0.11552734976926948
2018-12-27,momentum_20,60,-0.12149665414171729
2018-12-28,momentum_20,60,-0.1294519624016749
2019-01-02,momentum_20,60,-0.13755959837404147
2019-01-03,momentum_20,60,-0.141206796477405
2019-01-04,momentum_20,60,-0.14360961122281216
2019-01-07,momentum_20,60,-0.14523160940703458
2019-01-08,momentum_20,60,-0.14396882652480086
2019-01-09,momentum_20,60,-0.1429855259068388
2019-01-10,momentum_20,60,-0.1414690749784865
2019-01-11,momentum_20,60,-0.14201120857165
2019-01-14,momentum_20,60,-0.14332197215621667
2019-01-15,momentum_20,60,-0.1411129505892444
2019-01-16,momentum_20,60,-0.13885460995368787
2019-01-17,momentum_20,60,-0.1360874618408895
2019-01-18,momentum_20,60,-0.1370503347040324
2019-01-21,momentum_20,60,-0.129168077361081
2019-01-22,momentum_20,60,-0.12000392758206363
2019-01-23,momentum_20,60,-0.10915126023439384
2019-01-24,momentum_20,60,-0.09856664113238138
2019-01-25,momentum_20,60,-0.08785544825549904
2019-01-28,momentum_20,60,-0.07948188791695507
2019-01-29,momentum_20,60,-0.07674876366185417
2019-01-30,momentum_20,60,-0.07702491366604722
2019-01-31,momentum_20,60,-0.07855796275826786
2019-02-01,momentum_20,60,-0.08102901775686285
2019-02-11,momentum_20,60,-0.08560096040687103
2019-02-12,momentum_20,60,-0.09387719993582852
2019-02-13,momentum_20,60,-0.09933847586781401
2019-02-14,momentum_20,60,-0.0996787697057193
2019-02-15,momentum_20,60,-0.10066517532186771
2019-02-18,momentum_20,60,-0.10200700667370995
2019-02-19,momentum_20,60,-0.10121044039992305
2019-02-20,momentum_20,60,-0.10127446401541838
2019-02-21,momentum_20,60,-0.10602430202463459
2019-02-22,momentum_20,60,-0.10815725350704929
2019-02-25,momentum_20,60,-0.11117565072776839
2019-02-26,momentum_20,60,-0.10601198692106945
2019-02-27,momentum_20,60,-0.10269469423756832
2019-02-28,momentum_20,60,-0.10097504344731287
2019-03-01,momentum_20,60,-0.09931437357097053
2019-03-04,momentum_20,60,-0.09516531613303394
2019-03-05,momentum_20,60,-0.09049647511406574
2019-03-06,momentum_20,60,-0.09092704340236048
2019-03-07,momentum_20,60,-0.09626337583241845
2019-03-08,momentum_20,60,-0.09961616973152303
2019-03-11,momentum_20,60,-0.10780807277048489
2019-03-12,momentum_20,60,-0.11275639355340226
2019-03-13,momentum_20,60,-0.11619446528199158
2019-03-14,momentum_20,60,-0.11531887658392732
2019-03-15,momentum_20,60,-0.11430315596445116
2019-03-18,momentum_20,60,-0.11228678835391927
2019-03-19,momentum_20,60,-0.11109166625502963
2019-03-20,momentum_20,60,-0.11252414659792923
2019-03-21,momentum_20,60,-0.11233060042473737
2019-03-22,momentum_20,60,-0.11197931208655085
2019-03-25,momentum_20,60,-0.11472070720886483
2019-03-26,momentum_20,60,-0.11699891050429799
2019-03-27,momentum_20,60,-0.12424542632258502
2019-03-28,momentum_20,60,-0.12086929306949629
2019-03-29,momentum_20,60,-0.11889803562864124
2019-04-01,momentum_20,60,-0.11640223591727346
2019-04-02,momentum_20,60,-0.11306613626667625
2019-04-03,momentum_20,60,-0.10875139656721028
2019-04-04,momentum_20,60,-0.10821983096339415
2019-04-08,momentum_20,60,-0.11212946320388764
2019-04-09,momentum_20,60,-0.11662736610597815
2019-04-10,momentum_20,60,-0.12046332537328981
2019-04-11,momentum_20,60,-0.11986474960988945
2019-04-12,momentum_20,60,-0.11714298334995665
2019-04-15,momentum_20,60,-0.11221950687436617
2019-04-16,momentum_20,60,-0.10563895392829564
2019-04-17,momentum_20,60,-0.10202565883733401
2019-04-18,momentum_20,60,-0.1062469630518188
2019-04-19,momentum_20,60,-0.11013959228861592
2019-04-22,momentum_20,60,-0.11157085050827265
2019-04-23,momentum_20,60,-0.11520161184022212
2019-04-24,momentum_20,60,-0.12143314893099989
2019-04-25,momentum_20,60,-0.12750769227108869
2019-04-26,momentum_20,60,-0.13433007826986107
2019-04-29,momentum_20,60,-0.14305774416301473
2019-04-30,momentum_20,60,-0.15018351192671855
2019-05-06,momentum_20,60,-0.1570953159095775
2019-05-07,momentum_20,60,-0.15761887684669698
2019-05-08,momentum_20,60,-0.15300045916461805
2019-05-09,momentum_20,60,-0.14850562085151173
2019-05-10,momentum_20,60,-0.14202490603339885
2019-05-13,momentum_20,60,-0.1392729692602148
2019-05-14,momentum_20,60,-0.13859068766558777
2019-05-15,momentum_20,60,-0.13660235266849569
2019-05-16,momentum_20,60,-0.13540971773176938
2019-05-17,momentum_20,60,-0.13671863582561686
2019-05-20,momentum_20,60,-0.1366548111487366
2019-05-21,momentum_20,60,-0.1340310142344401
2019-05-22,momentum_20,60,-0.13119533982192166
2019-05-23,momentum_20,60,-0.12796163070380046
2019-05-24,momentum_20,60,-0.12011545191963331
2019-05-27,momentum_20,60,-0.11829186410212464
2019-05-28,momentum_20,60,-0.12072289514552856
2019-05-29,momentum_20,60,-0.12208556917360212
2019-05-30,momentum_20,60,-0.12125213776240377
2019-05-31,momentum_20,60,-0.1208603203340369
2019-06-03,momentum_20,60,-0.1245055188447593
2019-06-04,momentum_20,60,-0.12448868256384445
2019-06-05,momentum_20,60,-0.12457513394629843
2019-06-06,momentum_20,60,-0.12452408947691326
2019-06-10,momentum_20,60,-0.1217165901507415
2019-06-11,momentum_20,60,-0.11692110918646778
2019-06-12,momentum_20,60,-0.11552981835491316
2019-06-13,momentum_20,60,-0.11435928111437255
2019-06-14,momentum_20,60,-0.11501044945645826
2019-06-17,momentum_20,60,-0.117848101930942
2019-06-18,momentum_20,60,-0.12106050827364179
2019-06-19,momentum_20,60,-0.12226685656566717
2019-06-20,momentum_20,60,-0.12265752861089939
2019-06-21,momentum_20,60,-0.12424912933800461
2019-06-24,momentum_20,60,-0.12459205566217754
2019-06-25,momentum_20,60,-0.1253286200143177
2019-06-26,momentum_20,60,-0.11936906995167905
2019-06-27,momentum_20,60,-0.1179708116877398
2019-06-28,momentum_20,60,-0.11621910208753462
2019-07-01,momentum_20,60,-0.11417466122941602
2019-07-02,momentum_20,60,-0.11293657615138439
2019-07-03,momentum_20,60,-0.10894225577827364
2019-07-04,momentum_20,60,-0.10404675711537872
2019-07-05,momentum_20,60,-0.09890826097465226
2019-07-08,momentum_20,60,-0.09453745030445264
2019-07-09,momentum_20,60,-0.09042641597413989
2019-07-10,momentum_20,60,-0.09591645540687875
2019-07-11,momentum_20,60,-0.09936611491007373
2019-07-12,momentum_20,60,-0.10234190030016858
2019-07-15,momentum_20,60,-0.10104023712739137
2019-07-16,momentum_20,60,-0.09873931183954698
2019-07-17,momentum_20,60,-0.09266356202929237
2019-07-18,momentum_20,60,-0.08777053397811004
2019-07-19,momentum_20,60,-0.08530738257545703
2019-07-22,momentum_20,60,-0.09101752301465309
2019-07-23,momentum_20,60,-0.09335825084868167
2019-07-24,momentum_20,60,-0.09396137060616064
2019-07-25,momentum_20,60,-0.09197944992837052
2019-07-26,momentum_20,60,-0.09031564668656518
2019-07-29,momentum_20,60,-0.09148592877890074
2019-07-30,momentum_20,60,-0.08598286438268543
2019-07-31,momentum_20,60,-0.08341538518980278
2019-08-01,momentum_20,60,-0.08556968035880187
2019-08-02,momentum_20,60,-0.08477430344970868
2019-08-05,momentum_20,60,-0.086112414352652
2019-08-06,momentum_20,60,-0.08616731559687585
2019-08-07,momentum_20,60,-0.08338110780492847
2019-08-08,momentum_20,60,-0.08202958202019829
2019-08-09,momentum_20,60,-0.08366028471625042
2019-08-12,momentum_20,60,-0.07969428078094506
2019-08-13,momentum_20,60,-0.07836948003025829
2019-08-14,momentum_20,60,-0.08022035899140455
2019-08-15,momentum_20,60,-0.08371659609609614
2019-08-16,momentum_20,60,-0.08698243869114702
2019-08-19,momentum_20,60,-0.09146884589173412
2019-08-20,momentum_20,60,-0.09861906383263518
2019-08-21,momentum_20,60,-0.10392135541619885
2019-08-22,momentum_20,60,-0.10945078843259187
2019-08-23,momentum_20,60,-0.11336103949897941
2019-08-26,momentum_20,60,-0.11706359702906458
2019-08-27,momentum_20,60,-0.11901281161820237
2019-08-28,momentum_20,60,-0.1181286956263759
2019-08-29,momentum_20,60,-0.11402074314250117
2019-08-30,momentum_20,60,-0.11053142380701977
2019-09-02,momentum_20,60,-0.10646131753919569
2019-09-03,momentum_20,60,-0.10598692639200917
2019-09-04,momentum_20,60,-0.10259990665611111
2019-09-05,momentum_20,60,-0.10050653319973853
2019-09-06,momentum_20,60,-0.09696360421030371
2019-09-09,momentum_20,60,-0.09722976978669345
2019-09-10,momentum_20,60,-0.09282378842060846
2019-09-11,momentum_20,60,-0.09053232384592122
2019-09-12,momentum_20,60,-0.0919508889915059
2019-09-16,momentum_20,60,-0.09253617724992934
2019-09-17,momentum_20,60,-0.09017128126058055
2019-09-18,momentum_20,60,-0.09004391013973126
2019-09-19,momentum_20,60,-0.09354767855976714
2019-09-20,momentum_20,60,-0.0940087071751102
2019-09-23,momentum_20,60,-0.09551160397211839
2019-09-24,momentum_20,60,-0.09952601335824342
2019-09-25,momentum_20,60,-0.1023004225152903
2019-09-26,momentum_20,60,-0.10390825881975574
2019-09-27,momentum_20,60,-0.10479439310555701
2019-09-30,momentum_20,60,-0.10459744737568907
2019-10-08,momentum_20,60,-0.10366095359226667
2019-10-09,momentum_20,60,-0.10152859735551564
2019-10-10,momentum_20,60,-0.09400302734949555
2019-10-11,momentum_20,60,-0.08800826747227604
2019-10-14,momentum_20,60,-0.08441998960633675
2019-10-15,momentum_20,60,-0.08910800628310254
2019-10-16,momentum_20,60,-0.09562377445289384
2019-10-17,momentum_20,60,-0.10140663097397834
2019-10-18,momentum_20,60,-0.10862942307861674
2019-10-21,momentum_20,60,-0.11526714113736404
2019-10-22,momentum_20,60,-0.11309494968503621
2019-10-23,momentum_20,60,-0.11178040559119949
2019-10-24,momentum_20,60,-0.1105446603899584
2019-10-25,momentum_20,60,-0.10949704225424314
2019-10-28,momentum_20,60,-0.10622593667913968
2019-10-29,momentum_20,60,-0.1016527674766239
2019-10-30,momentum_20,60,-0.10058806621109508
2019-10-31,momentum_20,60,-0.0996534994571478
2019-11-01,momentum_20,60,-0.10040063081514271
2019-11-04,momentum_20,60,-0.10357365496466618
2019-11-05,momentum_20,60,-0.1058140258614244
2019-11-06,momentum_20,60,-0.10459839526363458
2019-11-07,momentum_20,60,-0.1056498080637827
2019-11-08,momentum_20,60,-0.10276784570699529
2019-11-11,momentum_20,60,-0.10148981885384864
2019-11-12,momentum_20,60,-0.1034264364604473
2019-11-13,momentum_20,60,-0.10370925701393537
2019-11-14,momentum_20,60,-0.1042684085445001
2019-11-15,momentum_20,60,-0.10569988936034935
2019-11-18,momentum_20,60,-0.10813441487061701
2019-11-19,momentum_20,60,-0.11095930636371433
2019-11-20,momentum_20,60,-0.11263282302131052
2019-11-21,momentum_20,60,-0.11007109004708811
2019-11-22,momentum_20,60,-0.10597828779663405
2019-11-25,momentum_20,60,-0.1020071102725775
2019-11-26,momentum_20,60,-0.09805720647453751
2019-11-27,momentum_20,60,-0.0951288030344902
2019-11-28,momentum_20,60,-0.09570130934877882
2019-11-29,momentum_20,60,-0.09384851985720825
2019-12-02,momentum_20,60,-0.09406203436625638
2019-12-03,momentum_20,60,-0.09416257116982722
2019-12-04,momentum_20,60,-0.09172792498349726
2019-12-05,momentum_20,60,-0.08855261877503202
2019-12-06,momentum_20,60,-0.08724405095975388
2019-12-09,momentum_20,60,-0.084555272959749
2019-12-10,momentum_20,60,-0.0757856645051877
2019-12-11,momentum_20,60,-0.07231033849519133
2019-12-12,momentum_20,60,-0.06873557221634766
2019-12-13,momentum_20,60,-0.06414572628952481
2019-12-16,momentum_20,60,-0.06483170402007842
2019-12-17,momentum_20,60,-0.06679738454951227
2019-12-18,momentum_20,60,-0.06553531091205217
2019-12-19,momentum_20,60,-0.06479213746687815
2019-12-20,momentum_20,60,-0.06370931803372507
2019-12-23,momentum_20,60,-0.06216290897852705
2019-12-24,momentum_20,60,-0.06029467301071374
2019-12-25,momentum_20,60,-0.06085710268745583
2019-12-26,momentum_20,60,-0.06454869032905171
2019-12-27,momentum_20,60,-0.06445356849874119
2019-12-30,momentum_20,60,-0.06422898061031163
2019-12-31,momentum_20,60,-0.06248292493694696
2020-01-02,momentum_20,60,-0.06070535799320633
2020-01-03,momentum_20,60,-0.06183159279538476
2020-01-06,momentum_20,60,-0.06477867953119061
2020-01-07,momentum_20,60,-0.06700486422297243
2020-01-08,momentum_20,60,-0.06656206446049136
2020-01-09,momentum_20,60,-0.06023823736836542
2020-01-10,momentum_20,60,-0.05404961531525395
2020-01-13,momentum_20,60,-0.04707642958558832
2020-01-14,momentum_20,60,-0.04010363771926131
2020-01-15,momentum_20,60,-0.03346007406770164
2020-01-16,momentum_20,60,-0.030703424890046786
2020-01-17,momentum_20,60,-0.029777104387145766
2020-01-20,momentum_20,60,-0.026823870372774516
2020-01-21,momentum_20,60,-0.02296500205132941
2020-01-22,momentum_20,60,-0.019425470084591515
2020-01-23,momentum_20,60,-0.014504812912710026
2020-02-03,momentum_20,60,-0.009300428307765885
2020-02-04,momentum_20,60,-0.00909094546872054
2020-02-05,momentum_20,60,-0.006498000630184956
2020-02-06,momentum_20,60,-0.006687716945963913
2020-02-07,momentum_20,60,-0.008919994885970013
2020-02-10,momentum_20,60,-0.00827181158691132
2020-02-11,momentum_20,60,-0.008622063237098103
2020-02-12,momentum_20,60,-0.008326269686513451
2020-02-13,momentum_20,60,-0.009007151087764507
2020-02-14,momentum_20,60,-0.008163680914926176
2020-02-17,momentum_20,60,-0.0042871422393729415
2020-02-18,momentum_20,60,0.004528346114687178
2020-02-19,momentum_20,60,0.010677998383852146
2020-02-20,momentum_20,60,0.01553946060684079
2020-02-21,momentum_20,60,0.019331177814745373
2020-02-24,momentum_20,60,0.017400610648635607
2020-02-25,momentum_20,60,0.011924908828363568
2020-02-26,momentum_20,60,0.006032518720243729
2020-02-27,momentum_20,60,6.5917902148759e-05
2020-02-28,momentum_20,60,-0.004384082585733595
2020-03-02,momentum_20,60,-0.010123883855696132
2020-03-03,momentum_20,60,-0.013881207178013917
2020-03-04,momentum_20,60,-0.015734443129429114
2020-03-05,momentum_20,60,-0.01721722720156371
2020-03-06,momentum_20,60,-0.01591143231723801
2020-03-09,momentum_20,60,-0.01651415703211883
2020-03-10,momentum_20,60,-0.017070704721083782
2020-03-11,momentum_20,60,-0.02032377661863958
2020-03-12,momentum_20,60,-0.021014267577007868
2020-03-13,momentum_20,60,-0.021796485396198488
2020-03-16,momentum_20,60,-0.023616599849807365
2020-03-17,momentum_20,60,-0.023626479271872856
2020-03-18,momentum_20,60,-0.019657490102401375
2020-03-19,momentum_20,60,-0.016813078889038876
2020-03-20,momentum_20,60,-0.01335401111402832
2020-03-23,momentum_20,60,-0.007551874830623051
2020-03-24,momentum_20,60,-0.0029538945682101875
2020-03-25,momentum_20,60,0.0025109991333262275
2020-03-26,momentum_20,60,0.005379307905226382
2020-03-27,momentum_20,60,0.009576339768553882
2020-03-30,momentum_20,60,0.007324207913555476
2020-03-31,momentum_20,60,-0.0027228395718875632
2020-04-01,momentum_20,60,-0.009933778695407177
2020-04-02,momentum_20,60,-0.011856305375168193
2020-04-03,momentum_20,60,-0.016714208203604607
2020-04-07,momentum_20,60,-0.017501176774543676
2020-04-08,momentum_20,60,-0.01567409831775885
2020-04-09,momentum_20,60,-0.01636779416945002
2020-04-10,momentum_20,60,-0.018384639284487393
2020-04-13,momentum_20,60,-0.02315961767347972
2020-04-14,momentum_20,60,-0.026869621033618316
2020-04-15,momentum_20,60,-0.02838929231624976
2020-04-16,momentum_20,60,-0.02563733377055917
2020-04-17,momentum_20,60,-0.024942948669357458
2020-04-20,momentum_20,60,-0.020275943281288015
2020-04-21,momentum_20,60,-0.016015266842419676
2020-04-22,momentum_20,60,-0.014948552172005547
2020-04-23,momentum_20,60,-0.02018406016979385
2020-04-24,momentum_20,60,-0.026376402197644463
2020-04-27,momentum_20,60,-0.0349640059023111
2020-04-28,momentum_20,60,-0.04171302905604561
2020-04-29,momentum_20,60,-0.0403475827582939
2020-04-30,momentum_20,60,-0.03881925293920576
2020-05-06,momentum_20,60,-0.038353023809271275
2020-05-07,momentum_20,60,-0.0367700656200919
2020-05-08,momentum_20,60,-0.037797769356831906
2020-05-11,momentum_20,60,-0.04011707638027608
2020-05-12,momentum_20,60,-0.039405421952978435
2020-05-13,momentum_20,60,-0.03703996819868525
2020-05-14,momentum_20,60,-0.03710951716676473
2020-05-15,momentum_20,60,-0.04048411511111541
2020-05-18,momentum_20,60,-0.04699199015823581
2020-05-19,momentum_20,60,-0.05139801972232853
2020-05-20,momentum_20,60,-0.056290907119258056
2020-05-21,momentum_20,60,-0.05788608209793921
2020-05-22,momentum_20,60,-0.05528953886653486
2020-05-25,momentum_20,60,-0.049305688653745766
2020-05-26,momentum_20,60,-0.043706753035117764
2020-05-27,momentum_20,60,-0.036942587498844395
2020-05-28,momentum_20,60,-0.032659249796938815
2020-05-29,momentum_20,60,-0.030141209943409082
2020-06-01,momentum_20,60,-0.03065500357262739
2020-06-02,momentum_20,60,-0.028688958047364883
2020-06-03,momentum_20,60,-0.02552710130078433
2020-06-04,momentum_20,60,-0.027634089483134665
2020-06-05,momentum_20,60,-0.02752047574047452
2020-06-08,momentum_20,60,-0.026978778558667746
2020-06-09,momentum_20,60,-0.025150815625656072
2020-06-10,momentum_20,60,-0.025210519856510998
2020-06-11,momentum_20,60,-0.023537380453742342
2020-06-12,momentum_20,60,-0.02083507282373724
2020-06-15,momentum_20,60,-0.0227435031725846
2020-06-16,momentum_20,60,-0.023531126717747354
2020-06-17,momentum_20,60,-0.026175458540556425
2020-06-18,momentum_20,60,-0.029191869821637177
2020-06-19,momentum_20,60,-0.03061547843233335
2020-06-22,momentum_20,60,-0.03255217649169827
2020-06-23,momentum_20,60,-0.03625689681804487
2020-06-24,momentum_20,60,-0.03639447843220965
2020-06-29,momentum_20,60,-0.04115802642572721
2020-06-30,momentum_20,60,-0.036984215385097316
2020-07-01,momentum_20,60,-0.029055835524766798
2020-07-02,momentum_20,60,-0.02397890166805237
2020-07-03,momentum_20,60,-0.02265618628234781
2020-07-06,momentum_20,60,-0.020443334909880425
2020-07-07,momentum_20,60,-0.02143319455805533
2020-07-08,momentum_20,60,-0.028273630569668213
2020-07-09,momentum_20,60,-0.03268882719984646
2020-07-10,momentum_20,60,-0.03503040910589639
2020-07-13,momentum_20,60,-0.0360700098505068
2020-07-14,momentum_20,60,-0.03698885248299864
2020-07-15,momentum_20,60,-0.03714589517704157
2020-07-16,momentum_20,60,-0.03867669910067137
2020-07-17,momentum_20,60,-0.0421046779011484
2020-07-20,momentum_20,60,-0.04731562997392537
2020-07-21,momentum_20,60,-0.05118575926747539
2020-07-22,momentum_20,60,-0.05463418145773171
2020-07-23,momentum_20,60,-0.053849083946535585
2020-07-24,momentum_20,60,-0.05075840657741371
2020-07-27,momentum_20,60,-0.04816087259568246
2020-07-28,momentum_20,60,-0.04584057007003704
2020-07-29,momentum_20,60,-0.0430005236850444
2020-07-30,momentum_20,60,-0.042951920558515724
2020-07-31,momentum_20,60,-0.03959372855038163
2020-08-03,momentum_20,60,-0.035548551105185955
2020-08-04,momentum_20,60,-0.03157828277191864
2020-08-05,momentum_20,60,-0.030173597488192937
2020-08-06,momentum_20,60,-0.031134713802551162
2020-08-07,momentum_20,60,-0.0340739823299344
2020-08-10,momentum_20,60,-0.03264647201497454
2020-08-11,momentum_20,60,-0.032824902114109385
2020-08-12,momentum_20,60,-0.03361130903427389
2020-08-13,momentum_20,60,-0.036118252745766966
2020-08-14,momentum_20,60,-0.036137941603090994
2020-08-17,momentum_20,60,-0.03919403140187924
2020-08-18,momentum_20,60,-0.042223767524045906
2020-08-19,momentum_20,60,-0.046108969181350726
2020-08-20,momentum_20,60,-0.04963516876659295
2020-08-21,momentum_20,60,-0.0531848694183674
2020-08-24,momentum_20,60,-0.05432145674200845
2020-08-25,momentum_20,60,-0.05031094855126475
2020-08-26,momentum_20,60,-0.04796612202240889
2020-08-27,momentum_20,60,-0.045342969405625516
2020-08-28,momentum_20,60,-0.04550578122891125
2020-08-31,momentum_20,60,-0.045012454170421115
2020-09-01,momentum_20,60,-0.04546742371398548
2020-09-02,momentum_20,60,-0.042932953817458396
2020-09-03,momentum_20,60,-0.04326622877414377
2020-09-04,momentum_20,60,-0.044809838375008224
2020-09-07,momentum_20,60,-0.04660468393923578
2020-09-08,momentum_20,60,-0.0518566098988934
2020-09-09,momentum_20,60,-0.055085637081400095
2020-09-10,momentum_20,60,-0.05699708933483956
2020-09-11,momentum_20,60,-0.059615428428697825
2020-09-14,momentum_20,60,-0.06806445038480269
2020-09-15,momentum_20,60,-0.0772466593037729
2020-09-16,momentum_20,60,-0.08399741091216004
2020-09-17,momentum_20,60,-0.09020553010898101
2020-09-18,momentum_20,60,-0.09314164926254002
2020-09-21,momentum_20,60,-0.0916027106125105
2020-09-22,momentum_20,60,-0.0883212808867191
2020-09-23,momentum_20,60,-0.08573057783501238
2020-09-24,momentum_20,60,-0.08196700745257157
2020-09-25,momentum_20,60,-0.08329265626527557
2020-09-28,momentum_20,60,-0.08445321971993763
2020-09-29,momentum_20,60,-0.0844457015542225
2020-09-30,momentum_20,60,-0.07983088292688463
2020-10-09,momentum_20,60,-0.0734384238067812
2020-10-12,momentum_20,60,-0.06995125804486735
2020-10-13,momentum_20,60,-0.07000135352048736
2020-10-14,momentum_20,60,-0.07226721239428044
2020-10-15,momentum_20,60,-0.07866390062773863
2020-10-16,momentum_20,60,-0.08512843471957941
2020-10-19,momentum_20,60,-0.08633480936767572
2020-10-20,momentum_20,60,-0.08323113982103916
2020-10-21,momentum_20,60,-0.08149918888004369
2020-10-22,momentum_20,60,-0.08126819377725925
2020-10-23,momentum_20,60,-0.08255631217061656
2020-10-26,momentum_20,60,-0.08286786381294389
2020-10-27,momentum_20,60,-0.08232333810943156
2020-10-28,momentum_20,60,-0.08173217454272456
2020-10-29,momentum_20,60,-0.0826205139603049
2020-10-30,momentum_20,60,-0.08262548820911177
2020-11-02,momentum_20,60,-0.08880640132269134
2020-11-03,momentum_20,60,-0.09495961136962879
2020-11-04,momentum_20,60,-0.10287017432192679
2020-11-05,momentum_20,60,-0.10804296935566562
2020-11-06,momentum_20,60,-0.11047831900922297
2020-11-09,momentum_20,60,-0.10701344931496867
2020-11-10,momentum_20,60,-0.10464055071659119
2020-11-11,momentum_20,60,-0.09941270331583828
2020-11-12,momentum_20,60,-0.09681309214179298
2020-11-13,momentum_20,60,-0.0916185515043952
2020-11-16,momentum_20,60,-0.08955492503968047
2020-11-17,momentum_20,60,-0.08765918837282755
2020-11-18,momentum_20,60,-0.08564777321128123
2020-11-19,momentum_20,60,-0.08039463004979865
2020-11-20,momentum_20,60,-0.07626040068194047
2020-11-23,momentum_20,60,-0.07262784416910098
2020-11-24,momentum_20,60,-0.06861614015759425
2020-11-25,momentum_20,60,-0.06866705581295712
2020-11-26,momentum_20,60,-0.07156641657237836
2020-11-27,momentum_20,60,-0.07779996517730843
2020-11-30,momentum_20,60,-0.08140605122922401
2020-12-01,momentum_20,60,-0.08203898736330138
2020-12-02,momentum_20,60,-0.08338539327229202
2020-12-03,momentum_20,60,-0.08569413152378588
2020-12-04,momentum_20,60,-0.08406986930723721
2020-12-07,momentum_20,60,-0.07963201446800336
2020-12-08,momentum_20,60,-0.07617615010025698
2020-12-09,momentum_20,60,-0.06948541999474035
2020-12-10,momentum_20,60,-0.06286952940837011
2020-12-11,momentum_20,60,-0.05745069851923665
2020-12-14,momentum_20,60,-0.05115093170800853
2020-12-15,momentum_20,60,-0.037879237262301066
2020-12-16,momentum_20,60,-0.027407940432848967
2020-12-17,momentum_20,60,-0.017489510708822865
2020-12-18,momentum_20,60,-0.006422907838633313
2020-12-21,momentum_20,60,0.003566400673002519
2020-12-22,momentum_20,60,0.010505456973392582
2020-12-23,momentum_20,60,0.011888384668048375
2020-12-24,momentum_20,60,0.011776922966078447
2020-12-25,momentum_20,60,0.009694908809493034
2020-12-28,momentum_20,60,0.007574050672423074
2020-12-29,momentum_20,60,0.012319247405812734
2020-12-30,momentum_20,60,0.020310822658954338
2020-12-31,momentum_20,60,0.02737188144580971
2021-01-04,momentum_20,60,0.03224321834758735
2021-01-05,momentum_20,60,0.04164138211250395
2021-01-06,momentum_20,60,0.05205893778072918
2021-01-07,momentum_20,60,0.05471258175447561
2021-01-08,momentum_20,60,0.057749773909598456
2021-01-11,momentum_20,60,0.056203345447327885
2021-01-12,momentum_20,60,0.048342992192415495
2021-01-13,momentum_20,60,0.03706752098659129
2021-01-14,momentum_20,60,0.030147167929727953
2021-01-15,momentum_20,60,0.029746145192003595
2021-01-18,momentum_20,60,0.03189925610271251
2021-01-19,momentum_20,60,0.03267132457673343
2021-01-20,momentum_20,60,0.03198670471858279
2021-01-21,momentum_20,60,0.028218221176974534
2021-01-22,momentum_20,60,0.024383886717404282
2021-01-25,momentum_20,60,0.020639523188016987
2021-01-26,momentum_20,60,0.02606746241135022
2021-01-27,momentum_20,60,0.029575406673873744
2021-01-28,momentum_20,60,0.0361027185069505
2021-01-29,momentum_20,60,0.041691364801081626
2021-02-01,momentum_20,60,0.04645760274127105
2021-02-02,momentum_20,60,0.048172845131526
2021-02-03,momentum_20,60,0.047477764898370495
2021-02-04,momentum_20,60,0.041321146755499506
2021-02-05,momentum_20,60,0.03328339801994566
2021-02-08,momentum_20,60,0.024083170495006963
2021-02-09,momentum_20,60,0.018501135894803962
2021-02-10,momentum_20,60,0.01461980511378721
2021-02-18,momentum_20,60,0.010789161881042286
2021-02-19,momentum_20,60,0.005846917480444662
2021-02-22,momentum_20,60,0.0019084203639082354
2021-02-23,momentum_20,60,-0.002934011632451192
2021-02-24,momentum_20,60,-0.004699987427157505
2021-02-25,momentum_20,60,-0.003907058720702186
2021-02-26,momentum_20,60,0.0016447293615565312
2021-03-01,momentum_20,60,0.008465810814096563
2021-03-02,momentum_20,60,0.013679561692767787
2021-03-03,momentum_20,60,0.01596686746756163
2021-03-04,momentum_20,60,0.018227959423257355
2021-03-05,momentum_20,60,0.019151820243421887
2021-03-08,momentum_20,60,0.01900896030293187
2021-03-09,momentum_20,60,0.01741885317972018
2021-03-10,momentum_20,60,0.016361402519258123
2021-03-11,momentum_20,60,0.013710610856109383
2021-03-12,momentum_20,60,0.010815383251129676
2021-03-15,momentum_20,60,0.006449233123010671
2021-03-16,momentum_20,60,3.787357403725831e-05
2021-03-17,momentum_20,60,-0.006049690973634679
2021-03-18,momentum_20,60,-0.011255785770251846
2021-03-19,momentum_20,60,-0.020824819041236595
2021-03-22,momentum_20,60,-0.028843615090454914
2021-03-23,momentum_20,60,-0.0387990751125463
2021-03-24,momentum_20,60,-0.04554148978858847
2021-03-25,momentum_20,60,-0.05132584905173999
2021-03-26,momentum_20,60,-0.05372247784687752
2021-03-29,momentum_20,60,-0.056033708719083995
2021-03-30,momentum_20,60,-0.055277718910983216
2021-03-31,momentum_20,60,-0.06030371075339805
2021-04-01,momentum_20,60,-0.06700065947683743
2021-04-02,momentum_20,60,-0.07184623461238125
2021-04-06,momentum_20,60,-0.07873794331184619
2021-04-07,momentum_20,60,-0.08590796377026594
2021-04-08,momentum_20,60,-0.09180114684524036
2021-04-09,momentum_20,60,-0.09025092404044065
2021-04-12,momentum_20,60,-0.08982046187357294
2021-04-13,momentum_20,60,-0.08658736679420365
2021-04-14,momentum_20,60,-0.08000843308991351
2021-04-15,momentum_20,60,-0.07260129191505817
2021-04-16,momentum_20,60,-0.06772486237331192
2021-04-19,momentum_20,60,-0.0671231831828572
2021-04-20,momentum_20,60,-0.06636531762142096
2021-04-21,momentum_20,60,-0.06513206307368762
2021-04-22,momentum_20,60,-0.06518297103772429
2021-04-23,momentum_20,60,-0.06236699463951021
2021-04-26,momentum_20,60,-0.059406830988055895
2021-04-27,momentum_20,60,-0.058187466463842215
2021-04-28,momentum_20,60,-0.06042830138175215
2021-04-29,momentum_20,60,-0.06302029222724564
2021-04-30,momentum_20,60,-0.06727695248011356
2021-05-06,momentum_20,60,-0.06791688380706318
2021-05-07,momentum_20,60,-0.06898802422935331
2021-05-10,momentum_20,60,-0.07251380785222064
2021-05-11,momentum_20,60,-0.07304807407731431
2021-05-12,momentum_20,60,-0.07128119655474453
2021-05-13,momentum_20,60,-0.06219831065042017
2021-05-14,momentum_20,60,-0.04933917300217095
2021-05-17,momentum_20,60,-0.039878297018551154
2021-05-18,momentum_20,60,-0.03214845985650097
2021-05-19,momentum_20,60,-0.028156026649404583
2021-05-20,momentum_20,60,-0.02717009478435794
2021-05-21,momentum_20,60,-0.02861345889328193
2021-05-24,momentum_20,60,-0.0277333867221463
2021-05-25,momentum_20,60,-0.031017483197436156
2021-05-26,momentum_20,60,-0.035129462134776177
2021-05-27,momentum_20,60,-0.03810644684517613
2021-05-28,momentum_20,60,-0.042219177413425166
2021-05-31,momentum_20,60,-0.04828896180130089
2021-06-01,momentum_20,60,-0.05225271653504673
2021-06-02,momentum_20,60,-0.056329404606895714
2021-06-03,momentum_20,60,-0.05702544654276343
2021-06-04,momentum_20,60,-0.0592053993017447
2021-06-07,momentum_20,60,-0.0615581724092616
2021-06-08,momentum_20,60,-0.0632966792799153
2021-06-09,momentum_20,60,-0.06024440890082162
2021-06-10,momentum_20,60,-0.05542877876560803
2021-06-11,momentum_20,60,-0.05098909076429419
2021-06-15,momentum_20,60,-0.043933684146710776
2021-06-16,momentum_20,60,-0.04194767966072052
2021-06-17,momentum_20,60,-0.04232193917334708
2021-06-18,momentum_20,60,-0.03933041364031374
2021-06-21,momentum_20,60,-0.038490800384425254
2021-06-22,momentum_20,60,-0.036442757889013674
2021-06-23,momentum_20,60,-0.0330062858926967
2021-06-24,momentum_20,60,-0.03121138773907405
2021-06-25,momentum_20,60,-0.029675106214368065
2021-06-28,momentum_20,60,-0.02518984711352027
2021-06-29,momentum_20,60,-0.023384659523975424
2021-06-30,momentum_20,60,-0.0202221502023167
2021-07-01,momentum_20,60,-0.016730255847786736
2021-07-02,momentum_20,60,-0.015058235680384106
2021-07-05,momentum_20,60,-0.009705109964610463
2021-07-06,momentum_20,60,-0.005117204327533185
2021-07-07,momentum_20,60,-0.003441465685015566
2021-07-08,momentum_20,60,-0.0033177335811682353
2021-07-09,momentum_20,60,-0.00012086884323296466
2021-07-12,momentum_20,60,0.002329983120668942
2021-07-13,momentum_20,60,0.0060718179446808485
2021-07-14,momentum_20,60,0.011974461011744266
2021-07-15,momentum_20,60,0.01685843934703703
2021-07-16,momentum_20,60,0.021590159730968124
2021-07-19,momentum_20,60,0.024302773071368917
2021-07-20,momentum_20,60,0.02496595605591532
2021-07-21,momentum_20,60,0.02620997106773578
2021-07-22,momentum_20,60,0.028346384755627545
2021-07-23,momentum_20,60,0.029885366144484844
2021-07-26,momentum_20,60,0.02985515854113924
2021-07-27,momentum_20,60,0.029752541658051208
2021-07-28,momentum_20,60,0.03553264458852235
2021-07-29,momentum_20,60,0.040327257374226384
2021-07-30,momentum_20,60,0.04289618001077773
2021-08-02,momentum_20,60,0.04296195747060792
2021-08-03,momentum_20,60,0.045424321352084955
2021-08-04,momentum_20,60,0.04379514792764634
2021-08-05,momentum_20,60,0.04311188427741388
2021-08-06,momentum_20,60,0.04060799224453705
2021-08-09,momentum_20,60,0.035067366869270505
2021-08-10,momentum_20,60,0.030596837457386932
2021-08-11,momentum_20,60,0.025467670730894086
2021-08-12,momentum_20,60,0.024658666279216167
2021-08-13,momentum_20,60,0.026460540814749176
2021-08-16,momentum_20,60,0.0343044125530592
2021-08-17,momentum_20,60,0.04127863213132077
2021-08-18,momentum_20,60,0.04607264064981199
2021-08-19,momentum_20,60,0.05022871716230412
2021-08-20,momentum_20,60,0.05257360779372944
2021-08-23,momentum_20,60,0.05627888519153665
2021-08-24,momentum_20,60,0.06289550362370637
2021-08-25,momentum_20,60,0.06807551707452507
2021-08-26,momentum_20,60,0.07722900450218151
2021-08-27,momentum_20,60,0.07891004010694444
2021-08-30,momentum_20,60,0.07683778237479745
2021-08-31,momentum_20,60,0.07282502883567446
2021-09-01,momentum_20,60,0.07187066368350954
2021-09-02,momentum_20,60,0.06636131310342866
2021-09-03,momentum_20,60,0.06304545261320357
2021-09-06,momentum_20,60,0.06051985109549391
2021-09-07,momentum_20,60,0.05631245800918394
2021-09-08,momentum_20,60,0.056570761795985566
2021-09-09,momentum_20,60,0.05586657734963361
2021-09-10,momentum_20,60,0.05473925181705771
2021-09-13,momentum_20,60,0.05769328424220514
2021-09-14,momentum_20,60,0.06005411011321444
2021-09-15,momentum_20,60,0.05836975494501842
2021-09-16,momentum_20,60,0.055755675762148425
2021-09-17,momentum_20,60,0.05200374852751697
2021-09-22,momentum_20,60,0.04506502395593022
2021-09-23,momentum_20,60,0.041745625240920674
2021-09-24,momentum_20,60,0.03827924127041779
2021-09-27,momentum_20,60,0.034310406651455815
2021-09-28,momentum_20,60,0.03157963882004079
2021-09-29,momentum_20,60,0.024364893706954674
2021-09-30,momentum_20,60,0.015429430071812533
2021-10-08,momentum_20,60,0.0072418603031616105
2021-10-11,momentum_20,60,0.002149745940259104
2021-10-12,momentum_20,60,-0.004746191093598917
2021-10-13,momentum_20,60,-0.008596073054898545
2021-10-14,momentum_20,60,-0.01352706080766571
2021-10-15,momentum_20,60,-0.019703778618293876
2021-10-18,momentum_20,60,-0.024769995227523132
2021-10-19,momentum_20,60,-0.03195587485893262
2021-10-20,momentum_20,60,-0.03468858671276407
2021-10-21,momentum_20,60,-0.03572113458679156
2021-10-22,momentum_20,60,-0.03569359647551895
2021-10-25,momentum_20,60,-0.03767835642114794
2021-10-26,momentum_20,60,-0.03730144505081042
2021-10-27,momentum_20,60,-0.03571104113769447
2021-10-28,momentum_20,60,-0.03437497558939242
2021-10-29,momentum_20,60,-0.0366910386919104
2021-11-01,momentum_20,60,-0.036825967424149876
2021-11-02,momentum_20,60,-0.039725053184904616
2021-11-03,momentum_20,60,-0.038519225905771615
2021-11-04,momentum_20,60,-0.03954286058560598
2021-11-05,momentum_20,60,-0.037020836224268626
2021-11-08,momentum_20,60,-0.035633245793646684
2021-11-09,momentum_20,60,-0.035404314964801585
2021-11-10,momentum_20,60,-0.034698972665336246
2021-11-11,momentum_20,60,-0.032712069893025275
2021-11-12,momentum_20,60,-0.028709970577390272
2021-11-15,momentum_20,60,-0.023905947909771186
2021-11-16,momentum_20,60,-0.02326335654343303
2021-11-17,momentum_20,60,-0.027984505840957626
2021-11-18,momentum_20,60,-0.03384769291363363
2021-11-19,momentum_20,60,-0.03678228547842896
2021-11-22,momentum_20,60,-0.037390048619156166
2021-11-23,momentum_20,60,-0.039032848639531985
2021-11-24,momentum_20,60,-0.04108391579172484
2021-11-25,momentum_20,60,-0.04539616241750181
2021-11-26,momentum_20,60,-0.048402080749433314
2021-11-29,momentum_20,60,-0.05653394523537622
2021-11-30,momentum_20,60,-0.06304888689731006
2021-12-01,momentum_20,60,-0.06454716060022166
2021-12-02,momentum_20,60,-0.06487877859373643
2021-12-03,momentum_20,60,-0.06892462070885735
2021-12-06,momentum_20,60,-0.07163388784825807
2021-12-07,momentum_20,60,-0.0762490348970093
2021-12-08,momentum_20,60,-0.08073979532731496
2021-12-09,momentum_20,60,-0.0798381339718896
2021-12-10,momentum_20,60,-0.08125450437483567
2021-12-13,momentum_20,60,-0.08004610745325169
2021-12-14,momentum_20,60,-0.07733026950446047
2021-12-15,momentum_20,60,-0.0760144433584464
2021-12-16,momentum_20,60,-0.07448511280954241
2021-12-17,momentum_20,60,-0.07196766938497136
2021-12-20,momentum_20,60,-0.06542305210738578
2021-12-21,momentum_20,60,-0.061314774529177524
2021-12-22,momentum_20,60,-0.05686951324996688
2021-12-23,momentum_20,60,-0.056259786884501325
2021-12-24,momentum_20,60,-0.05936479949437287
2021-12-27,momentum_20,60,-0.06050847299601434
2021-12-28,momentum_20,60,-0.05939065995104989
2021-12-29,momentum_20,60,-0.053939200074435215
2021-12-30,momentum_20,60,-0.04784858961074026
2021-12-31,momentum_20,60,-0.03942174977973165
2022-01-04,momentum_20,60,-0.032425102840325154
2022-01-05,momentum_20,60,-0.024633644311985812
2022-01-06,momentum_20,60,-0.017126626639089575
2022-01-07,momentum_20,60,-0.013856448160339652
2022-01-10,momentum_20,60,-0.01264830469223881
2022-01-11,momentum_20,60,-0.01776312017761077
2022-01-12,momentum_20,60,-0.018295827033859118
2022-01-13,momentum_20,60,-0.022432746142715117
2022-01-14,momentum_20,60,-0.02531285669982309
2022-01-17,momentum_20,60,-0.027874449998635184
2022-01-18,momentum_20,60,-0.028458060127635482
2022-01-19,momentum_20,60,-0.03369894303391099
2022-01-20,momentum_20,60,-0.03595906590973907
2022-01-21,momentum_20,60,-0.03883346377889743
2022-01-24,momentum_20,60,-0.04169187702650446
2022-01-25,momentum_20,60,-0.046095832597742636
2022-01-26,momentum_20,60,-0.045219984386487555
2022-01-27,momentum_20,60,-0.04615795956400589
2022-01-28,momentum_20,60,-0.04227236364833813
2022-02-07,momentum_20,60,-0.038924098513872865
2022-02-08,momentum_20,60,-0.03691416356867949
2022-02-09,momentum_20,60,-0.03230026680744243
2022-02-10,momentum_20,60,-0.03222786723035929
2022-02-11,momentum_20,60,-0.0367118954709278
2022-02-14,momentum_20,60,-0.040899125709225825
2022-02-15,momentum_20,60,-0.0445203934829913
2022-02-16,momentum_20,60,-0.04599062696788973
2022-02-17,momentum_20,60,-0.04709471981362752
2022-02-18,momentum_20,60,-0.048531955363692904
2022-02-21,momentum_20,60,-0.050899308420988415
2022-02-22,momentum_20,60,-0.056490735302973945
2022-02-23,momentum_20,60,-0.056863287705128863
2022-02-24,momentum_20,60,-0.05483407135078845
2022-02-25,momentum_20,60,-0.05263081061451835
2022-02-28,momentum_20,60,-0.0495330125006789
2022-03-01,momentum_20,60,-0.04338830972473827
2022-03-02,momentum_20,60,-0.03468228386251318
2022-03-03,momentum_20,60,-0.027524913726808396
2022-03-04,momentum_20,60,-0.019313626158860564
2022-03-07,momentum_20,60,-0.010747988531258738
2022-03-08,momentum_20,60,-0.002656661663386633
2022-03-09,momentum_20,60,0.0028482601515372563
2022-03-10,momentum_20,60,0.004743040786406963
2022-03-11,momentum_20,60,0.005236364225169742
2022-03-14,momentum_20,60,0.004356679330897174
2022-03-15,momentum_20,60,0.0018808412281615023
2022-03-16,momentum_20,60,-0.0032887480165004657
2022-03-17,momentum_20,60,-0.006815049416122829
2022-03-18,momentum_20,60,-0.009983780859973179
2022-03-21,momentum_20,60,-0.012955541493264949
2022-03-22,momentum_20,60,-0.012559052477995485
2022-03-23,momentum_20,60,-0.011653119718920028
2022-03-24,momentum_20,60,-0.011256531719000028
2022-03-25,momentum_20,60,-0.010834847886181899
2022-03-28,momentum_20,60,-0.005736902387598693
2022-03-29,momentum_20,60,-0.004714953874076859
2022-03-30,momentum_20,60,-0.004223870738187392
2022-03-31,momentum_20,60,-0.004547844960307829
2022-04-01,momentum_20,60,-0.005129222495771593
2022-04-06,momentum_20,60,-0.006680265807931416
2022-04-07,momentum_20,60,-0.006876507164063922
2022-04-08,momentum_20,60,-0.008781340929173468
2022-04-11,momentum_20,60,-0.01616314150322001
2022-04-12,momentum_20,60,-0.01800839391383561
2022-04-13,momentum_20,60,-0.01971699834232475
2022-04-14,momentum_20,60,-0.014057663363450658
2022-04-15,momentum_20,60,-0.010849572783672096
2022-04-18,momentum_20,60,-0.002853579979142072
2022-04-19,momentum_20,60,0.0028698632982732965
2022-04-20,momentum_20,60,0.005113489961348908
2022-04-21,momentum_20,60,0.005811947636350717
2022-04-22,momentum_20,60,0.0072070683433484465
2022-04-25,momentum_20,60,0.006134462514568239
2022-04-26,momentum_20,60,0.0030237546225075685
2022-04-27,momentum_20,60,0.0006630477881884464
2022-04-28,momentum_20,60,-0.0018765327124361042
2022-04-29,momentum_20,60,-0.006008162951096372
2022-05-05,momentum_20,60,-0.011629494918275763
2022-05-06,momentum_20,60,-0.01928008696822816
2022-05-09,momentum_20,60,-0.026816628016297597
2022-05-10,momentum_20,60,-0.02877507100106823
2022-05-11,momentum_20,60,-0.03327888822644867
2022-05-12,momentum_20,60,-0.03293847991173114
2022-05-13,momentum_20,60,-0.02934892444035627
2022-05-16,momentum_20,60,-0.02777675960706623
2022-05-17,momentum_20,60,-0.025955322874908926
2022-05-18,momentum_20,60,-0.023297411955834697
2022-05-19,momentum_20,60,-0.020305160571826342
2022-05-20,momentum_20,60,-0.016116032212237574
2022-05-23,momentum_20,60,-0.01108657917340051
2022-05-24,momentum_20,60,-0.007419695622480195
2022-05-25,momentum_20,60,-0.008471208567091684
2022-05-26,momentum_20,60,-0.010590105363906506
2022-05-27,momentum_20,60,-0.010528718553293844
2022-05-30,momentum_20,60,-0.013742794621957995
2022-05-31,momentum_20,60,-0.01885274696502736
2022-06-01,momentum_20,60,-0.026141196850341178
2022-06-02,momentum_20,60,-0.033236878802682716
2022-06-06,momentum_20,60,-0.039948063152269966
2022-06-07,momentum_20,60,-0.04295191569046065
2022-06-08,momentum_20,60,-0.04592828497541695
2022-06-09,momentum_20,60,-0.04598764486890093
2022-06-10,momentum_20,60,-0.04265793145694173
2022-06-13,momentum_20,60,-0.04365140111927822
2022-06-14,momentum_20,60,-0.04578975295736605
2022-06-15,momentum_20,60,-0.0451852340044743
2022-06-16,momentum_20,60,-0.040261531819876864
2022-06-17,momentum_20,60,-0.038081354177096204
2022-06-20,momentum_20,60,-0.03587411672107978
2022-06-21,momentum_20,60,-0.03121594097882632
2022-06-22,momentum_20,60,-0.03316089661378375
2022-06-23,momentum_20,60,-0.034276140398343036
2022-06-24,momentum_20,60,-0.036672592410475734
2022-06-27,momentum_20,60,-0.03606798805930673
2022-06-28,momentum_20,60,-0.040090464191898115
2022-06-29,momentum_20,60,-0.03849671309925008
2022-06-30,momentum_20,60,-0.04022530875474525
2022-07-01,momentum_20,60,-0.04416745152384493
2022-07-04,momentum_20,60,-0.04931688592712037
2022-07-05,momentum_20,60,-0.05473279346042783
2022-07-06,momentum_20,60,-0.06089009924803738
2022-07-07,momentum_20,60,-0.0620305698324284
2022-07-08,momentum_20,60,-0.055952440681878296
2022-07-11,momentum_20,60,-0.05358114172411374
2022-07-12,momentum_20,60,-0.05041337130726891
2022-07-13,momentum_20,60,-0.050338166959850786
2022-07-14,momentum_20,60,-0.05326699591366477
2022-07-15,momentum_20,60,-0.06053772164670162
2022-07-18,momentum_20,60,-0.067981081059721
2022-07-19,momentum_20,60,-0.06919351928828302
2022-07-20,momentum_20,60,-0.06997636789226738
2022-07-21,momentum_20,60,-0.06914175724274545
2022-07-22,momentum_20,60,-0.0653026534328758
2022-07-25,momentum_20,60,-0.0592396764104413
2022-07-26,momentum_20,60,-0.05531365081590621
2022-07-27,momentum_20,60,-0.05070725944732606
2022-07-28,momentum_20,60,-0.046981772726569365
2022-07-29,momentum_20,60,-0.045092575143214964
2022-08-01,momentum_20,60,-0.04338126191674319
2022-08-02,momentum_20,60,-0.04158356717447463
2022-08-03,momentum_20,60,-0.03781425056900878
2022-08-04,momentum_20,60,-0.032324640668736186
2022-08-05,momentum_20,60,-0.029852085394816357
2022-08-08,momentum_20,60,-0.02863254475228921
2022-08-09,momentum_20,60,-0.02660597343332922
2022-08-10,momentum_20,60,-0.03266137944005254
2022-08-11,momentum_20,60,-0.033803141331517704
2022-08-12,momentum_20,60,-0.03411079278132282
2022-08-15,momentum_20,60,-0.03534650788325779
2022-08-16,momentum_20,60,-0.03657118217806592
2022-08-17,momentum_20,60,-0.03643200265999713
2022-08-18,momentum_20,60,-0.03927330626743909
2022-08-19,momentum_20,60,-0.042397173859810594
2022-08-22,momentum_20,60,-0.045317269583462376
2022-08-23,momentum_20,60,-0.049007151954878585
2022-08-24,momentum_20,60,-0.049652755770932165
2022-08-25,momentum_20,60,-0.048439003216579964
2022-08-26,momentum_20,60,-0.04532261504522462
2022-08-29,momentum_20,60,-0.043120811620211516
2022-08-30,momentum_20,60,-0.04207804709204994
2022-08-31,momentum_20,60,-0.04378128026560938
2022-09-01,momentum_20,60,-0.045345147400672296
2022-09-02,momentum_20,60,-0.047653962690870286
2022-09-05,momentum_20,60,-0.048397409356744275
2022-09-06,momentum_20,60,-0.04578280340323815
2022-09-07,momentum_20,60,-0.04222841003585378
2022-09-08,momentum_20,60,-0.041248919342152565
2022-09-09,momentum_20,60,-0.03930281415545999
2022-09-13,momentum_20,60,-0.03722400706644548
2022-09-14,momentum_20,60,-0.03824345990246958
2022-09-15,momentum_20,60,-0.04082669011430049
2022-09-16,momentum_20,60,-0.041521378609042585
2022-09-19,momentum_20,60,-0.04091834310976165
2022-09-20,momentum_20,60,-0.037464885884146884
2022-09-21,momentum_20,60,-0.03225833702807716
2022-09-22,momentum_20,60,-0.0326194691441802
2022-09-23,momentum_20,60,-0.03216134563239568
2022-09-26,momentum_20,60,-0.028181410923316497
2022-09-27,momentum_20,60,-0.021810362909821544
2022-09-28,momentum_20,60,-0.019679828264544095
2022-09-29,momentum_20,60,-0.015620960871458499
2022-09-30,momentum_20,60,-0.01707170069782241
2022-10-10,momentum_20,60,-0.023744385162735575
2022-10-11,momentum_20,60,-0.029901611188722033
2022-10-12,momentum_20,60,-0.03265874692471215
2022-10-13,momentum_20,60,-0.033883672515191664
2022-10-14,momentum_20,60,-0.03237114465241559
2022-10-17,momentum_20,60,-0.028302836147061153
2022-10-18,momentum_20,60,-0.024525000248601967
2022-10-19,momentum_20,60,-0.023742559436397782
2022-10-20,momentum_20,60,-0.023417029930362543
2022-10-21,momentum_20,60,-0.022446196633535805
2022-10-24,momentum_20,60,-0.023730160538922428
2022-10-25,momentum_20,60,-0.026225230470170845
2022-10-26,momentum_20,60,-0.029660226903974303
2022-10-27,momentum_20,60,-0.03053616496469419
2022-10-28,momentum_20,60,-0.03748795151785202
2022-10-31,momentum_20,60,-0.042849508282686015
2022-11-01,momentum_20,60,-0.048231894200953286
2022-11-02,momentum_20,60,-0.05257342803359121
2022-11-03,momentum_20,60,-0.05855789378965993
2022-11-04,momentum_20,60,-0.06586395523583012
2022-11-07,momentum_20,60,-0.07189563000435657
2022-11-08,momentum_20,60,-0.07375998369382963
2022-11-09,momentum_20,60,-0.07536319766794801
2022-11-10,momentum_20,60,-0.0710373528787473
2022-11-11,momentum_20,60,-0.06983350634040103
2022-11-14,momentum_20,60,-0.06840693897188882
2022-11-15,momentum_20,60,-0.06687114147870912
2022-11-16,momentum_20,60,-0.06891568999750285
2022-11-17,momentum_20,60,-0.07129552528821466
2022-11-18,momentum_20,60,-0.06995525322033441
2022-11-21,momentum_20,60,-0.06962929275416566
2022-11-22,momentum_20,60,-0.06766092457380282
2022-11-23,momentum_20,60,-0.060470390749740845
2022-11-24,momentum_20,60,-0.0568962193727722
2022-11-25,momentum_20,60,-0.05498072335358531
2022-11-28,momentum_20,60,-0.05350139740900932
2022-11-29,momentum_20,60,-0.05542739255778716
2022-11-30,momentum_20,60,-0.05938092443798059
2022-12-01,momentum_20,60,-0.057112476550416715
2022-12-02,momentum_20,60,-0.05352366789192115
2022-12-05,momentum_20,60,-0.05393017436461924
2022-12-06,momentum_20,60,-0.050552946787136906
2022-12-07,momentum_20,60,-0.04852987672869114
2022-12-08,momentum_20,60,-0.051325198726105324
2022-12-09,momentum_20,60,-0.05240509582439815
2022-12-12,momentum_20,60,-0.054263340671548844
2022-12-13,momentum_20,60,-0.06128305820036956
2022-12-14,momentum_20,60,-0.06463770749519136
2022-12-15,momentum_20,60,-0.05929377614955087
2022-12-16,momentum_20,60,-0.06076357128223804
2022-12-19,momentum_20,60,-0.062300091964785545
2022-12-20,momentum_20,60,-0.06459309597377412
2022-12-21,momentum_20,60,-0.06984743896952696
2022-12-22,momentum_20,60,-0.07533015998835998
2022-12-23,momentum_20,60,-0.07852841122256882
2022-12-26,momentum_20,60,-0.08280816958451871
2022-12-27,momentum_20,60,-0.0886521618954301
2022-12-28,momentum_20,60,-0.08813479601387543
2022-12-29,momentum_20,60,-0.09026169629869281
2022-12-30,momentum_20,60,-0.09177598350694337
2023-01-03,momentum_20,60,-0.08652295348260551
2023-01-04,momentum_20,60,-0.0821417219538248
2023-01-05,momentum_20,60,-0.07905689759509808
2023-01-06,momentum_20,60,-0.07599296782006978
2023-01-09,momentum_20,60,-0.07475192977891466
2023-01-10,momentum_20,60,-0.07811536890189132
2023-01-11,momentum_20,60,-0.07946453307458624
2023-01-12,momentum_20,60,-0.08099128967275071
2023-01-13,momentum_20,60,-0.085683844671886
2023-01-16,momentum_20,60,-0.089325074808251
2023-01-17,momentum_20,60,-0.09345620403361503
2023-01-18,momentum_20,60,-0.09521875724029544
2023-01-19,momentum_20,60,-0.09640591809271908
2023-01-20,momentum_20,60,-0.09549223200624221
2023-01-30,momentum_20,60,-0.08737406808107898
2023-01-31,momentum_20,60,-0.07837820672625927
2023-02-01,momentum_20,60,-0.07024909381137866
2023-02-02,momentum_20,60,-0.06136125005162551
2023-02-03,momentum_20,60,-0.057167324019505
2023-02-06,momentum_20,60,-0.053136113438418384
2023-02-07,momentum_20,60,-0.05026311118359104
2023-02-08,momentum_20,60,-0.049939857599950566
2023-02-09,momentum_20,60,-0.05327976627323312
2023-02-10,momentum_20,60,-0.054128514146940934
2023-02-13,momentum_20,60,-0.05647693404452246
2023-02-14,momentum_20,60,-0.05833969635938308
2023-02-15,momentum_20,60,-0.06271954595515154
2023-02-16,momentum_20,60,-0.06251741316133895
2023-02-17,momentum_20,60,-0.05953700319467951
2023-02-20,momentum_20,60,-0.05971864991070725
2023-02-21,momentum_20,60,-0.058852088848379405
2023-02-22,momentum_20,60,-0.05775521433461524
2023-02-23,momentum_20,60,-0.05805339168456226
2023-02-24,momentum_20,60,-0.059843192917528126
2023-02-27,momentum_20,60,-0.06124559190299902
2023-02-28,momentum_20,60,-0.06462967502312217
2023-03-01,momentum_20,60,-0.06298402738299554
2023-03-02,momentum_20,60,-0.06346290798821443
2023-03-03,momentum_20,60,-0.06637119122077625
2023-03-06,momentum_20,60,-0.06715291894772166
2023-03-07,momentum_20,60,-0.06522459400967778
2023-03-08,momentum_20,60,-0.0653790007725466
2023-03-09,momentum_20,60,-0.06459171888494523
2023-03-10,momentum_20,60,-0.059337025771206496
2023-03-13,momentum_20,60,-0.05807896108440732
2023-03-14,momentum_20,60,-0.06065549462103102
2023-03-15,momentum_20,60,-0.057490943892525695
2023-03-16,momentum_20,60,-0.056847775270585696
2023-03-17,momentum_20,60,-0.060196472680842536
2023-03-20,momentum_20,60,-0.05867284218822732
2023-03-21,momentum_20,60,-0.05292206514544747
2023-03-22,momentum_20,60,-0.05031048673741109
2023-03-23,momentum_20,60,-0.04897780626118091
2023-03-24,momentum_20,60,-0.045133199824060055
2023-03-27,momentum_20,60,-0.042695879677171825
2023-03-28,momentum_20,60,-0.036946587428355535
2023-03-29,momentum_20,60,-0.030228124354661243
2023-03-30,momentum_20,60,-0.025079107390370288
2023-03-31,momentum_20,60,-0.021349735500391955
2023-04-03,momentum_20,60,-0.015521849552044777
2023-04-04,momentum_20,60,-0.015166079015913098
2023-04-06,momentum_20,60,-0.016204643076589694
2023-04-07,momentum_20,60,-0.017342856618036043
2023-04-10,momentum_20,60,-0.020594106750088714
2023-04-11,momentum_20,60,-0.02358571160003442
2023-04-12,momentum_20,60,-0.024828496089161788
2023-04-13,momentum_20,60,-0.02301135815859131
2023-04-14,momentum_20,60,-0.023140987436632232
2023-04-17,momentum_20,60,-0.018718132389488686
2023-04-18,momentum_20,60,-0.01488150042974195
2023-04-19,momentum_20,60,-0.011975180676247739
2023-04-20,momentum_20,60,-0.010967550676532163
2023-04-21,momentum_20,60,-0.006313354610934254
2023-04-24,momentum_20,60,-0.0062034977429423705
2023-04-25,momentum_20,60,-0.008483233628319627
2023-04-26,momentum_20,60,-0.01031937773229869
2023-04-27,momentum_20,60,-0.012103546025656196
2023-04-28,momentum_20,60,-0.016030393276537793
2023-05-04,momentum_20,60,-0.01655600037917101
2023-05-05,momentum_20,60,-0.015973303455822232
2023-05-08,momentum_20,60,-0.01483961893334628
2023-05-09,momentum_20,60,-0.014158892416880025
2023-05-10,momentum_20,60,-0.00811629216981622
2023-05-11,momentum_20,60,-0.007082700286798445
2023-05-12,momentum_20,60,-0.008637762450264848
2023-05-15,momentum_20,60,-0.011143842835542964
2023-05-16,momentum_20,60,-0.011500948167666954
2023-05-17,momentum_20,60,-0.014321366772640658
2023-05-18,momentum_20,60,-0.01656880471639942
2023-05-19,momentum_20,60,-0.01426539488138831
2023-05-22,momentum_20,60,-0.010801004646259773
2023-05-23,momentum_20,60,-0.012018818784767564
2023-05-24,momentum_20,60,-0.014389794167915354
2023-05-25,momentum_20,60,-0.01600643174999832
2023-05-26,momentum_20,60,-0.01603879231958693
2023-05-29,momentum_20,60,-0.014207571992403155
2023-05-30,momentum_20,60,-0.014230726510874456
2023-05-31,momentum_20,60,-0.01357590916527623
2023-06-01,momentum_20,60,-0.012962124770754447
2023-06-02,momentum_20,60,-0.015171737768544628
2023-06-05,momentum_20,60,-0.016604613246927146
2023-06-06,momentum_20,60,-0.015316723189104327
2023-06-07,momentum_20,60,-0.017765662340750443
2023-06-08,momentum_20,60,-0.02373451283288071
2023-06-09,momentum_20,60,-0.028075455887270437
2023-06-12,momentum_20,60,-0.026775856141050776
2023-06-13,momentum_20,60,-0.028395532150521593
2023-06-14,momentum_20,60,-0.03052109344424021
2023-06-15,momentum_20,60,-0.031576504697924314
2023-06-16,momentum_20,60,-0.03294577429714196
2023-06-19,momentum_20,60,-0.039218800058413446
2023-06-20,momentum_20,60,-0.04516711283331252
2023-06-21,momentum_20,60,-0.048037893237184624
2023-06-26,momentum_20,60,-0.0505242511116064
2023-06-27,momentum_20,60,-0.05268571366252079
2023-06-28,momentum_20,60,-0.05790494091190556
2023-06-29,momentum_20,60,-0.06303810602739185
2023-06-30,momentum_20,60,-0.06706566486469226
2023-07-03,momentum_20,60,-0.06723416544470152
2023-07-04,momentum_20,60,-0.06656249124735841
2023-07-05,momentum_20,60,-0.06827003544200606
2023-07-06,momentum_20,60,-0.06903154660626293
2023-07-07,momentum_20,60,-0.07290223149221219
2023-07-10,momentum_20,60,-0.07359549181640875
2023-07-11,momentum_20,60,-0.07071090357363155
2023-07-12,momentum_20,60,-0.06984822912047697
2023-07-13,momentum_20,60,-0.07142409478281336
2023-07-14,momentum_20,60,-0.06987504565655493
2023-07-17,momentum_20,60,-0.07146846783898772
2023-07-18,momentum_20,60,-0.07520478390028762
2023-07-19,momentum_20,60,-0.07486501531902395
2023-07-20,momentum_20,60,-0.0714729197123043
2023-07-21,momentum_20,60,-0.07082007596970451
2023-07-24,momentum_20,60,-0.06808368409646966
2023-07-25,momentum_20,60,-0.06366097425406471
2023-07-26,momentum_20,60,-0.06130010181744085
2023-07-27,momentum_20,60,-0.05999463032666933
2023-07-28,momentum_20,60,-0.06343743402995368
2023-07-31,momentum_20,60,-0.0673166750099134
2023-08-01,momentum_20,60,-0.07006387499556972
2023-08-02,momentum_20,60,-0.07109052011467705
2023-08-03,momentum_20,60,-0.07093734294686542
2023-08-04,momentum_20,60,-0.07109704947940722
2023-08-07,momentum_20,60,-0.06970915386062937
2023-08-08,momentum_20,60,-0.06577400711784658
2023-08-09,momentum_20,60,-0.06009024704691705
2023-08-10,momentum_20,60,-0.05594903684987169
2023-08-11,momentum_20,60,-0.05179412512442379
2023-08-14,momentum_20,60,-0.048600067285953764
2023-08-15,momentum_20,60,-0.04998451487809156
2023-08-16,momentum_20,60,-0.05546932998531794
2023-08-17,momentum_20,60,-0.05764187439860615
2023-08-18,momentum_20,60,-0.05786345756609127
2023-08-21,momentum_20,60,-0.05521240881620346
2023-08-22,momentum_20,60,-0.05639425544380481
2023-08-23,momentum_20,60,-0.061545397644867786
2023-08-24,momentum_20,60,-0.06337681472960109
2023-08-25,momentum_20,60,-0.065469551624545
2023-08-28,momentum_20,60,-0.06901334588904877
2023-08-29,momentum_20,60,-0.07160506187159268
2023-08-30,momentum_20,60,-0.0728963635190008
2023-08-31,momentum_20,60,-0.07616313263273483
2023-09-01,momentum_20,60,-0.07692876749630113
2023-09-04,momentum_20,60,-0.07561136687968537
2023-09-05,momentum_20,60,-0.07477424107310364
2023-09-06,momentum_20,60,-0.07483311297157007
2023-09-07,momentum_20,60,-0.07346806462422653
2023-09-08,momentum_20,60,-0.07510545115699645
2023-09-11,momentum_20,60,-0.07489855545224297
2023-09-12,momentum_20,60,-0.07533578204156445
2023-09-13,momentum_20,60,-0.07530547383485615
2023-09-14,momentum_20,60,-0.07199771875871457
2023-09-15,momentum_20,60,-0.06955616148137207
2023-09-18,momentum_20,60,-0.0625262856046969
2023-09-19,momentum_20,60,-0.06063339666292551
2023-09-20,momentum_20,60,-0.05937244165242859
2023-09-21,momentum_20,60,-0.05819210419381751
2023-09-22,momentum_20,60,-0.053951266416580296
2023-09-25,momentum_20,60,-0.05201583400118518
2023-09-26,momentum_20,60,-0.05092035057542886
2023-09-27,momentum_20,60,-0.04969151328232683
2023-09-28,momentum_20,60,-0.04236820553698511
2023-10-09,momentum_20,60,-0.031111304974416495
2023-10-10,momentum_20,60,-0.023148068137927795
2023-10-11,momentum_20,60,-0.020184818064276674
2023-10-12,momentum_20,60,-0.017793718411255686
2023-10-13,momentum_20,60,-0.023869320859770324
2023-10-16,momentum_20,60,-0.029292972004085736
2023-10-17,momentum_20,60,-0.03048106592645562
2023-10-18,momentum_20,60,-0.03030010802507293
2023-10-19,momentum_20,60,-0.029307510740464764
2023-10-20,momentum_20,60,-0.030277908473316704
2023-10-23,momentum_20,60,-0.03303037636887347
2023-10-24,momentum_20,60,-0.03810457762361495
2023-10-25,momentum_20,60,-0.04586888183239465
2023-10-26,momentum_20,60,-0.05151893504109111
2023-10-27,momentum_20,60,-0.053592868696180254
2023-10-30,momentum_20,60,-0.053273089659986755
2023-10-31,momentum_20,60,-0.05196195602427178
2023-11-01,momentum_20,60,-0.05141506657351686
2023-11-02,momentum_20,60,-0.05494242282540838
2023-11-03,momentum_20,60,-0.05690668010727461
2023-11-06,momentum_20,60,-0.05882399542459458
2023-11-07,momentum_20,60,-0.06034720557544174
2023-11-08,momentum_20,60,-0.0650745535674093
2023-11-09,momentum_20,60,-0.06784445962831469
2023-11-10,momentum_20,60,-0.06985450004546942
2023-11-13,momentum_20,60,-0.07022473412047299
2023-11-14,momentum_20,60,-0.06973583160355298
2023-11-15,momentum_20,60,-0.06414217321710955
2023-11-16,momentum_20,60,-0.056754466208162185
2023-11-17,momentum_20,60,-0.054177929003226676
2023-11-20,momentum_20,60,-0.05466355504132879
2023-11-21,momentum_20,60,-0.05437726153762194
2023-11-22,momentum_20,60,-0.050907742943560916
2023-11-23,momentum_20,60,-0.04386045539951156
2023-11-24,momentum_20,60,-0.03913075805167642
2023-11-27,momentum_20,60,-0.03037889383582508
2023-11-28,momentum_20,60,-0.021414964362671925
2023-11-29,momentum_20,60,-0.01722112287195715
2023-11-30,momentum_20,60,-0.013145142770983973
2023-12-01,momentum_20,60,-0.01034327988321818
2023-12-04,momentum_20,60,-0.00724068046669489
2023-12-05,momentum_20,60,-0.005572805097037873
2023-12-06,momentum_20,60,-0.0010104481889994007
2023-12-07,momentum_20,60,0.002741930681746754
2023-12-08,momentum_20,60,0.0046956353069524
2023-12-11,momentum_20,60,0.01232989802612957
2023-12-12,momentum_20,60,0.016883877073582344
2023-12-13,momentum_20,60,0.021491460797623305
2023-12-14,momentum_20,60,0.023454360946555796
2023-12-15,momentum_20,60,0.02154824306636136
2023-12-18,momentum_20,60,0.019038925285901585
2023-12-19,momentum_20,60,0.012349227258761192
2023-12-20,momentum_20,60,0.008702163832006404
2023-12-21,momentum_20,60,0.00562711155863137
2023-12-22,momentum_20,60,0.003964640384894877
2023-12-25,momentum_20,60,0.001766219669165649
2023-12-26,momentum_20,60,-0.0017740216470788852
2023-12-27,momentum_20,60,-0.004011430845207377
2023-12-28,momentum_20,60,-0.005630111322310738
2023-12-29,momentum_20,60,-0.009810047499626547
2024-01-02,momentum_20,60,-0.015557262881160251
2024-01-03,momentum_20,60,-0.020113043683708132
2024-01-04,momentum_20,60,-0.024188559991405414
2024-01-05,momentum_20,60,-0.02398144518634314
2024-01-08,momentum_20,60,-0.016390413347209868
2024-01-09,momentum_20,60,-0.01000001916262403
2024-01-10,momentum_20,60,-0.006127423058456051
2024-01-11,momentum_20,60,-0.0016961559180943097
2024-01-12,momentum_20,60,-0.0014481914249285142
2024-01-15,momentum_20,60,-0.0030780796097663547
2024-01-16,momentum_20,60,-0.004844166090602741
2024-01-17,momentum_20,60,-0.005122202875096197
2024-01-18,momentum_20,60,-0.004029977985299122
2024-01-19,momentum_20,60,-0.000596838748714818
2024-01-22,momentum_20,60,-0.0006632581625839688
2024-01-23,momentum_20,60,0.002871522898663625
2024-01-24,momentum_20,60,0.007347163066703868
2024-01-25,momentum_20,60,0.011811744629731802
2024-01-26,momentum_20,60,0.01845735778128902
2024-01-29,momentum_20,60,0.023386805285096957
2024-01-30,momentum_20,60,0.02737851893104839
2024-01-31,momentum_20,60,0.03464505781551799
2024-02-01,momentum_20,60,0.045484675543884384
2024-02-02,momentum_20,60,0.05017525784484069
2024-02-05,momentum_20,60,0.049275595354805635
2024-02-06,momentum_20,60,0.0399121463888567
2024-02-07,momentum_20,60,0.02494599210956919
2024-02-08,momentum_20,60,0.008850549366324413
2024-02-19,momentum_20,60,-0.007615751303412454
2024-02-20,momentum_20,60,-0.020589055839907156
2024-02-21,momentum_20,60,-0.026736575739870327
2024-02-22,momentum_20,60,-0.030673319118962924
2024-02-23,momentum_20,60,-0.030713673650821238
2024-02-26,momentum_20,60,-0.0269394565151877
2024-02-27,momentum_20,60,-0.021689769468511096
2024-02-28,momentum_20,60,-0.02916552738413223
2024-02-29,momentum_20,60,-0.035690103613993926
2024-03-01,momentum_20,60,-0.03787338014422801
2024-03-04,momentum_20,60,-0.043035996351278506
2024-03-05,momentum_20,60,-0.0517706018691155
2024-03-06,momentum_20,60,-0.05823261125394966
2024-03-07,momentum_20,60,-0.06132013560968229
2024-03-08,momentum_20,60,-0.0693937877934232
2024-03-11,momentum_20,60,-0.07489510614938545
2024-03-12,momentum_20,60,-0.07344686030720651
2024-03-13,momentum_20,60,-0.07122426394261915
2024-03-14,momentum_20,60,-0.06833300846217423
2024-03-15,momentum_20,60,-0.06647133290292966
2024-03-18,momentum_20,60,-0.06428524776157038
2024-03-19,momentum_20,60,-0.06115461445085853
2024-03-20,momentum_20,60,-0.06128940936673252
2024-03-21,momentum_20,60,-0.060697547595435226
2024-03-22,momentum_20,60,-0.058365494587681595
2024-03-25,momentum_20,60,-0.0549848126603645
2024-03-26,momentum_20,60,-0.05292371169609913
2024-03-27,momentum_20,60,-0.05335413313270638
2024-03-28,momentum_20,60,-0.05445494451506601
2024-03-29,momentum_20,60,-0.055744729486020855
2024-04-01,momentum_20,60,-0.05409185612645584
2024-04-02,momentum_20,60,-0.05369163721147729
2024-04-03,momentum_20,60,-0.05605747195483189
2024-04-08,momentum_20,60,-0.06033791234406803
2024-04-09,momentum_20,60,-0.06298579404918268
2024-04-10,momentum_20,60,-0.06764942035982281
2024-04-11,momentum_20,60,-0.07106051897151487
2024-04-12,momentum_20,60,-0.07240558276907093
2024-04-15,momentum_20,60,-0.07240418944356514
2024-04-16,momentum_20,60,-0.08184194896506637
2024-04-17,momentum_20,60,-0.08594176110221535
2024-04-18,momentum_20,60,-0.08875708624721347
2024-04-19,momentum_20,60,-0.09398172820061022
2024-04-22,momentum_20,60,-0.10149229022246516
2024-04-23,momentum_20,60,-0.10547025504377595
2024-04-24,momentum_20,60,-0.10789178512084173
2024-04-25,momentum_20,60,-0.10928163889448975
2024-04-26,momentum_20,60,-0.11047123482180182
2024-04-29,momentum_20,60,-0.10963652781918291
2024-04-30,momentum_20,60,-0.10842810329283041
2024-05-06,momentum_20,60,-0.10308494722359865
2024-05-07,momentum_20,60,-0.1003904788879325
2024-05-08,momentum_20,60,-0.10126753986111399
2024-05-09,momentum_20,60,-0.10752136044270312
2024-05-10,momentum_20,60,-0.11608647569439604
2024-05-13,momentum_20,60,-0.12423237501802922
2024-05-14,momentum_20,60,-0.12444410394678522
2024-05-15,momentum_20,60,-0.1183687835991441
2024-05-16,momentum_20,60,-0.10715126895347894
2024-05-17,momentum_20,60,-0.09563592801788752
2024-05-20,momentum_20,60,-0.08154844594985952
2024-05-21,momentum_20,60,-0.06934920139176712
2024-05-22,momentum_20,60,-0.06282435674048642
2024-05-23,momentum_20,60,-0.06005006700126935
2024-05-24,momentum_20,60,-0.061725813184338674
2024-05-27,momentum_20,60,-0.07030284658143707
2024-05-28,momentum_20,60,-0.08074478898885275
2024-05-29,momentum_20,60,-0.08242218922875469
2024-05-30,momentum_20,60,-0.0799013269552004
2024-05-31,momentum_20,60,-0.07904209116197758
2024-06-03,momentum_20,60,-0.07232165524043443
2024-06-04,momentum_20,60,-0.06601781865909888
2024-06-05,momentum_20,60,-0.061448062669494125
2024-06-06,momentum_20,60,-0.06473753874140396
2024-06-07,momentum_20,60,-0.05921361656861789
2024-06-11,momentum_20,60,-0.056006040209653475
2024-06-12,momentum_20,60,-0.05616268988876381
2024-06-13,momentum_20,60,-0.05916125677231809
2024-06-14,momentum_20,60,-0.06340891256714584
2024-06-17,momentum_20,60,-0.0660250081669278
2024-06-18,momentum_20,60,-0.06531001401846373
2024-06-19,momentum_20,60,-0.06586115896673492
2024-06-20,momentum_20,60,-0.06215917860053745
2024-06-21,momentum_20,60,-0.05751889203959077
2024-06-24,momentum_20,60,-0.058444597041578915
2024-06-25,momentum_20,60,-0.06109508699991154
2024-06-26,momentum_20,60,-0.06343610299817895
2024-06-27,momentum_20,60,-0.06495178828024113
2024-06-28,momentum_20,60,-0.06600548633448665
2024-07-01,momentum_20,60,-0.06443796406977521
2024-07-02,momentum_20,60,-0.06352348710271612
2024-07-03,momentum_20,60,-0.06381115746767219
2024-07-04,momentum_20,60,-0.06370886076492653
2024-07-05,momentum_20,60,-0.06241232750777852
2024-07-08,momentum_20,60,-0.060283322436124304
2024-07-09,momentum_20,60,-0.057881133609849894
2024-07-10,momentum_20,60,-0.05864188859026069
2024-07-11,momentum_20,60,-0.05973406562213347
2024-07-12,momentum_20,60,-0.06384978359784042
2024-07-15,momentum_20,60,-0.05975434477056183
2024-07-16,momentum_20,60,-0.057527384292426195
2024-07-17,momentum_20,60,-0.05440618875341457
2024-07-18,momentum_20,60,-0.04719336296855823
2024-07-19,momentum_20,60,-0.03849280495201734
2024-07-22,momentum_20,60,-0.029558900269097934
2024-07-23,momentum_20,60,-0.02508691351655664
2024-07-24,momentum_20,60,-0.027163396932495032
2024-07-25,momentum_20,60,-0.029516724830834274
2024-07-26,momentum_20,60,-0.03289885344565191
2024-07-29,momentum_20,60,-0.03911047663501442
2024-07-30,momentum_20,60,-0.04955991872711988
2024-07-31,momentum_20,60,-0.056429806534482714
2024-08-01,momentum_20,60,-0.06282035609545619
2024-08-02,momentum_20,60,-0.06646652797055036
2024-08-05,momentum_20,60,-0.06679847191262363
2024-08-06,momentum_20,60,-0.06550284612880802
2024-08-07,momentum_20,60,-0.06305087447938894
2024-08-08,momentum_20,60,-0.059209014204800875
2024-08-09,momentum_20,60,-0.054811817510454955
2024-08-12,momentum_20,60,-0.05397622536087017
2024-08-13,momentum_20,60,-0.05621877917414235
2024-08-14,momentum_20,60,-0.05544058694238373
2024-08-15,momentum_20,60,-0.05531044104293279
2024-08-16,momentum_20,60,-0.05636835575566559
2024-08-19,momentum_20,60,-0.05590832745865016
2024-08-20,momentum_20,60,-0.053353974997726754
2024-08-21,momentum_20,60,-0.05130698954809272
2024-08-22,momentum_20,60,-0.04778984379399203
2024-08-23,momentum_20,60,-0.049038032457767736
2024-08-26,momentum_20,60,-0.04809608034119906
2024-08-27,momentum_20,60,-0.05353103781732008
2024-08-28,momentum_20,60,-0.055809234911913606
2024-08-29,momentum_20,60,-0.05665379040950096
2024-08-30,momentum_20,60,-0.05074945778645675
2024-09-02,momentum_20,60,-0.05340888731187269
2024-09-03,momentum_20,60,-0.05422085995788788
2024-09-04,momentum_20,60,-0.05625305805511445
2024-09-05,momentum_20,60,-0.058804998346749855
2024-09-06,momentum_20,60,-0.05959334265053074
2024-09-09,momentum_20,60,-0.06204830757521536
2024-09-10,momentum_20,60,-0.06481701035886395
2024-09-11,momentum_20,60,-0.0645654819266879
2024-09-12,momentum_20,60,-0.06302605950780539
2024-09-13,momentum_20,60,-0.06651372742897418
2024-09-18,momentum_20,60,-0.06544339753558508
2024-09-19,momentum_20,60,-0.06566728128155279
2024-09-20,momentum_20,60,-0.06699601433362841
2024-09-23,momentum_20,60,-0.07052572588983677
2024-09-24,momentum_20,60,-0.07029876359801657
2024-09-25,momentum_20,60,-0.07352816922391539
2024-09-26,momentum_20,60,-0.07699955163475644
2024-09-27,momentum_20,60,-0.07826389280304248
2024-09-30,momentum_20,60,-0.0763669554293834
2024-10-08,momentum_20,60,-0.08313010279264495
2024-10-09,momentum_20,60,-0.08914629963962611
2024-10-10,momentum_20,60,-0.0916694156173217
2024-10-11,momentum_20,60,-0.08667862980204773
2024-10-14,momentum_20,60,-0.08217306161047978
2024-10-15,momentum_20,60,-0.07793863000878769
2024-10-16,momentum_20,60,-0.07215744843239383
2024-10-17,momentum_20,60,-0.07158951757048354
2024-10-18,momentum_20,60,-0.07382538933830565
2024-10-21,momentum_20,60,-0.0769040850296464
2024-10-22,momentum_20,60,-0.07761706607396239
2024-10-23,momentum_20,60,-0.08151159163590152
2024-10-24,momentum_20,60,-0.08318811704749998
2024-10-25,momentum_20,60,-0.08128774137579846
2024-10-28,momentum_20,60,-0.08114758134104347
2024-10-29,momentum_20,60,-0.08218612152072778
2024-10-30,momentum_20,60,-0.08095424239227617
2024-10-31,momentum_20,60,-0.08146516755430451
2024-11-01,momentum_20,60,-0.07977999762896208
2024-11-04,momentum_20,60,-0.07526391973840421
2024-11-05,momentum_20,60,-0.07514041169688432
2024-11-06,momentum_20,60,-0.07693197003920328
2024-11-07,momentum_20,60,-0.07878462065573787
2024-11-08,momentum_20,60,-0.08418088969012417
2024-11-11,momentum_20,60,-0.0897009449736876
2024-11-12,momentum_20,60,-0.09492826928637203
2024-11-13,momentum_20,60,-0.09653035473579136
2024-11-14,momentum_20,60,-0.09550711639135565
2024-11-15,momentum_20,60,-0.09334957478662094
2024-11-18,momentum_20,60,-0.09243817652282703
2024-11-19,momentum_20,60,-0.0895688161012753
2024-11-20,momentum_20,60,-0.0904211625493984
2024-11-21,momentum_20,60,-0.09051167263933155
2024-11-22,momentum_20,60,-0.09153225654502188
2024-11-25,momentum_20,60,-0.09181534647794563
2024-11-26,momentum_20,60,-0.09148326942713302
2024-11-27,momentum_20,60,-0.09391516522049122
2024-11-28,momentum_20,60,-0.09187218415659607
2024-11-29,momentum_20,60,-0.08902591715441531
2024-12-02,momentum_20,60,-0.08583845505889674
2024-12-03,momentum_20,60,-0.08715859616828331
2024-12-04,momentum_20,60,-0.08456625179675631
2024-12-05,momentum_20,60,-0.08716810467239955
2024-12-06,momentum_20,60,-0.08664467313466293
2024-12-09,momentum_20,60,-0.08770937871106858
2024-12-10,momentum_20,60,-0.09202829396212876
2024-12-11,momentum_20,60,-0.0939414166991722
2024-12-12,momentum_20,60,-0.09513776014242366
2024-12-13,momentum_20,60,-0.09908185705406838
2024-12-16,momentum_20,60,-0.10503655751676254
2024-12-17,momentum_20,60,-0.10514582709784379
2024-12-18,momentum_20,60,-0.10521168711505448
2024-12-19,momentum_20,60,-0.10283465434745093
2024-12-20,momentum_20,60,-0.10057013487965269
2024-12-23,momentum_20,60,-0.09508720703934373
2024-12-24,momentum_20,60,-0.09316674318398238
2024-12-25,momentum_20,60,-0.09426269763428848
2024-12-26,momentum_20,60,-0.09681721846785434
2024-12-27,momentum_20,60,-0.09954241026379967
2024-12-30,momentum_20,60,-0.10433118033481208
2024-12-31,momentum_20,60,-0.09835809158116884
2025-01-02,momentum_20,60,-0.09400423732914666
2025-01-03,momentum_20,60,-0.09296871258070821
2025-01-06,momentum_20,60,-0.0990214591196685
2025-01-07,momentum_20,60,-0.10783129422532019
2025-01-08,momentum_20,60,-0.11605716692059098
2025-01-09,momentum_20,60,-0.12313457349832653
2025-01-10,momentum_20,60,-0.12738616752576384
2025-01-13,momentum_20,60,-0.12894024901758375
2025-01-14,momentum_20,60,-0.1227859271511429
2025-01-15,momentum_20,60,-0.11855708535790653
2025-01-16,momentum_20,60,-0.11573876658111364
2025-01-17,momentum_20,60,-0.11508332023916543
2025-01-20,momentum_20,60,-0.11020441784548117
2025-01-21,momentum_20,60,-0.10934078323085192
2025-01-22,momentum_20,60,-0.11095655434113537
2025-01-23,momentum_20,60,-0.11353586257072991
2025-01-24,momentum_20,60,-0.11312278665913482
2025-01-27,momentum_20,60,-0.11652353795850061
2025-02-05,momentum_20,60,-0.11680046514757601
2025-02-06,momentum_20,60,-0.11507605538702241
2025-02-07,momentum_20,60,-0.11219598357740365
2025-02-10,momentum_20,60,-0.1050148617725339
2025-02-11,momentum_20,60,-0.10046703762147155
2025-02-12,momentum_20,60,-0.09427726347507684
2025-02-13,momentum_20,60,-0.08659820472672712
2025-02-14,momentum_20,60,-0.07998109675601967
2025-02-17,momentum_20,60,-0.07710967494776094
2025-02-18,momentum_20,60,-0.07609695131984617
2025-02-19,momentum_20,60,-0.07675865785623051
2025-02-20,momentum_20,60,-0.08164999373703104
2025-02-21,momentum_20,60,-0.0886501957218448
2025-02-24,momentum_20,60,-0.09483587817578747
2025-02-25,momentum_20,60,-0.0998283382951956
2025-02-26,momentum_20,60,-0.10422618345556187
2025-02-27,momentum_20,60,-0.10380031874074448
2025-02-28,momentum_20,60,-0.10014267178900432
2025-03-03,momentum_20,60,-0.09925778056188396
2025-03-04,momentum_20,60,-0.10036000503887585
2025-03-05,momentum_20,60,-0.10542216289594995
2025-03-06,momentum_20,60,-0.10923657131562557
2025-03-07,momentum_20,60,-0.11469464046497443
2025-03-10,momentum_20,60,-0.11697125314505054
2025-03-11,momentum_20,60,-0.12245091562156156
2025-03-12,momentum_20,60,-0.12387558266584221
2025-03-13,momentum_20,60,-0.12390850657489975
2025-03-14,momentum_20,60,-0.1222507716278647
2025-03-17,momentum_20,60,-0.12004960694853484
2025-03-18,momentum_20,60,-0.11961341184809621
2025-03-19,momentum_20,60,-0.11249461798415546
2025-03-20,momentum_20,60,-0.11007992240003528
2025-03-21,momentum_20,60,-0.10872339208872653
2025-03-24,momentum_20,60,-0.11047944180083334
2025-03-25,momentum_20,60,-0.11185666019056703
2025-03-26,momentum_20,60,-0.11615836425954575
2025-03-27,momentum_20,60,-0.11525490020593224
2025-03-28,momentum_20,60,-0.109790671753733
2025-03-31,momentum_20,60,-0.10414139553637121
2025-04-01,momentum_20,60,-0.09917759344607814
2025-04-02,momentum_20,60,-0.09358567312550022
2025-04-03,momentum_20,60,-0.08850937319454752
2025-04-07,momentum_20,60,-0.09173163438384001
2025-04-08,momentum_20,60,-0.09525273545748747
2025-04-09,momentum_20,60,-0.09519000898010845
2025-04-10,momentum_20,60,-0.09091908302564995
2025-04-11,momentum_20,60,-0.08534493256883977
2025-04-14,momentum_20,60,-0.08227316306575921
2025-04-15,momentum_20,60,-0.07758895081219008
2025-04-16,momentum_20,60,-0.07878734926348338
2025-04-17,momentum_20,60,-0.0835037839170434
2025-04-18,momentum_20,60,-0.08931889081806962
2025-04-21,momentum_20,60,-0.09206711424029909
2025-04-22,momentum_20,60,-0.09626347041057509
2025-04-23,momentum_20,60,-0.09965111598875463
2025-04-24,momentum_20,60,-0.1058784772712306
2025-04-25,momentum_20,60,-0.1092684036646794
2025-04-28,momentum_20,60,-0.11464208701135921
2025-04-29,momentum_20,60,-0.11779579556532135
2025-04-30,momentum_20,60,-0.12046159697318082
2025-05-06,momentum_20,60,-0.1246291393906856
2025-05-07,momentum_20,60,-0.1267994847047837
2025-05-08,momentum_20,60,-0.12874135670425957
2025-05-09,momentum_20,60,-0.13101454394837764
2025-05-12,momentum_20,60,-0.12951949713593514
2025-05-13,momentum_20,60,-0.1291015482819471
2025-05-14,momentum_20,60,-0.13150286445136353
2025-05-15,momentum_20,60,-0.1346970068436825
2025-05-16,momentum_20,60,-0.13682307844554256
2025-05-19,momentum_20,60,-0.1397622936303048
2025-05-20,momentum_20,60,-0.14005321167461726
2025-05-21,momentum_20,60,-0.13443776391620835
2025-05-22,momentum_20,60,-0.12536515156365163
2025-05-23,momentum_20,60,-0.11773885219289557
2025-05-26,momentum_20,60,-0.10918142247164828
2025-05-27,momentum_20,60,-0.10409545660937083
2025-05-28,momentum_20,60,-0.10483587829238504
2025-05-29,momentum_20,60,-0.1080041101003387
2025-05-30,momentum_20,60,-0.10830263942075648
2025-06-03,momentum_20,60,-0.10776479497408206
2025-06-04,momentum_20,60,-0.10812409807937474
2025-06-05,momentum_20,60,-0.10041726045746836
2025-06-06,momentum_20,60,-0.09268099855120086
2025-06-09,momentum_20,60,-0.0876979746704765
2025-06-10,momentum_20,60,-0.0848184492405663
2025-06-11,momentum_20,60,-0.08401818980401494
2025-06-12,momentum_20,60,-0.086476542542987
2025-06-13,momentum_20,60,-0.09048052963105915
2025-06-16,momentum_20,60,-0.09239111937897805
2025-06-17,momentum_20,60,-0.09331499976948734
2025-06-18,momentum_20,60,-0.09843766656948119
2025-06-19,momentum_20,60,-0.10284320187173822
2025-06-20,momentum_20,60,-0.10675998873539524
2025-06-23,momentum_20,60,-0.10760199315056317
2025-06-24,momentum_20,60,-0.10419124587470273
2025-06-25,momentum_20,60,-0.1010456626757714
2025-06-26,momentum_20,60,-0.10174924940933434
2025-06-27,momentum_20,60,-0.10392058332314964
2025-06-30,momentum_20,60,-0.10938674480014449
2025-07-01,momentum_20,60,-0.11195710875469755
2025-07-02,momentum_20,60,-0.11579846025440495
2025-07-03,momentum_20,60,-0.11905809240277013
2025-07-04,momentum_20,60,-0.11361516893409908
2025-07-07,momentum_20,60,-0.10990813745364322
2025-07-08,momentum_20,60,-0.1086344915084081
2025-07-09,momentum_20,60,-0.1122416685639123
2025-07-10,momentum_20,60,-0.11614847038244845
2025-07-11,momentum_20,60,-0.11731458189009787
2025-07-14,momentum_20,60,-0.11648161535941011
2025-07-15,momentum_20,60,-0.10910687013381094
2025-07-16,momentum_20,60,-0.10565541550942038
2025-07-17,momentum_20,60,-0.10335421327529244
2025-07-18,momentum_20,60,-0.10312649355371563
2025-07-21,momentum_20,60,-0.0999509971563022
2025-07-22,momentum_20,60,-0.09983427454041283
2025-07-23,momentum_20,60,-0.09091305225828304
2025-07-24,momentum_20,60,-0.08584768696067226
2025-07-25,momentum_20,60,-0.07621311425990074
2025-07-28,momentum_20,60,-0.07009809062407778
2025-07-29,momentum_20,60,-0.06710277744489125
2025-07-30,momentum_20,60,-0.0654532572446379
2025-07-31,momentum_20,60,-0.06435143419329094
2025-08-01,momentum_20,60,-0.06373617830981292
2025-08-04,momentum_20,60,-0.06588329400879028
2025-08-05,momentum_20,60,-0.06689670312087224
2025-08-06,momentum_20,60,-0.06746288772072093
2025-08-07,momentum_20,60,-0.06838681423472903
2025-08-08,momentum_20,60,-0.06819058084830325
2025-08-11,momentum_20,60,-0.06633163610008035
2025-08-12,momentum_20,60,-0.06708365623426231
2025-08-13,momentum_20,60,-0.06750864660815692
2025-08-14,momentum_20,60,-0.07176639704624625
2025-08-15,momentum_20,60,-0.07502976799109007
2025-08-18,momentum_20,60,-0.07775188464035418
2025-08-19,momentum_20,60,-0.08273457095797145
2025-08-20,momentum_20,60,-0.0857942827661246
2025-08-21,momentum_20,60,-0.08377796636230275
2025-08-22,momentum_20,60,-0.08345178843997202
2025-08-25,momentum_20,60,-0.08400533046698296
2025-08-26,momentum_20,60,-0.0845110679983945
2025-08-27,momentum_20,60,-0.08431513737920593
2025-08-28,momentum_20,60,-0.09420608071791392
2025-08-29,momentum_20,60,-0.10171563152314904
2025-09-01,momentum_20,60,-0.10443630601649692
2025-09-02,momentum_20,60,-0.10340249008189605
2025-09-03,momentum_20,60,-0.10276961128526686
2025-09-04,momentum_20,60,-0.09486066124687045
2025-09-05,momentum_20,60,-0.091181303014305
2025-09-08,momentum_20,60,-0.08835159032079365
2025-09-09,momentum_20,60,-0.08457269874416327
2025-09-10,momentum_20,60,-0.08073064683795021
2025-09-11,momentum_20,60,-0.07822917258702132
2025-09-12,momentum_20,60,-0.07322210660255554
2025-09-15,momentum_20,60,-0.07072352655378464
2025-09-16,momentum_20,60,-0.07167512317703631
2025-09-17,momentum_20,60,-0.07257733132250106
2025-09-18,momentum_20,60,-0.07192776323344625
2025-09-19,momentum_20,60,-0.07328310743611066
2025-09-22,momentum_20,60,-0.06760756748124883
2025-09-23,momentum_20,60,-0.0669425501076699
2025-09-24,momentum_20,60,-0.06523872181251691
2025-09-25,momentum_20,60,-0.06621209810248958
2025-09-26,momentum_20,60,-0.06778345975876739
2025-09-29,momentum_20,60,-0.06738875107522771
2025-09-30,momentum_20,60,-0.06714399857186525
2025-10-09,momentum_20,60,-0.06671584394918985
2025-10-10,momentum_20,60,-0.06616333534576556
2025-10-13,momentum_20,60,-0.06761124295773528
2025-10-14,momentum_20,60,-0.07086426100612657
2025-10-15,momentum_20,60,-0.07515795009489687
2025-10-16,momentum_20,60,-0.07717062805198029
2025-10-17,momentum_20,60,-0.07828562040016822
2025-10-20,momentum_20,60,-0.07716545016661347
2025-10-21,momentum_20,60,-0.07468568106668647
2025-10-22,momentum_20,60,-0.07119928528359622
2025-10-23,momentum_20,60,-0.07119339087245365
2025-10-24,momentum_20,60,-0.07253149326252323
2025-10-27,momentum_20,60,-0.07687494059791819
2025-10-28,momentum_20,60,-0.07841478745182617
2025-10-29,momentum_20,60,-0.07507234160775914
2025-10-30,momentum_20,60,-0.07012253926053015
2025-10-31,momentum_20,60,-0.060319219407787304
2025-11-03,momentum_20,60,-0.05324165661801865
2025-11-04,momentum_20,60,-0.04843117469803739
2025-11-05,momentum_20,60,-0.0451130231868794
2025-11-06,momentum_20,60,-0.044409662600852585
2025-11-07,momentum_20,60,-0.04303996194199846
2025-11-10,momentum_20,60,-0.04272901934868198
2025-11-11,momentum_20,60,-0.045890844096600165
2025-11-12,momentum_20,60,-0.04730223270913661
2025-11-13,momentum_20,60,-0.04722485361981507
2025-11-14,momentum_20,60,-0.04964728512093894
2025-11-17,momentum_20,60,-0.05036428083195076
2025-11-18,momentum_20,60,-0.04831418509775588
2025-11-19,momentum_20,60,-0.04714629431485829
2025-11-20,momentum_20,60,-0.0450918517868855
2025-11-21,momentum_20,60,-0.048245680103903725
2025-11-24,momentum_20,60,-0.049723930668856185
2025-11-25,momentum_20,60,-0.05176753561534548
2025-11-26,momentum_20,60,-0.05267584684497623
2025-11-27,momentum_20,60,-0.05356371866556102
2025-11-28,momentum_20,60,-0.04888169981467589
2025-12-01,momentum_20,60,-0.045557937694652106
2025-12-02,momentum_20,60,-0.046155067991731795
2025-12-03,momentum_20,60,-0.04864939609316879
2025-12-04,momentum_20,60,-0.050923242144705255
2025-12-05,momentum_20,60,-0.056919553475738946
2025-12-08,momentum_20,60,-0.057969020481342455
2025-12-09,momentum_20,60,-0.06044409986499668
2025-12-10,momentum_20,60,-0.06453408026036071
2025-12-11,momentum_20,60,-0.06969066320745228
2025-12-12,momentum_20,60,-0.07479225441139342
2025-12-15,momentum_20,60,-0.07867425183643478
2025-12-16,momentum_20,60,-0.08001134913074588
2025-12-17,momentum_20,60,-0.0781333627517067
2025-12-18,momentum_20,60,-0.07599445786662508
2025-12-19,momentum_20,60,-0.07468518076664553
2025-12-22,momentum_20,60,-0.07217252520038747
2025-12-23,momentum_20,60,-0.07363019246569598
2025-12-24,momentum_20,60,-0.07369090318741556
2018-01-30,momentum_20,120,
2018-01-31,momentum_20,120,
2018-02-01,momentum_20,120,
2018-02-02,momentum_20,120,
2018-02-05,momentum_20,120,
2018-02-06,momentum_20,120,
2018-02-07,momentum_20,120,
2018-02-08,momentum_20,120,
2018-02-09,momentum_20,120,
2018-02-12,momentum_20,120,
2018-02-13,momentum_20,120,
2018-02-14,momentum_20,120,
2018-02-22,momentum_20,120,
2018-02-23,momentum_20,120,
2018-02-26,momentum_20,120,
2018-02-27,momentum_20,120,
2018-02-28,momentum_20,120,
2018-03-01,momentum_20,120,
2018-03-02,momentum_20,120,
2018-03-05,momentum_20,120,
2018-03-06,momentum_20,120,
2018-03-07,momentum_20,120,
2018-03-08,momentum_20,120,
2018-03-09,momentum_20,120,
2018-03-12,momentum_20,120,
2018-03-13,momentum_20,120,
2018-03-14,momentum_20,120,
2018-03-15,momentum_20,120,
2018-03-16,momentum_20,120,
2018-03-19,momentum_20,120,
2018-03-20,momentum_20,120,
2018-03-21,momentum_20,120,
2018-03-22,momentum_20,120,
2018-03-23,momentum_20,120,
2018-03-26,momentum_20,120,
2018-03-27,momentum_20,120,
2018-03-28,momentum_20,120,
2018-03-29,momentum_20,120,
2018-03-30,momentum_20,120,
2018-04-02,momentum_20,120,
2018-04-03,momentum_20,120,
2018-04-04,momentum_20,120,
2018-04-09,momentum_20,120,
2018-04-10,momentum_20,120,
2018-04-11,momentum_20,120,
2018-04-12,momentum_20,120,
2018-04-13,momentum_20,120,
2018-04-16,momentum_20,120,
2018-04-17,momentum_20,120,
2018-04-18,momentum_20,120,
2018-04-19,momentum_20,120,
2018-04-20,momentum_20,120,
2018-04-23,momentum_20,120,
2018-04-24,momentum_20,120,
2018-04-25,momentum_20,120,
2018-04-26,momentum_20,120,
2018-04-27,momentum_20,120,
2018-05-02,momentum_20,120,
2018-05-03,momentum_20,120,
2018-05-04,momentum_20,120,
2018-05-07,momentum_20,120,
2018-05-08,momentum_20,120,
2018-05-09,momentum_20,120,
2018-05-10,momentum_20,120,
2018-05-11,momentum_20,120,
2018-05-14,momentum_20,120,
2018-05-15,momentum_20,120,
2018-05-16,momentum_20,120,
2018-05-17,momentum_20,120,
2018-05-18,momentum_20,120,
2018-05-21,momentum_20,120,
2018-05-22,momentum_20,120,
2018-05-23,momentum_20,120,
2018-05-24,momentum_20,120,
2018-05-25,momentum_20,120,
2018-05-28,momentum_20,120,
2018-05-29,momentum_20,120,
2018-05-30,momentum_20,120,
2018-05-31,momentum_20,120,
2018-06-01,momentum_20,120,
2018-06-04,momentum_20,120,
2018-06-05,momentum_20,120,
2018-06-06,momentum_20,120,
2018-06-07,momentum_20,120,
2018-06-08,momentum_20,120,
2018-06-11,momentum_20,120,
2018-06-12,momentum_20,120,
2018-06-13,momentum_20,120,
2018-06-14,momentum_20,120,
2018-06-15,momentum_20,120,
2018-06-19,momentum_20,120,
2018-06-20,momentum_20,120,
2018-06-21,momentum_20,120,
2018-06-22,momentum_20,120,
2018-06-25,momentum_20,120,
2018-06-26,momentum_20,120,
2018-06-27,momentum_20,120,
2018-06-28,momentum_20,120,
2018-06-29,momentum_20,120,
2018-07-02,momentum_20,120,
2018-07-03,momentum_20,120,
2018-07-04,momentum_20,120,
2018-07-05,momentum_20,120,
2018-07-06,momentum_20,120,
2018-07-09,momentum_20,120,
2018-07-10,momentum_20,120,
2018-07-11,momentum_20,120,
2018-07-12,momentum_20,120,
2018-07-13,momentum_20,120,
2018-07-16,momentum_20,120,
2018-07-17,momentum_20,120,
2018-07-18,momentum_20,120,
2018-07-19,momentum_20,120,
2018-07-20,momentum_20,120,
2018-07-23,momentum_20,120,
2018-07-24,momentum_20,120,
2018-07-25,momentum_20,120,
2018-07-26,momentum_20,120,
2018-07-27,momentum_20,120,
2018-07-30,momentum_20,120,-0.06574997508486125
2018-07-31,momentum_20,120,-0.06348663396884598
2018-08-01,momentum_20,120,-0.061050845230923925
2018-08-02,momentum_20,120,-0.0590986080956513
2018-08-03,momentum_20,120,-0.05871236133780798
2018-08-06,momentum_20,120,-0.058595303495300274
2018-08-07,momentum_20,120,-0.05676984725453683
2018-08-08,momentum_20,120,-0.055628102433328476
2018-08-09,momentum_20,120,-0.054970902974566936
2018-08-10,momentum_20,120,-0.049484094146505314
2018-08-13,momentum_20,120,-0.04273231009863785
2018-08-14,momentum_20,120,-0.038215259861058073
2018-08-15,momentum_20,120,-0.03461042630126606
2018-08-16,momentum_20,120,-0.03166736821170338
2018-08-17,momentum_20,120,-0.03164202231105753
2018-08-20,momentum_20,120,-0.03280367406573888
2018-08-21,momentum_20,120,-0.0335877797448268
2018-08-22,momentum_20,120,-0.0340372799749042
2018-08-23,momentum_20,120,-0.03299865276118326
2018-08-24,momentum_20,120,-0.030157095036468334
2018-08-27,momentum_20,120,-0.02798322556682576
2018-08-28,momentum_20,120,-0.02595457144609572
2018-08-29,momentum_20,120,-0.023547817032898585
2018-08-30,momentum_20,120,-0.021595872061444296
2018-08-31,momentum_20,120,-0.021557163814685473
2018-09-03,momentum_20,120,-0.021943066326186124
2018-09-04,momentum_20,120,-0.023152754498393362
2018-09-05,momentum_20,120,-0.02282548734767749
2018-09-06,momentum_20,120,-0.02405007849863048
2018-09-07,momentum_20,120,-0.022626639677702794
2018-09-10,momentum_20,120,-0.02222935064010537
2018-09-11,momentum_20,120,-0.02309095523507653
2018-09-12,momentum_20,120,-0.025462654624472603
2018-09-13,momentum_20,120,-0.028003382068972363
2018-09-14,momentum_20,120,-0.030626921451603846
2018-09-17,momentum_20,120,-0.03278107317774056
2018-09-18,momentum_20,120,-0.03416499265919084
2018-09-19,momentum_20,120,-0.034403630660671765
2018-09-20,momentum_20,120,-0.03681273293903924
2018-09-21,momentum_20,120,-0.03587514135662952
2018-09-25,momentum_20,120,-0.03339405342897859
2018-09-26,momentum_20,120,-0.032149414039830224
2018-09-27,momentum_20,120,-0.031305344058382055
2018-09-28,momentum_20,120,-0.0295515350455457
2018-10-08,momentum_20,120,-0.02841163983417353
2018-10-09,momentum_20,120,-0.0289214828216541
2018-10-10,momentum_20,120,-0.02896181390956721
2018-10-11,momentum_20,120,-0.028551131647552696
2018-10-12,momentum_20,120,-0.027657666132214247
2018-10-15,momentum_20,120,-0.02864659209575929
2018-10-16,momentum_20,120,-0.030707104386017738
2018-10-17,momentum_20,120,-0.03451017266848956
2018-10-18,momentum_20,120,-0.03805801224110869
2018-10-19,momentum_20,120,-0.0427739399810491
2018-10-22,momentum_20,120,-0.04494612328172926
2018-10-23,momentum_20,120,-0.04565230778332215
2018-10-24,momentum_20,120,-0.04486201109628719
2018-10-25,momentum_20,120,-0.04732690196989482
2018-10-26,momentum_20,120,-0.049484997946332716
2018-10-29,momentum_20,120,-0.052212143171946696
2018-10-30,momentum_20,120,-0.055231614339422586
2018-10-31,momentum_20,120,-0.05783004358211761
2018-11-01,momentum_20,120,-0.059834864882251274
2018-11-02,momentum_20,120,-0.059935584291310386
2018-11-05,momentum_20,120,-0.06040283945738147
2018-11-06,momentum_20,120,-0.060889936773001606
2018-11-07,momentum_20,120,-0.06050941729206124
2018-11-08,momentum_20,120,-0.05967765976305904
2018-11-09,momentum_20,120,-0.056548245077928154
2018-11-12,momentum_20,120,-0.05452531957004521
2018-11-13,momentum_20,120,-0.05571935334739405
2018-11-14,momentum_20,120,-0.05773677617132628
2018-11-15,momentum_20,120,-0.058710544180527326
2018-11-16,momentum_20,120,-0.06053891591366542
2018-11-19,momentum_20,120,-0.06215298349530314
2018-11-20,momentum_20,120,-0.06157311244282529
2018-11-21,momentum_20,120,-0.06166640474418585
2018-11-22,momentum_20,120,-0.06347323105605446
2018-11-23,momentum_20,120,-0.06486014030751906
2018-11-26,momentum_20,120,-0.06570976894935007
2018-11-27,momentum_20,120,-0.0671630971307999
2018-11-28,momentum_20,120,-0.06936952560116172
2018-11-29,momentum_20,120,-0.07350361033733907
2018-11-30,momentum_20,120,-0.07563647908541041
2018-12-03,momentum_20,120,-0.0757186573494402
2018-12-04,momentum_20,120,-0.0750179846784941
2018-12-05,momentum_20,120,-0.07618098286492242
2018-12-06,momentum_20,120,-0.07684599702847023
2018-12-07,momentum_20,120,-0.079655303581929
2018-12-10,momentum_20,120,-0.08336184460655359
2018-12-11,momentum_20,120,-0.08715234959315521
2018-12-12,momentum_20,120,-0.08758032610380088
2018-12-13,momentum_20,120,-0.08770544336198347
2018-12-14,momentum_20,120,-0.08654841516413644
2018-12-17,momentum_20,120,-0.08390816551872517
2018-12-18,momentum_20,120,-0.08095963690471608
2018-12-19,momentum_20,120,-0.07762880751252059
2018-12-20,momentum_20,120,-0.07558022056924162
2018-12-21,momentum_20,120,-0.07391368766085557
2018-12-24,momentum_20,120,-0.07189273491390115
2018-12-25,momentum_20,120,-0.07327732269624711
2018-12-26,momentum_20,120,-0.07509461433806648
2018-12-27,momentum_20,120,-0.07684654411106262
2018-12-28,momentum_20,120,-0.07781255142423248
2019-01-02,momentum_20,120,-0.08079848921760645
2019-01-03,momentum_20,120,-0.08294516149847722
2019-01-04,momentum_20,120,-0.08429317398003738
2019-01-07,momentum_20,120,-0.08358505277769977
2019-01-08,momentum_20,120,-0.08370483573561051
2019-01-09,momentum_20,120,-0.08354009307596012
2019-01-10,momentum_20,120,-0.08332346973532277
2019-01-11,momentum_20,120,-0.08265624022492428
2019-01-14,momentum_20,120,-0.08410915560423296
2019-01-15,momentum_20,120,-0.08335602644866384
2019-01-16,momentum_20,120,-0.08051620784994706
2019-01-17,momentum_20,120,-0.07735132886994348
2019-01-18,momentum_20,120,-0.0762928168113227
2019-01-21,momentum_20,120,-0.07298477771188493
2019-01-22,momentum_20,120,-0.07006870538285911
2019-01-23,momentum_20,120,-0.06824436555393364
2019-01-24,momentum_20,120,-0.0678925560619008
2019-01-25,momentum_20,120,-0.06823865979615219
2019-01-28,momentum_20,120,-0.06852785407982934
2019-01-29,momentum_20,120,-0.06869965585821931
2019-01-30,momentum_20,120,-0.06933114534046007
2019-01-31,momentum_20,120,-0.06923610572067711
2019-02-01,momentum_20,120,-0.07033206467414117
2019-02-11,momentum_20,120,-0.07056218460460585
2019-02-12,momentum_20,120,-0.07244898119376629
2019-02-13,momentum_20,120,-0.0760963729712574
2019-02-14,momentum_20,120,-0.08111411490324207
2019-02-15,momentum_20,120,-0.08276283316717216
2019-02-18,momentum_20,120,-0.08443211973548434
2019-02-19,momentum_20,120,-0.08582195813120386
2019-02-20,momentum_20,120,-0.08540038728401741
2019-02-21,momentum_20,120,-0.08403605674983483
2019-02-22,momentum_20,120,-0.08379872931671745
2019-02-25,momentum_20,120,-0.08442944201877325
2019-02-26,momentum_20,120,-0.08207316598338504
2019-02-27,momentum_20,120,-0.08149420119324352
2019-02-28,momentum_20,120,-0.08216649463841443
2019-03-01,momentum_20,120,-0.08394139255316133
2019-03-04,momentum_20,120,-0.08578176865679739
2019-03-05,momentum_20,120,-0.08722112700955269
2019-03-06,momentum_20,120,-0.08765894198874505
2019-03-07,momentum_20,120,-0.08997800169272706
2019-03-08,momentum_20,120,-0.0919552080906664
2019-03-11,momentum_20,120,-0.09606978602318353
2019-03-12,momentum_20,120,-0.09991623584520531
2019-03-13,momentum_20,120,-0.1043522915978078
2019-03-14,momentum_20,120,-0.10715019864356652
2019-03-15,momentum_20,120,-0.10956511829225488
2019-03-18,momentum_20,120,-0.11210516664965157
2019-03-19,momentum_20,120,-0.11432654035448607
2019-03-20,momentum_20,120,-0.11559959406744241
2019-03-21,momentum_20,120,-0.11577863806792567
2019-03-22,momentum_20,120,-0.11407755522943111
2019-03-25,momentum_20,120,-0.11385119550948475
2019-03-26,momentum_20,120,-0.11252439368800847
2019-03-27,momentum_20,120,-0.11443553475811925
2019-03-28,momentum_20,120,-0.1157819309403189
2019-03-29,momentum_20,120,-0.11721269269895536
2019-04-01,momentum_20,120,-0.1189494450294954
2019-04-02,momentum_20,120,-0.12125904933417558
2019-04-03,momentum_20,120,-0.12315549747062587
2019-04-04,momentum_20,120,-0.12471331372039958
2019-04-08,momentum_20,120,-0.1278695372133499
2019-04-09,momentum_20,120,-0.13092948775650637
2019-04-10,momentum_20,120,-0.13221607594904533
2019-04-11,momentum_20,120,-0.13142513775836412
2019-04-12,momentum_20,120,-0.12930602916422157
2019-04-15,momentum_20,120,-0.12711535772300808
2019-04-16,momentum_20,120,-0.12448046304225617
2019-04-17,momentum_20,120,-0.12156930471328922
2019-04-18,momentum_20,120,-0.12255078650275333
2019-04-19,momentum_20,120,-0.1231135270647527
2019-04-22,momentum_20,120,-0.12431059260615253
2019-04-23,momentum_20,120,-0.12218484460065156
2019-04-24,momentum_20,120,-0.12071853825653175
2019-04-25,momentum_20,120,-0.11832947625274128
2019-04-26,momentum_20,120,-0.11644835970112123
2019-04-29,momentum_20,120,-0.11545659620925688
2019-04-30,momentum_20,120,-0.11483269992183681
2019-05-06,momentum_20,120,-0.11692203978571582
2019-05-07,momentum_20,120,-0.11732189525637211
2019-05-08,momentum_20,120,-0.11577921096144293
2019-05-09,momentum_20,120,-0.1147673193041873
2019-05-10,momentum_20,120,-0.11381293322013494
2019-05-13,momentum_20,120,-0.11657508459802166
2019-05-14,momentum_20,120,-0.1189645817667009
2019-05-15,momentum_20,120,-0.1181405611871075
2019-05-16,momentum_20,120,-0.11803744652681854
2019-05-17,momentum_20,120,-0.11936282124966341
2019-05-20,momentum_20,120,-0.11893262577432981
2019-05-21,momentum_20,120,-0.11765273912492923
2019-05-22,momentum_20,120,-0.11860982092327813
2019-05-23,momentum_20,120,-0.11805944210542488
2019-05-24,momentum_20,120,-0.11564555132370086
2019-05-27,momentum_20,120,-0.11215192551159704
2019-05-28,momentum_20,120,-0.11170879469154843
2019-05-29,momentum_20,120,-0.1115303063104575
2019-05-30,momentum_20,120,-0.11028325566668715
2019-05-31,momentum_20,120,-0.10801281823353542
2019-06-03,momentum_20,120,-0.10750099697941252
2019-06-04,momentum_20,120,-0.10770786298310246
2019-06-05,momentum_20,120,-0.11041925488935843
2019-06-06,momentum_20,120,-0.11207012960421815
2019-06-10,momentum_20,120,-0.11476233146061318
2019-06-11,momentum_20,120,-0.11483875136993502
2019-06-12,momentum_20,120,-0.11586214181845238
2019-06-13,momentum_20,120,-0.11483907884914994
2019-06-14,momentum_20,120,-0.11465680271045471
2019-06-17,momentum_20,120,-0.11506744514243064
2019-06-18,momentum_20,120,-0.1160760872643357
2019-06-19,momentum_20,120,-0.11739550158179819
2019-06-20,momentum_20,120,-0.1174940645178184
2019-06-21,momentum_20,120,-0.11811422071227771
2019-06-24,momentum_20,120,-0.11965638143552118
2019-06-25,momentum_20,120,-0.12116376525930785
2019-06-26,momentum_20,120,-0.12180724813713203
2019-06-27,momentum_20,120,-0.11942005237861804
2019-06-28,momentum_20,120,-0.11755856885808792
2019-07-01,momentum_20,120,-0.11528844857334475
2019-07-02,momentum_20,120,-0.11300135620903033
2019-07-03,momentum_20,120,-0.10884682617274197
2019-07-04,momentum_20,120,-0.10613329403938643
2019-07-05,momentum_20,120,-0.10551886208926996
2019-07-08,momentum_20,120,-0.10558240820521539
2019-07-09,momentum_20,120,-0.10544487067371486
2019-07-10,momentum_20,120,-0.1078906025083841
2019-07-11,momentum_20,120,-0.10825454913001518
2019-07-12,momentum_20,120,-0.10728070358726738
2019-07-15,momentum_20,120,-0.10333959552784351
2019-07-16,momentum_20,120,-0.1003824853384405
2019-07-17,momentum_20,120,-0.09945526254055559
2019-07-18,momentum_20,120,-0.09895506313336297
2019-07-19,momentum_20,120,-0.09843911654186482
2019-07-22,momentum_20,120,-0.1031095674274376
2019-07-23,momentum_20,120,-0.10739569988984078
2019-07-24,momentum_20,120,-0.11073453143862465
2019-07-25,momentum_20,120,-0.11315476409911579
2019-07-26,momentum_20,120,-0.11668669542478997
2019-07-29,momentum_20,120,-0.12083472035280965
2019-07-30,momentum_20,120,-0.12153909014613146
2019-07-31,momentum_20,120,-0.12051713101824987
2019-08-01,momentum_20,120,-0.11928506976170995
2019-08-02,momentum_20,120,-0.11663996215061023
2019-08-05,momentum_20,120,-0.11406866019302543
2019-08-06,momentum_20,120,-0.11272014242854532
2019-08-07,momentum_20,120,-0.11098589773525812
2019-08-08,momentum_20,120,-0.10931596734434698
2019-08-09,momentum_20,120,-0.1095350012240099
2019-08-12,momentum_20,120,-0.10820645830328095
2019-08-13,momentum_20,120,-0.10751214558949743
2019-08-14,momentum_20,120,-0.10712568661292234
2019-08-15,momentum_20,120,-0.1074559679590089
2019-08-16,momentum_20,120,-0.10747203469747374
2019-08-19,momentum_20,120,-0.10579214890568372
2019-08-20,momentum_20,120,-0.1084554639673799
2019-08-21,momentum_20,120,-0.1123221252808637
2019-08-22,momentum_20,120,-0.11576817880309702
2019-08-23,momentum_20,120,-0.11730658863069159
2019-08-26,momentum_20,120,-0.11896195868155073
2019-08-27,momentum_20,120,-0.12175916523148084
2019-08-28,momentum_20,120,-0.12130868909511018
2019-08-29,momentum_20,120,-0.1192979385443998
2019-08-30,momentum_20,120,-0.11752775664196652
2019-09-02,momentum_20,120,-0.11408895384496859
2019-09-03,momentum_20,120,-0.11145401778923848
2019-09-04,momentum_20,120,-0.10906486250551213
2019-09-05,momentum_20,120,-0.10743290715705553
2019-09-06,momentum_20,120,-0.10598702683338099
2019-09-09,momentum_20,120,-0.10753893585881771
2019-09-10,momentum_20,120,-0.10694214834712511
2019-09-11,momentum_20,120,-0.10639959020579419
2019-09-12,momentum_20,120,-0.10730420880120263
2019-09-16,momentum_20,120,-0.10839265329396698
2019-09-17,momentum_20,120,-0.10738166846137905
2019-09-18,momentum_20,120,-0.10768626507702447
2019-09-19,momentum_20,120,-0.10645837425572309
2019-09-20,momentum_20,120,-0.10598975943142501
2019-09-23,momentum_20,120,-0.1058653530298265
2019-09-24,momentum_20,120,-0.1068503372938297
2019-09-25,momentum_20,120,-0.10761849933333734
2019-09-26,momentum_20,120,-0.1064252572990147
2019-09-27,momentum_20,120,-0.10442057511046786
2019-09-30,momentum_20,120,-0.10175285417517067
2019-10-08,momentum_20,120,-0.09909920194835965
2019-10-09,momentum_20,120,-0.09597750666482778
2019-10-10,momentum_20,120,-0.09495974137818715
2019-10-11,momentum_20,120,-0.0936871911911749
2019-10-14,momentum_20,120,-0.09338094495325265
2019-10-15,momentum_20,120,-0.09507412170524696
2019-10-16,momentum_20,120,-0.0971815431462204
2019-10-17,momentum_20,120,-0.09703509650163535
2019-10-18,momentum_20,120,-0.09819997852836339
2019-10-21,momentum_20,120,-0.10028726185641053
2019-10-22,momentum_20,120,-0.10205623634984465
2019-10-23,momentum_20,120,-0.1025693282199406
2019-10-24,momentum_20,120,-0.1022530154980595
2019-10-25,momentum_20,120,-0.10073824609130683
2019-10-28,momentum_20,120,-0.09827079168285244
2019-10-29,momentum_20,120,-0.09656934812776231
2019-10-30,momentum_20,120,-0.09328546529689026
2019-10-31,momentum_20,120,-0.09153444232347528
2019-11-01,momentum_20,120,-0.09298515558697229
2019-11-04,momentum_20,120,-0.09417397920718742
2019-11-05,momentum_20,120,-0.0959632201070382
2019-11-06,momentum_20,120,-0.09538285543025521
2019-11-07,momentum_20,120,-0.09451545793435559
2019-11-08,momentum_20,120,-0.09239871386359678
2019-11-11,momentum_20,120,-0.09257505178504953
2019-11-12,momentum_20,120,-0.09156035862069617
2019-11-13,momentum_20,120,-0.09103936852209683
2019-11-14,momentum_20,120,-0.09224438376795233
2019-11-15,momentum_20,120,-0.09470824272822274
2019-11-18,momentum_20,120,-0.09755842678088202
2019-11-19,momentum_20,120,-0.10121407612772422
2019-11-20,momentum_20,120,-0.10562594342697285
2019-11-21,momentum_20,120,-0.10699622273164347
2019-11-22,momentum_20,120,-0.10771453811461296
2019-11-25,momentum_20,120,-0.10768407488577846
2019-11-26,momentum_20,120,-0.10756040175180104
2019-11-27,momentum_20,120,-0.10707080732634629
2019-11-28,momentum_20,120,-0.10691500248757736
2019-11-29,momentum_20,120,-0.10393463149985473
2019-12-02,momentum_20,120,-0.10229672908663807
2019-12-03,momentum_20,120,-0.10031194435451146
2019-12-04,momentum_20,120,-0.09885742568775321
2019-12-05,momentum_20,120,-0.09557626271557157
2019-12-06,momentum_20,120,-0.0938752920797462
2019-12-09,momentum_20,120,-0.09075943858502636
2019-12-10,momentum_20,120,-0.08650771714594056
2019-12-11,momentum_20,120,-0.0825670634578999
2019-12-12,momentum_20,120,-0.07963394803113442
2019-12-13,momentum_20,120,-0.07804830764051535
2019-12-16,momentum_20,120,-0.07868394063500389
2019-12-17,momentum_20,120,-0.07848433290504642
2019-12-18,momentum_20,120,-0.07778961052589171
2019-12-19,momentum_20,120,-0.07916990801332265
2019-12-20,momentum_20,120,-0.07885901260441765
2019-12-23,momentum_20,120,-0.07883725647532272
2019-12-24,momentum_20,120,-0.07991034318447858
2019-12-25,momentum_20,120,-0.08157876260137306
2019-12-26,momentum_20,120,-0.08422847457440373
2019-12-27,momentum_20,120,-0.08462398080214911
2019-12-30,momentum_20,120,-0.08441321399300035
2019-12-31,momentum_20,120,-0.08307193926460682
2020-01-02,momentum_20,120,-0.08111697767436098
2020-01-03,momentum_20,120,-0.07791731007244015
2020-01-06,momentum_20,120,-0.07639347350173332
2020-01-07,momentum_20,120,-0.07571242691465459
2020-01-08,momentum_20,120,-0.07783503537179695
2020-01-09,momentum_20,120,-0.07793100591062964
2020-01-10,momentum_20,120,-0.07772812314461613
2020-01-13,momentum_20,120,-0.07785292633210253
2020-01-14,momentum_20,120,-0.07768538942831268
2020-01-15,momentum_20,120,-0.07327751187636891
2020-01-16,momentum_20,120,-0.07124191524062315
2020-01-17,momentum_20,120,-0.07016088238855209
2020-01-20,momentum_20,120,-0.06816045631350882
2020-01-21,momentum_20,120,-0.06459546936523454
2020-01-22,momentum_20,120,-0.060539118780607706
2020-01-23,momentum_20,120,-0.05754643956190254
2020-02-03,momentum_20,120,-0.05447696388245684
2020-02-04,momentum_20,120,-0.05474578814193162
2020-02-05,momentum_20,120,-0.05503582779742556
2020-02-06,momentum_20,120,-0.056250871403694155
2020-02-07,momentum_20,120,-0.056759195074802295
2020-02-10,momentum_20,120,-0.05696080982534702
2020-02-11,momentum_20,120,-0.055694954472046705
2020-02-12,momentum_20,120,-0.05490804427018105
2020-02-13,momentum_20,120,-0.056216793774105905
2020-02-14,momentum_20,120,-0.05593646896443077
2020-02-17,momentum_20,120,-0.054277775391936525
2020-02-18,momentum_20,120,-0.05058577162283109
2020-02-19,momentum_20,120,-0.048728208243382434
2020-02-20,momentum_20,120,-0.04770992287843676
2020-02-21,momentum_20,120,-0.04665082260328258
2020-02-24,momentum_20,120,-0.046335239699226254
2020-02-25,momentum_20,120,-0.04702668948413525
2020-02-26,momentum_20,120,-0.047987295776166894
2020-02-27,momentum_20,120,-0.04899564428619438
2020-02-28,momentum_20,120,-0.049756442810111906
2020-03-02,momentum_20,120,-0.05291259660223748
2020-03-03,momentum_20,120,-0.053864863517611085
2020-03-04,momentum_20,120,-0.05489823874784274
2020-03-05,momentum_20,120,-0.05568989918569546
2020-03-06,momentum_20,120,-0.05381967865036764
2020-03-09,momentum_20,120,-0.052533387903575424
2020-03-10,momentum_20,120,-0.05215737784041883
2020-03-11,momentum_20,120,-0.052439524789194294
2020-03-12,momentum_20,120,-0.048399966041097774
2020-03-13,momentum_20,120,-0.047053411945694915
2020-03-16,momentum_20,120,-0.04617608603307751
2020-03-17,momentum_20,120,-0.04388610278069883
2020-03-18,momentum_20,120,-0.04224459706123989
2020-03-19,momentum_20,120,-0.041805231719275575
2020-03-20,momentum_20,120,-0.03944466101304024
2020-03-23,momentum_20,120,-0.0361720061487506
2020-03-24,momentum_20,120,-0.033331606300967626
2020-03-25,momentum_20,120,-0.029825954922600414
2020-03-26,momentum_20,120,-0.02745768255274368
2020-03-27,momentum_20,120,-0.025640381459450978
2020-03-30,momentum_20,120,-0.028612241207748117
2020-03-31,momentum_20,120,-0.03358820403531438
2020-04-01,momentum_20,120,-0.0370813796528594
2020-04-02,momentum_20,120,-0.03716961515605757
2020-04-03,momentum_20,120,-0.03870978309840547
2020-04-07,momentum_20,120,-0.039666384784964225
2020-04-08,momentum_20,120,-0.04022638892447473
2020-04-09,momentum_20,120,-0.04168632919621122
2020-04-10,momentum_20,120,-0.04247335187248937
2020-04-13,momentum_20,120,-0.041698927520922566
2020-04-14,momentum_20,120,-0.04045961817443613
2020-04-15,momentum_20,120,-0.03773286095091903
2020-04-16,momentum_20,120,-0.032870485744910236
2020-04-17,momentum_20,120,-0.02920151136852955
2020-04-20,momentum_20,120,-0.0254896840856674
2020-04-21,momentum_20,120,-0.022896185614782724
2020-04-22,momentum_20,120,-0.020886211272390032
2020-04-23,momentum_20,120,-0.02157453111056163
2020-04-24,momentum_20,120,-0.022900936141117993
2020-04-27,momentum_20,120,-0.024734409407510562
2020-04-28,momentum_20,120,-0.025506728681905746
2020-04-29,momentum_20,120,-0.024719264113507222
2020-04-30,momentum_20,120,-0.02265862678469536
2020-05-06,momentum_20,120,-0.022520370377617595
2020-05-07,momentum_20,120,-0.02284503025303096
2020-05-08,momentum_20,120,-0.023034790471871614
2020-05-11,momentum_20,120,-0.024369569808687094
2020-05-12,momentum_20,120,-0.02386584581974594
2020-05-13,momentum_20,120,-0.02302355964322488
2020-05-14,momentum_20,120,-0.022636599040845456
2020-05-15,momentum_20,120,-0.02238562867524418
2020-05-18,momentum_20,120,-0.021231822021774312
2020-05-19,momentum_20,120,-0.020360010669238194
2020-05-20,momentum_20,120,-0.02037572325620863
2020-05-21,momentum_20,120,-0.01927745214159692
2020-05-22,momentum_20,120,-0.018944464108949625
2020-05-25,momentum_20,120,-0.018690389912691098
2020-05-26,momentum_20,120,-0.018837117157437022
2020-05-27,momentum_20,120,-0.01843833479834782
2020-05-28,momentum_20,120,-0.018521666191336206
2020-05-29,momentum_20,120,-0.020132546899552607
2020-06-01,momentum_20,120,-0.022268105375320653
2020-06-02,momentum_20,120,-0.022211700588397
2020-06-03,momentum_20,120,-0.021372164251174018
2020-06-04,momentum_20,120,-0.021772760900186334
2020-06-05,momentum_20,120,-0.022017316386296674
2020-06-08,momentum_20,120,-0.022024741639875764
2020-06-09,momentum_20,120,-0.022737296122147824
2020-06-10,momentum_20,120,-0.02311239371675943
2020-06-11,momentum_20,120,-0.022666932924970417
2020-06-12,momentum_20,120,-0.022225836336772307
2020-06-15,momentum_20,120,-0.023184991222228727
2020-06-16,momentum_20,120,-0.021594308410074363
2020-06-17,momentum_20,120,-0.02149426871479765
2020-06-18,momentum_20,120,-0.02127294046783275
2020-06-19,momentum_20,120,-0.019083676631478197
2020-06-22,momentum_20,120,-0.01775303552995423
2020-06-23,momentum_20,120,-0.016872948842359323
2020-06-24,momentum_20,120,-0.015507585263491632
2020-06-29,momentum_20,120,-0.015790843328586667
2020-06-30,momentum_20,120,-0.014830003735770923
2020-07-01,momentum_20,120,-0.01588933754832718
2020-07-02,momentum_20,120,-0.016956340181729774
2020-07-03,momentum_20,120,-0.017256245828758003
2020-07-06,momentum_20,120,-0.01857877155674252
2020-07-07,momentum_20,120,-0.019467185666299503
2020-07-08,momentum_20,120,-0.021973864443713534
2020-07-09,momentum_20,120,-0.024528310684648242
2020-07-10,momentum_20,120,-0.02670752419519189
2020-07-13,momentum_20,120,-0.02961481376199326
2020-07-14,momentum_20,120,-0.03192923675830848
2020-07-15,momentum_20,120,-0.03276759374664566
2020-07-16,momentum_20,120,-0.03215701643561527
2020-07-17,momentum_20,120,-0.033523813285252925
2020-07-20,momentum_20,120,-0.0337957866276067
2020-07-21,momentum_20,120,-0.03360051305494754
2020-07-22,momentum_20,120,-0.03479136681486863
2020-07-23,momentum_20,120,-0.037016572058164714
2020-07-24,momentum_20,120,-0.038567404387529085
2020-07-27,momentum_20,120,-0.04156243924899679
2020-07-28,momentum_20,120,-0.04377679956304133
2020-07-29,momentum_20,120,-0.04167405322166916
2020-07-30,momentum_20,120,-0.040885586748860746
2020-07-31,momentum_20,120,-0.03897337617982645
2020-08-03,momentum_20,120,-0.03615930836263893
2020-08-04,momentum_20,120,-0.03468802606437527
2020-08-05,momentum_20,120,-0.03514533693423451
2020-08-06,momentum_20,120,-0.035270067877764794
2020-08-07,momentum_20,120,-0.03555697526430982
2020-08-10,momentum_20,120,-0.03487799459086963
2020-08-11,momentum_20,120,-0.0366545086126124
2020-08-12,momentum_20,120,-0.040301649596254846
2020-08-13,momentum_20,120,-0.04375813623404775
2020-08-14,momentum_20,120,-0.04621442436117452
2020-08-17,momentum_20,120,-0.04854005674990922
2020-08-18,momentum_20,120,-0.048756653195290385
2020-08-19,momentum_20,120,-0.04770732891754824
2020-08-20,momentum_20,120,-0.04667096090085536
2020-08-21,momentum_20,120,-0.04506372845860589
2020-08-24,momentum_20,120,-0.043490353269473626
2020-08-25,momentum_20,120,-0.04022607924733691
2020-08-26,momentum_20,120,-0.039310562797518135
2020-08-27,momentum_20,120,-0.037015963726495196
2020-08-28,momentum_20,120,-0.03551644126484779
2020-08-31,momentum_20,120,-0.036323271826777886
2020-09-01,momentum_20,120,-0.036493949727229996
2020-09-02,momentum_20,120,-0.034955866188063074
2020-09-03,momentum_20,120,-0.034208522199899914
2020-09-04,momentum_20,120,-0.03501017911575961
2020-09-07,momentum_20,120,-0.03507103219648906
2020-09-08,momentum_20,120,-0.03634584136131532
2020-09-09,momentum_20,120,-0.03891457012699235
2020-09-10,momentum_20,120,-0.04026410802629345
2020-09-11,momentum_20,120,-0.04289544348462712
2020-09-14,momentum_20,120,-0.048628160103219936
2020-09-15,momentum_20,120,-0.05393106886805312
2020-09-16,momentum_20,120,-0.058274793701929145
2020-09-17,momentum_20,120,-0.06323121346351294
2020-09-18,momentum_20,120,-0.06476806384737484
2020-09-21,momentum_20,120,-0.06638036851911885
2020-09-22,momentum_20,120,-0.06265274813590821
2020-09-23,momentum_20,120,-0.05739320667988959
2020-09-24,momentum_20,120,-0.052972954560311966
2020-09-25,momentum_20,120,-0.052974421273811696
2020-09-28,momentum_20,120,-0.05244827731490902
2020-09-29,momentum_20,120,-0.052939448056138906
2020-09-30,momentum_20,120,-0.05405225674827643
2020-10-09,momentum_20,120,-0.053063625503313845
2020-10-12,momentum_20,120,-0.052490833575381875
2020-10-13,momentum_20,120,-0.053035681685497084
2020-10-14,momentum_20,120,-0.05462803243863954
2020-10-15,momentum_20,120,-0.057904897902390104
2020-10-16,momentum_20,120,-0.0619025669101254
2020-10-19,momentum_20,120,-0.06421974363441206
2020-10-20,momentum_20,120,-0.06527338489748227
2020-10-21,momentum_20,120,-0.06634247407375955
2020-10-22,momentum_20,120,-0.06795118761749548
2020-10-23,momentum_20,120,-0.06820269805857607
2020-10-26,momentum_20,120,-0.06681313519517881
2020-10-27,momentum_20,120,-0.065242105352557
2020-10-28,momentum_20,120,-0.0637863723063808
2020-10-29,momentum_20,120,-0.06281051882267466
2020-10-30,momentum_20,120,-0.06278870438381375
2020-11-02,momentum_20,120,-0.06420006493653649
2020-11-03,momentum_20,120,-0.06525408123740736
2020-11-04,momentum_20,120,-0.06722422854692271
2020-11-05,momentum_20,120,-0.06910828342192926
2020-11-06,momentum_20,120,-0.07080651640588707
2020-11-09,momentum_20,120,-0.07054371582245154
2020-11-10,momentum_20,120,-0.06864351136578285
2020-11-11,momentum_20,120,-0.06611880271497382
2020-11-12,momentum_20,120,-0.06521220058803343
2020-11-13,momentum_20,120,-0.06386840212508109
2020-11-16,momentum_20,120,-0.06284643332138573
2020-11-17,momentum_20,120,-0.0634266098873534
2020-11-18,momentum_20,120,-0.06393577036766357
2020-11-19,momentum_20,120,-0.06325179961557469
2020-11-20,momentum_20,120,-0.06294778472426671
2020-11-23,momentum_20,120,-0.06290635679373419
2020-11-24,momentum_20,120,-0.061468798449801354
2020-11-25,momentum_20,120,-0.05948900218211094
2020-11-26,momentum_20,120,-0.059766269297393614
2020-11-27,momentum_20,120,-0.06157146729146697
2020-11-30,momentum_20,120,-0.06345591622906763
2020-12-01,momentum_20,120,-0.06352572076686126
2020-12-02,momentum_20,120,-0.06442640849313876
2020-12-03,momentum_20,120,-0.06431354267062214
2020-12-04,momentum_20,120,-0.06366804904069048
2020-12-07,momentum_20,120,-0.06222092642150579
2020-12-08,momentum_20,120,-0.06139041701974638
2020-12-09,momentum_20,120,-0.06067101494681686
2020-12-10,momentum_20,120,-0.0589775832448851
2020-12-11,momentum_20,120,-0.0572238939270381
2020-12-14,momentum_20,120,-0.055383180068353174
2020-12-15,momentum_20,120,-0.05297184382355188
2020-12-16,momentum_20,120,-0.05232729986831094
2020-12-17,momentum_20,120,-0.05074346081049145
2020-12-18,momentum_20,120,-0.048314218973807166
2020-12-21,momentum_20,120,-0.044787624294768756
2020-12-22,momentum_20,120,-0.04054862681955896
2020-12-23,momentum_20,120,-0.03821644810933536
2020-12-24,momentum_20,120,-0.036976827434466966
2020-12-25,momentum_20,120,-0.03613604932153927
2020-12-28,momentum_20,120,-0.037859302796426256
2020-12-29,momentum_20,120,-0.036066986157062435
2020-12-30,momentum_20,120,-0.03206743944763407
2020-12-31,momentum_20,120,-0.02622950074053746
2021-01-04,momentum_20,120,-0.020597602729596935
2021-01-05,momentum_20,120,-0.014154937966181705
2021-01-06,momentum_20,120,-0.008971207869879094
2021-01-07,momentum_20,120,-0.008777315319902413
2021-01-08,momentum_20,120,-0.010457063359070094
2021-01-11,momentum_20,120,-0.014462544636125762
2021-01-12,momentum_20,120,-0.018995908587630114
2021-01-13,momentum_20,120,-0.023081809417223938
2021-01-14,momentum_20,120,-0.02567601047515787
2021-01-15,momentum_20,120,-0.025761024292627825
2021-01-18,momentum_20,120,-0.025328528033952018
2021-01-19,momentum_20,120,-0.02509826961810523
2021-01-20,momentum_20,120,-0.025168316695424384
2021-01-21,momentum_20,120,-0.026756976682875015
2021-01-22,momentum_20,120,-0.029118313621450304
2021-01-25,momentum_20,120,-0.03099298251054739
2021-01-26,momentum_20,120,-0.03136946945567057
2021-01-27,momentum_20,120,-0.032692102347877526
2021-01-28,momentum_20,120,-0.033383727907488135
2021-01-29,momentum_20,120,-0.03317580227729199
2021-02-01,momentum_20,120,-0.032010358133975965
2021-02-02,momentum_20,120,-0.029420302091721345
2021-02-03,momentum_20,120,-0.028581392909110343
2021-02-04,momentum_20,120,-0.02904577828016938
2021-02-05,momentum_20,120,-0.03176484706092366
2021-02-08,momentum_20,120,-0.033767690504694116
2021-02-09,momentum_20,120,-0.03552689457243826
2021-02-10,momentum_20,120,-0.03651969162952017
2021-02-18,momentum_20,120,-0.03742930566511947
2021-02-19,momentum_20,120,-0.037273856284676984
2021-02-22,momentum_20,120,-0.03717599015901611
2021-02-23,momentum_20,120,-0.03778092790077608
2021-02-24,momentum_20,120,-0.03665806379237588
2021-02-25,momentum_20,120,-0.036287057266829646
2021-02-26,momentum_20,120,-0.034960843605410914
2021-03-01,momentum_20,120,-0.03466707718160592
2021-03-02,momentum_20,120,-0.03386324476822811
2021-03-03,momentum_20,120,-0.03303605994786988
2021-03-04,momentum_20,120,-0.03257871692451734
2021-03-05,momentum_20,120,-0.033271155640182
2021-03-08,momentum_20,120,-0.032530454502152674
2021-03-09,momentum_20,120,-0.031106580644141592
2021-03-10,momentum_20,120,-0.029907373790499438
2021-03-11,momentum_20,120,-0.02788740456931548
2021-03-12,momentum_20,120,-0.02602707307862022
2021-03-15,momentum_20,120,-0.025500732698112986
2021-03-16,momentum_20,120,-0.025556529066985634
2021-03-17,momentum_20,120,-0.021964464117967875
2021-03-18,momentum_20,120,-0.019331863101550405
2021-03-19,momentum_20,120,-0.019157164875029727
2021-03-22,momentum_20,120,-0.017633261464544116
2021-03-23,momentum_20,120,-0.017616337219771894
2021-03-24,momentum_20,120,-0.017518016407597942
2021-03-25,momentum_20,120,-0.019718732191845802
2021-03-26,momentum_20,120,-0.020972777440399534
2021-03-29,momentum_20,120,-0.023169399954795483
2021-03-30,momentum_20,120,-0.02385183411928007
2021-03-31,momentum_20,120,-0.023992231673792656
2021-04-01,momentum_20,120,-0.02334491840894155
2021-04-02,momentum_20,120,-0.022237176583285775
2021-04-06,momentum_20,120,-0.02324736248212942
2021-04-07,momentum_20,120,-0.022133290828881
2021-04-08,momentum_20,120,-0.019871104532255587
2021-04-09,momentum_20,120,-0.017769171142982522
2021-04-12,momentum_20,120,-0.016035343981987235
2021-04-13,momentum_20,120,-0.015192010673437884
2021-04-14,momentum_20,120,-0.015832720448749
2021-04-15,momentum_20,120,-0.01776688546423344
2021-04-16,momentum_20,120,-0.018788847221791978
2021-04-19,momentum_20,120,-0.0186885189954268
2021-04-20,momentum_20,120,-0.017233030759354225
2021-04-21,momentum_20,120,-0.01623036924847709
2021-04-22,momentum_20,120,-0.016598133159570747
2021-04-23,momentum_20,120,-0.017074386731267835
2021-04-26,momentum_20,120,-0.01751147213532581
2021-04-27,momentum_20,120,-0.01877397163791262
2021-04-28,momentum_20,120,-0.01718041948520096
2021-04-29,momentum_20,120,-0.016722442776685952
2021-04-30,momentum_20,120,-0.01558711698658153
2021-05-06,momentum_20,120,-0.013112759502990777
2021-05-07,momentum_20,120,-0.011265210744041129
2021-05-10,momentum_20,120,-0.012170481360347324
2021-05-11,momentum_20,120,-0.012785154589471916
2021-05-12,momentum_20,120,-0.014980024899622512
2021-05-13,momentum_20,120,-0.014457456315237255
2021-05-14,momentum_20,120,-0.012628001253581997
2021-05-17,momentum_20,120,-0.010688580561873596
2021-05-18,momentum_20,120,-0.008764327371356882
2021-05-19,momentum_20,120,-0.008683432384181147
2021-05-20,momentum_20,120,-0.010661588651956638
2021-05-21,momentum_20,120,-0.013352519264686844
2021-05-24,momentum_20,120,-0.015333699177298744
2021-05-25,momentum_20,120,-0.01785873531229683
2021-05-26,momentum_20,120,-0.01951826042773918
2021-05-27,momentum_20,120,-0.018230858741809804
2021-05-28,momentum_20,120,-0.0168766832996643
2021-05-31,momentum_20,120,-0.017304700054266552
2021-06-01,momentum_20,120,-0.018142924533742548
2021-06-02,momentum_20,120,-0.019050722591819176
2021-06-03,momentum_20,120,-0.01893681314967077
2021-06-04,momentum_20,120,-0.020098219499406416
2021-06-07,momentum_20,120,-0.022069659614770705
2021-06-08,momentum_20,120,-0.023467638380328584
2021-06-09,momentum_20,120,-0.023266899022356118
2021-06-10,momentum_20,120,-0.02230669775723918
2021-06-11,momentum_20,120,-0.02226992882064176
2021-06-15,momentum_20,120,-0.02194790528633676
2021-06-16,momentum_20,120,-0.0239986853171776
2021-06-17,momentum_20,120,-0.026788862471799468
2021-06-18,momentum_20,120,-0.030077616340775166
2021-06-21,momentum_20,120,-0.03366720773744008
2021-06-22,momentum_20,120,-0.03762091650077999
2021-06-23,momentum_20,120,-0.039273887840642584
2021-06-24,momentum_20,120,-0.04126861839540701
2021-06-25,momentum_20,120,-0.04169879203062279
2021-06-28,momentum_20,120,-0.04061177791630213
2021-06-29,momentum_20,120,-0.03933118921747932
2021-06-30,momentum_20,120,-0.04026293047785737
2021-07-01,momentum_20,120,-0.04186545766231209
2021-07-02,momentum_20,120,-0.043452235146382676
2021-07-05,momentum_20,120,-0.04422152663822832
2021-07-06,momentum_20,120,-0.04551258404889956
2021-07-07,momentum_20,120,-0.04762130626512796
2021-07-08,momentum_20,120,-0.04678432881080444
2021-07-09,momentum_20,120,-0.04497066535840295
2021-07-12,momentum_20,120,-0.04212869183676735
2021-07-13,momentum_20,120,-0.036968307572616335
2021-07-14,momentum_20,120,-0.03031341545165695
2021-07-15,momentum_20,120,-0.025433211513137436
2021-07-16,momentum_20,120,-0.022766511725944537
2021-07-19,momentum_20,120,-0.021031272275026023
2021-07-20,momentum_20,120,-0.02008305350888615
2021-07-21,momentum_20,120,-0.01948649998499425
2021-07-22,momentum_20,120,-0.017010304941941334
2021-07-23,momentum_20,120,-0.014760732421785525
2021-07-26,momentum_20,120,-0.01416615396135149
2021-07-27,momentum_20,120,-0.01533787986185047
2021-07-28,momentum_20,120,-0.013743823819361648
2021-07-29,momentum_20,120,-0.013474847552943592
2021-07-30,momentum_20,120,-0.012510351898142728
2021-08-02,momentum_20,120,-0.013013033379372695
2021-08-03,momentum_20,120,-0.013544743250067843
2021-08-04,momentum_20,120,-0.014626463074833994
2021-08-05,momentum_20,120,-0.014084656138665323
2021-08-06,momentum_20,120,-0.010795159202941561
2021-08-09,momentum_20,120,-0.007135903066450224
2021-08-10,momentum_20,120,-0.00464072978058211
2021-08-11,momentum_20,120,-0.003340394562803444
2021-08-12,momentum_20,120,-0.0017486801850942065
2021-08-13,momentum_20,120,-0.0003547769848043821
2021-08-16,momentum_20,120,0.0028454768298886396
2021-08-17,momentum_20,120,0.006772622704587237
2021-08-18,momentum_20,120,0.007527578726187916
2021-08-19,momentum_20,120,0.007549627513763976
2021-08-20,momentum_20,120,0.007233580474276649
2021-08-23,momentum_20,120,0.007029853889055745
2021-08-24,momentum_20,120,0.007303270911202738
2021-08-25,momentum_20,120,0.007911400269739167
2021-08-26,momentum_20,120,0.010449799947642897
2021-08-27,momentum_20,120,0.0109422967820905
2021-08-30,momentum_20,120,0.008816191536526378
2021-08-31,momentum_20,120,0.005633428213206436
2021-09-01,momentum_20,120,0.004286992201797126
2021-09-02,momentum_20,120,0.0030584521013035247
2021-09-03,momentum_20,120,0.0038083369237977695
2021-09-06,momentum_20,120,0.004765380165599857
2021-09-07,momentum_20,120,0.006189386931236583
2021-09-08,momentum_20,120,0.007311541067632521
2021-09-09,momentum_20,120,0.006772319088143259
2021-09-10,momentum_20,120,0.007704419088371984
2021-09-13,momentum_20,120,0.009601241928889948
2021-09-14,momentum_20,120,0.011805676112100377
2021-09-15,momentum_20,120,0.012681734526160861
2021-09-16,momentum_20,120,0.012272144011537185
2021-09-17,momentum_20,120,0.011164321156574453
2021-09-22,momentum_20,120,0.009937588421204973
2021-09-23,momentum_20,120,0.009180482858472627
2021-09-24,momentum_20,120,0.009028545534050546
2021-09-27,momentum_20,120,0.008790075401834543
2021-09-28,momentum_20,120,0.008260701569828343
2021-09-29,momentum_20,120,0.007329891871172106
2021-09-30,momentum_20,120,0.005156112872139675
2021-10-08,momentum_20,120,0.0019001973090730226
2021-10-11,momentum_20,120,-0.0005839938204545661
2021-10-12,momentum_20,120,-0.0024335299684159406
2021-10-13,momentum_20,120,-0.003133044967114801
2021-10-14,momentum_20,120,-0.0037276214314924303
2021-10-15,momentum_20,120,-0.0038646588032748056
2021-10-18,momentum_20,120,-0.003955777940243047
2021-10-19,momentum_20,120,-0.005182857563982248
2021-10-20,momentum_20,120,-0.005192906820697576
2021-10-21,momentum_20,120,-0.005377589265438122
2021-10-22,momentum_20,120,-0.004741812703891582
2021-10-25,momentum_20,120,-0.004665985832760196
2021-10-26,momentum_20,120,-0.0037080394531627896
2021-10-27,momentum_20,120,-0.002927941298277617
2021-10-28,momentum_20,120,-0.0023112169656706047
2021-10-29,momentum_20,120,-0.0005791970516940253
2021-11-01,momentum_20,120,0.0017506449750382556
2021-11-02,momentum_20,120,0.0015855634129365555
2021-11-03,momentum_20,120,0.0022213657824181545
2021-11-04,momentum_20,120,0.0029407303832394913
2021-11-05,momentum_20,120,0.003387155851688859
2021-11-08,momentum_20,120,0.003739319241883601
2021-11-09,momentum_20,120,0.0026018386398677334
2021-11-10,momentum_20,120,0.00018419710196713467
2021-11-11,momentum_20,120,-0.0010576162178191724
2021-11-12,momentum_20,120,-0.0016211499232480927
2021-11-15,momentum_20,120,0.00037635918472249245
2021-11-16,momentum_20,120,0.0015985921356580725
2021-11-17,momentum_20,120,0.0031599533560507913
2021-11-18,momentum_20,120,0.003715469608843572
2021-11-19,momentum_20,120,0.004645177585691514
2021-11-22,momentum_20,120,0.00641933427157398
2021-11-23,momentum_20,120,0.006770379577098723
2021-11-24,momentum_20,120,0.007597484699905909
2021-11-25,momentum_20,120,0.008749670603102278
2021-11-26,momentum_20,120,0.009836718162545877
2021-11-29,momentum_20,120,0.010347529633402642
2021-11-30,momentum_20,120,0.007930576604817184
2021-12-01,momentum_20,120,0.006145310887287895
2021-12-02,momentum_20,120,0.003973125120969018
2021-12-03,momentum_20,120,0.0014730214873260954
2021-12-06,momentum_20,120,-0.002636287372414698
2021-12-07,momentum_20,120,-0.006601791141902858
2021-12-08,momentum_20,120,-0.010109972115910517
2021-12-09,momentum_20,120,-0.011762837981352825
2021-12-10,momentum_20,120,-0.012341871289425049
2021-12-13,momentum_20,120,-0.012089765051809035
2021-12-14,momentum_20,120,-0.011295508843701377
2021-12-15,momentum_20,120,-0.009160579558120628
2021-12-16,momentum_20,120,-0.007215501348163983
2021-12-17,momentum_20,120,-0.00679895721997647
2021-12-20,momentum_20,120,-0.0048336881726186755
2021-12-21,momentum_20,120,-0.004655513000830277
2021-12-22,momentum_20,120,-0.005902244647018328
2021-12-23,momentum_20,120,-0.007257080821790324
2021-12-24,momentum_20,120,-0.010542779111977542
2021-12-27,momentum_20,120,-0.01309903317227926
2021-12-28,momentum_20,120,-0.013905510565504549
2021-12-29,momentum_20,120,-0.01478715318374027
2021-12-30,momentum_20,120,-0.016209579769463866
2021-12-31,momentum_20,120,-0.01608994473828502
2022-01-04,momentum_20,120,-0.015137678450033026
2022-01-05,momentum_20,120,-0.014689917702792364
2022-01-06,momentum_20,120,-0.01286134984699406
2022-01-07,momentum_20,120,-0.01369175448400268
2022-01-10,momentum_20,120,-0.016176041655266343
2022-01-11,momentum_20,120,-0.02126655770256695
2022-01-12,momentum_20,120,-0.025125850946395866
2022-01-13,momentum_20,120,-0.028560666427739592
2022-01-14,momentum_20,120,-0.03051699564330733
2022-01-17,momentum_20,120,-0.03178402323707706
2022-01-18,momentum_20,120,-0.03306820827439171
2022-01-19,momentum_20,120,-0.035500194042360704
2022-01-20,momentum_20,120,-0.03583505352371677
2022-01-21,momentum_20,120,-0.03660421968414493
2022-01-24,momentum_20,120,-0.03919145785920743
2022-01-25,momentum_20,120,-0.04146090001094626
2022-01-26,momentum_20,120,-0.042472518785696085
2022-01-27,momentum_20,120,-0.042338592734888755
2022-01-28,momentum_20,120,-0.040907612116972046
2022-02-07,momentum_20,120,-0.03797246736907075
2022-02-08,momentum_20,120,-0.03627370468116309
2022-02-09,momentum_20,120,-0.033852290886122
2022-02-10,momentum_20,120,-0.03346341994784776
2022-02-11,momentum_20,120,-0.03471198268197653
2022-02-14,momentum_20,120,-0.03480454814330805
2022-02-15,momentum_20,120,-0.03421317069638124
2022-02-16,momentum_20,120,-0.034626991755661383
2022-02-17,momentum_20,120,-0.03753961282729257
2022-02-18,momentum_20,120,-0.04118982413866326
2022-02-21,momentum_20,120,-0.04384079694970869
2022-02-22,momentum_20,120,-0.04694039196106505
2022-02-23,momentum_20,120,-0.047948068172330424
2022-02-24,momentum_20,120,-0.047958993571256645
2022-02-25,momentum_20,120,-0.049013486516010084
2022-02-28,momentum_20,120,-0.04896754662505611
2022-03-01,momentum_20,120,-0.04996112748005724
2022-03-02,momentum_20,120,-0.04886558537991162
2022-03-03,momentum_20,120,-0.04603603716351503
2022-03-04,momentum_20,120,-0.042096202376298505
2022-03-07,momentum_20,120,-0.03983630462005805
2022-03-08,momentum_20,120,-0.03714527475582235
2022-03-09,momentum_20,120,-0.03670038737273602
2022-03-10,momentum_20,120,-0.037998377270453985
2022-03-11,momentum_20,120,-0.03730088487335993
2022-03-14,momentum_20,120,-0.03844891252196924
2022-03-15,momentum_20,120,-0.03908263311254509
2022-03-16,momentum_20,120,-0.040309508760480464
2022-03-17,momentum_20,120,-0.041414746387284616
2022-03-18,momentum_20,120,-0.04223444683475779
2022-03-21,momentum_20,120,-0.04246160543911816
2022-03-22,momentum_20,120,-0.03899105229269063
2022-03-23,momentum_20,120,-0.03648394712404878
2022-03-24,momentum_20,120,-0.03406302248448345
2022-03-25,momentum_20,120,-0.033547317385341606
2022-03-28,momentum_20,120,-0.03255085094098579
2022-03-29,momentum_20,120,-0.032611713435045604
2022-03-30,momentum_20,120,-0.03180726534461865
2022-03-31,momentum_20,120,-0.029243522517371518
2022-04-01,momentum_20,120,-0.02648890605325593
2022-04-06,momentum_20,120,-0.02305100779383153
2022-04-07,momentum_20,120,-0.019650805002194537
2022-04-08,momentum_20,120,-0.016707492620579637
2022-04-11,momentum_20,120,-0.016644884071154793
2022-04-12,momentum_20,120,-0.01593242103708763
2022-04-13,momentum_20,120,-0.01618265151728178
2022-04-14,momentum_20,120,-0.01591039177053071
2022-04-15,momentum_20,120,-0.014572699908765606
2022-04-18,momentum_20,120,-0.012643163060928596
2022-04-19,momentum_20,120,-0.0112214967007749
2022-04-20,momentum_20,120,-0.011380480018643137
2022-04-21,momentum_20,120,-0.011323056245642385
2022-04-22,momentum_20,120,-0.01324593734528127
2022-04-25,momentum_20,120,-0.014912301697585414
2022-04-26,momentum_20,120,-0.01790485457819493
2022-04-27,momentum_20,120,-0.020514414619158008
2022-04-28,momentum_20,120,-0.023986182655089373
2022-04-29,momentum_20,120,-0.02561407366879196
2022-05-05,momentum_20,120,-0.028893727241140827
2022-05-06,momentum_20,120,-0.030776225308283146
2022-05-09,momentum_20,120,-0.03287036326508523
2022-05-10,momentum_20,120,-0.03284461728487386
2022-05-11,momentum_20,120,-0.03278957751694555
2022-05-12,momentum_20,120,-0.03258317357104522
2022-05-13,momentum_20,120,-0.033030409955642034
2022-05-16,momentum_20,120,-0.03433794265814603
2022-05-17,momentum_20,120,-0.03523785817895011
2022-05-18,momentum_20,120,-0.03464401946186221
2022-05-19,momentum_20,120,-0.03369994019272693
2022-05-20,momentum_20,120,-0.03232399378796524
2022-05-23,momentum_20,120,-0.03099294379719446
2022-05-24,momentum_20,120,-0.031955215462727074
2022-05-25,momentum_20,120,-0.03266724813611028
2022-05-26,momentum_20,120,-0.03271208835734748
2022-05-27,momentum_20,120,-0.03157976458390609
2022-05-30,momentum_20,120,-0.03163790356131845
2022-05-31,momentum_20,120,-0.031120528344882815
2022-06-01,momentum_20,120,-0.030411740356427183
2022-06-02,momentum_20,120,-0.03038089626474556
2022-06-06,momentum_20,120,-0.029630844655565265
2022-06-07,momentum_20,120,-0.026849952110859696
2022-06-08,momentum_20,120,-0.024292473319401795
2022-06-09,momentum_20,120,-0.021569692358681832
2022-06-10,momentum_20,120,-0.018957445335267387
2022-06-13,momentum_20,120,-0.01920751844705424
2022-06-14,momentum_20,120,-0.020716536813234435
2022-06-15,momentum_20,120,-0.0216521963881564
2022-06-16,momentum_20,120,-0.021775139918188666
2022-06-17,momentum_20,120,-0.02244820179660952
2022-06-20,momentum_20,120,-0.022928948790526475
2022-06-21,momentum_20,120,-0.022085741236045633
2022-06-22,momentum_20,120,-0.022859974545889616
2022-06-23,momentum_20,120,-0.02296463005863153
2022-06-24,momentum_20,120,-0.023964562064737883
2022-06-27,momentum_20,120,-0.02345141797274431
2022-06-28,momentum_20,120,-0.022913683289748403
2022-06-29,momentum_20,120,-0.021605833486663468
2022-06-30,momentum_20,120,-0.02222458974646632
2022-07-01,momentum_20,120,-0.024357648242076375
2022-07-04,momentum_20,120,-0.027223054211445982
2022-07-05,momentum_20,120,-0.030706529634179622
2022-07-06,momentum_20,120,-0.03388330320605066
2022-07-07,momentum_20,120,-0.035405955380800935
2022-07-08,momentum_20,120,-0.03605779109254915
2022-07-11,momentum_20,120,-0.035794767818974664
2022-07-12,momentum_20,120,-0.03506518482479683
2022-07-13,momentum_20,120,-0.03219791516165073
2022-07-14,momentum_20,120,-0.032058284348668434
2022-07-15,momentum_20,120,-0.03169565081292184
2022-07-18,momentum_20,120,-0.032555608880723855
2022-07-19,momentum_20,120,-0.03204001466346705
2022-07-20,momentum_20,120,-0.03208221012795834
2022-07-21,momentum_20,120,-0.030967344449698498
2022-07-22,momentum_20,120,-0.029584095459153782
2022-07-25,momentum_20,120,-0.02810796089396687
2022-07-26,momentum_20,120,-0.027325301513858882
2022-07-27,momentum_20,120,-0.026291896079881086
2022-07-28,momentum_20,120,-0.026494967838832872
2022-07-29,momentum_20,120,-0.028361035030745368
2022-08-01,momentum_20,120,-0.031330674442485676
2022-08-02,momentum_20,120,-0.034200097595386114
2022-08-03,momentum_20,120,-0.0332946607850385
2022-08-04,momentum_20,120,-0.03280176444759243
2022-08-05,momentum_20,120,-0.031395282653273744
2022-08-08,momentum_20,120,-0.02899073459632274
2022-08-09,momentum_20,120,-0.027191366520197727
2022-08-10,momentum_20,120,-0.02930835115748073
2022-08-11,momentum_20,120,-0.028550276643676202
2022-08-12,momentum_20,120,-0.027207976676574583
2022-08-15,momentum_20,120,-0.025731270047747685
2022-08-16,momentum_20,120,-0.023828880675733213
2022-08-17,momentum_20,120,-0.021925849141238664
2022-08-18,momentum_20,120,-0.023872257417265386
2022-08-19,momentum_20,120,-0.026493639611858553
2022-08-22,momentum_20,120,-0.02792299406837811
2022-08-23,momentum_20,120,-0.03137497328841829
2022-08-24,momentum_20,120,-0.03425275136797976
2022-08-25,momentum_20,120,-0.03729010003346057
2022-08-26,momentum_20,120,-0.03927974692395367
2022-08-29,momentum_20,120,-0.04153443738624074
2022-08-30,momentum_20,120,-0.042514981391255285
2022-08-31,momentum_20,120,-0.04485478262051316
2022-09-01,momentum_20,120,-0.04566639613478661
2022-09-02,momentum_20,120,-0.04515594707390601
2022-09-05,momentum_20,120,-0.04602440523801125
2022-09-06,momentum_20,120,-0.0457862781803021
2022-09-07,momentum_20,120,-0.043706822020164036
2022-09-08,momentum_20,120,-0.040755225581014715
2022-09-09,momentum_20,120,-0.0386920841662781
2022-09-13,momentum_20,120,-0.03654906189376262
2022-09-14,momentum_20,120,-0.03472970044064795
2022-09-15,momentum_20,120,-0.03699379336404211
2022-09-16,momentum_20,120,-0.03789875950369281
2022-09-19,momentum_20,120,-0.03879546776011869
2022-09-20,momentum_20,120,-0.0367664369717268
2022-09-21,momentum_20,120,-0.03617440060998764
2022-09-22,momentum_20,120,-0.03555809112171514
2022-09-23,momentum_20,120,-0.03619332719357047
2022-09-26,momentum_20,120,-0.03617443122358071
2022-09-27,momentum_20,120,-0.035563624418470954
2022-09-28,momentum_20,120,-0.03720631086248596
2022-09-29,momentum_20,120,-0.03825553005974794
2022-09-30,momentum_20,120,-0.0395511352651254
2022-10-10,momentum_20,120,-0.03984841292230693
2022-10-11,momentum_20,120,-0.041741376456417886
2022-10-12,momentum_20,120,-0.04153605911599053
2022-10-13,momentum_20,120,-0.04211091973752123
2022-10-14,momentum_20,120,-0.04281907028304018
2022-10-17,momentum_20,120,-0.04442027889688139
2022-10-18,momentum_20,120,-0.046253040654161484
2022-10-19,momentum_20,120,-0.0464680393623404
2022-10-20,momentum_20,120,-0.04669669891131497
2022-10-21,momentum_20,120,-0.04579397693814062
2022-10-24,momentum_20,120,-0.044516406985899114
2022-10-25,momentum_20,120,-0.04273245344030607
2022-10-26,momentum_20,120,-0.04248693885994025
2022-10-27,momentum_20,120,-0.04062171220601012
2022-10-28,momentum_20,120,-0.04223486212221069
2022-10-31,momentum_20,120,-0.04397104171295049
2022-11-01,momentum_20,120,-0.04580657805884823
2022-11-02,momentum_20,120,-0.04707849760403292
2022-11-03,momentum_20,120,-0.048186072179334356
2022-11-04,momentum_20,120,-0.04909429795228316
2022-11-07,momentum_20,120,-0.05087385769958646
2022-11-08,momentum_20,120,-0.051196264223059416
2022-11-09,momentum_20,120,-0.05098458555063861
2022-11-10,momentum_20,120,-0.051849366159399925
2022-11-11,momentum_20,120,-0.05181832383595937
2022-11-14,momentum_20,120,-0.051258865876605816
2022-11-15,momentum_20,120,-0.051108824680983454
2022-11-16,momentum_20,120,-0.05274343608778439
2022-11-17,momentum_20,120,-0.053863763974105895
2022-11-18,momentum_20,120,-0.05461427974388675
2022-11-21,momentum_20,120,-0.056013233306988125
2022-11-22,momentum_20,120,-0.056489097078632595
2022-11-23,momentum_20,120,-0.05473877135230972
2022-11-24,momentum_20,120,-0.05327448757185218
2022-11-25,momentum_20,120,-0.05170986328508263
2022-11-28,momentum_20,120,-0.04941200622711697
2022-11-29,momentum_20,120,-0.049274102088999336
2022-11-30,momentum_20,120,-0.05072948576501526
2022-12-01,momentum_20,120,-0.050446878408013054
2022-12-02,momentum_20,120,-0.04943440764629672
2022-12-05,momentum_20,120,-0.05079206852774476
2022-12-06,momentum_20,120,-0.04947517807194059
2022-12-07,momentum_20,120,-0.04715634006596465
2022-12-08,momentum_20,120,-0.046776804380979545
2022-12-09,momentum_20,120,-0.04682700758327537
2022-12-12,momentum_20,120,-0.04678307741350442
2022-12-13,momentum_20,120,-0.04925353263340752
2022-12-14,momentum_20,120,-0.05144058369883047
2022-12-15,momentum_20,120,-0.050060233131925674
2022-12-16,momentum_20,120,-0.05114247494564031
2022-12-19,momentum_20,120,-0.05160921753727359
2022-12-20,momentum_20,120,-0.0510289909289605
2022-12-21,momentum_20,120,-0.051052887998802046
2022-12-22,momentum_20,120,-0.05397481456627009
2022-12-23,momentum_20,120,-0.05534487842748225
2022-12-26,momentum_20,120,-0.055494790253917604
2022-12-27,momentum_20,120,-0.05523126240262582
2022-12-28,momentum_20,120,-0.05390731213920977
2022-12-29,momentum_20,120,-0.05294132858507565
2022-12-30,momentum_20,120,-0.054423842102382894
2023-01-03,momentum_20,120,-0.05513366932267054
2023-01-04,momentum_20,120,-0.056021666571273415
2023-01-05,momentum_20,120,-0.05585782225990511
2023-01-06,momentum_20,120,-0.054938320167630735
2023-01-09,momentum_20,120,-0.053561537215665124
2023-01-10,momentum_20,120,-0.053209102524476234
2023-01-11,momentum_20,120,-0.051994766661594104
2023-01-12,momentum_20,120,-0.05236692455457425
2023-01-13,momentum_20,120,-0.05455043730112427
2023-01-16,momentum_20,120,-0.055885635720893403
2023-01-17,momentum_20,120,-0.058593182286268725
2023-01-18,momentum_20,120,-0.06072199385523314
2023-01-19,momentum_20,120,-0.06303307249834669
2023-01-20,momentum_20,120,-0.0630141984854682
2023-01-30,momentum_20,120,-0.062431009799465496
2023-01-31,momentum_20,120,-0.060613857504472644
2023-02-01,momentum_20,120,-0.059240494006165975
2023-02-02,momentum_20,120,-0.05696733904260835
2023-02-03,momentum_20,120,-0.05786260890458247
2023-02-06,momentum_20,120,-0.05950003433712425
2023-02-07,momentum_20,120,-0.06107937059397381
2023-02-08,momentum_20,120,-0.06184992064689009
2023-02-09,momentum_20,120,-0.06432148197059057
2023-02-10,momentum_20,120,-0.06258293351284412
2023-02-13,momentum_20,120,-0.06315522019246174
2023-02-14,momentum_20,120,-0.06337331766563595
2023-02-15,momentum_20,120,-0.06479534371693033
2023-02-16,momentum_20,120,-0.0657165515794209
2023-02-17,momentum_20,120,-0.06541626424144707
2023-02-20,momentum_20,120,-0.06483695156552083
2023-02-21,momentum_20,120,-0.06424069080127252
2023-02-22,momentum_20,120,-0.06270806945420902
2023-02-23,momentum_20,120,-0.05926189121715155
2023-02-24,momentum_20,120,-0.058369706145150156
2023-02-27,momentum_20,120,-0.05811315762829217
2023-02-28,momentum_20,120,-0.059065536216065744
2023-03-01,momentum_20,120,-0.05920570997039135
2023-03-02,momentum_20,120,-0.06142191621309751
2023-03-03,momentum_20,120,-0.06174183388559649
2023-03-06,momentum_20,120,-0.06033829341982141
2023-03-07,momentum_20,120,-0.05957738418714851
2023-03-08,momentum_20,120,-0.05796597377984176
2023-03-09,momentum_20,120,-0.056560797806818185
2023-03-10,momentum_20,120,-0.05533111224865592
2023-03-13,momentum_20,120,-0.055242028454402736
2023-03-14,momentum_20,120,-0.05745941764628993
2023-03-15,momentum_20,120,-0.05938700104644763
2023-03-16,momentum_20,120,-0.06074274138288853
2023-03-17,momentum_20,120,-0.05974512441519671
2023-03-20,momentum_20,120,-0.059718206735232676
2023-03-21,momentum_20,120,-0.057611078555116504
2023-03-22,momentum_20,120,-0.057451791355592606
2023-03-23,momentum_20,120,-0.05941262261535393
2023-03-24,momentum_20,120,-0.06023167990621002
2023-03-27,momentum_20,120,-0.06061214544987032
2023-03-28,momentum_20,120,-0.05987737850643713
2023-03-29,momentum_20,120,-0.05944014312504566
2023-03-30,momentum_20,120,-0.05660695170212286
2023-03-31,momentum_20,120,-0.05580571589954238
2023-04-03,momentum_20,120,-0.05364891652949407
2023-04-04,momentum_20,120,-0.05084451624925931
2023-04-06,momentum_20,120,-0.049173182515207255
2023-04-07,momentum_20,120,-0.04819987710656706
2023-04-10,momentum_20,120,-0.04829353728507925
2023-04-11,momentum_20,120,-0.04916882068947454
2023-04-12,momentum_20,120,-0.05147193249552654
2023-04-13,momentum_20,120,-0.05123794561658877
2023-04-14,momentum_20,120,-0.05206613855469147
2023-04-17,momentum_20,120,-0.052200988530687345
2023-04-18,momentum_20,120,-0.05210328761899648
2023-04-19,momentum_20,120,-0.05271569235493138
2023-04-20,momentum_20,120,-0.053093153958413804
2023-04-21,momentum_20,120,-0.05135963635182667
2023-04-24,momentum_20,120,-0.050847864874592294
2023-04-25,momentum_20,120,-0.0479286508546993
2023-04-26,momentum_20,120,-0.044348792229278976
2023-04-27,momentum_20,120,-0.041176319918517425
2023-04-28,momentum_20,120,-0.038695821664081656
2023-05-04,momentum_20,120,-0.036861662199338
2023-05-05,momentum_20,120,-0.03455470844712031
2023-05-08,momentum_20,120,-0.03255136505846866
2023-05-09,momentum_20,120,-0.032049375008415294
2023-05-10,momentum_20,120,-0.03069802922152467
2023-05-11,momentum_20,120,-0.03060560721686969
2023-05-12,momentum_20,120,-0.03255734824739366
2023-05-15,momentum_20,120,-0.03474176959746302
2023-05-16,momentum_20,120,-0.037110247061409245
2023-05-17,momentum_20,120,-0.0384193899669898
2023-05-18,momentum_20,120,-0.038052903955539466
2023-05-19,momentum_20,120,-0.036992022396047784
2023-05-22,momentum_20,120,-0.03482654674731958
2023-05-23,momentum_20,120,-0.0348870165596914
2023-05-24,momentum_20,120,-0.03622159292623881
2023-05-25,momentum_20,120,-0.037924812333763214
2023-05-26,momentum_20,120,-0.03864219211129297
2023-05-29,momentum_20,120,-0.039418623507762665
2023-05-30,momentum_20,120,-0.038607376946934994
2023-05-31,momentum_20,120,-0.03851940857674533
2023-06-01,momentum_20,120,-0.039666657995765346
2023-06-02,momentum_20,120,-0.041162328358133146
2023-06-05,momentum_20,120,-0.04091460362830246
2023-06-06,momentum_20,120,-0.04034786198082547
2023-06-07,momentum_20,120,-0.04117869061284784
2023-06-08,momentum_20,120,-0.041535769302043606
2023-06-09,momentum_20,120,-0.043077208485838875
2023-06-12,momentum_20,120,-0.0437156753810409
2023-06-13,momentum_20,120,-0.04294323802152364
2023-06-14,momentum_20,120,-0.043684434357412955
2023-06-15,momentum_20,120,-0.04588648868938343
2023-06-16,momentum_20,120,-0.04580930824268463
2023-06-19,momentum_20,120,-0.04607043260193045
2023-06-20,momentum_20,120,-0.0477387997853618
2023-06-21,momentum_20,120,-0.04850784974918276
2023-06-26,momentum_20,120,-0.047828725467833226
2023-06-27,momentum_20,120,-0.04769079666984631
2023-06-28,momentum_20,120,-0.047425764170130544
2023-06-29,momentum_20,120,-0.046633115191026545
2023-06-30,momentum_20,120,-0.04607238612753128
2023-07-03,momentum_20,120,-0.04429195047254674
2023-07-04,momentum_20,120,-0.041042170399701594
2023-07-05,momentum_20,120,-0.041718057228959576
2023-07-06,momentum_20,120,-0.04261809484142631
2023-07-07,momentum_20,120,-0.04512254405512412
2023-07-10,momentum_20,120,-0.04709479928324873
2023-07-11,momentum_20,120,-0.04714830758683298
2023-07-12,momentum_20,120,-0.04733836260481938
2023-07-13,momentum_20,120,-0.04721772647070234
2023-07-14,momentum_20,120,-0.04650801654659358
2023-07-17,momentum_20,120,-0.0450933001142382
2023-07-18,momentum_20,120,-0.045043142165014795
2023-07-19,momentum_20,120,-0.04342009799763584
2023-07-20,momentum_20,120,-0.041220235194418225
2023-07-21,momentum_20,120,-0.03856671529031939
2023-07-24,momentum_20,120,-0.03714359091970601
2023-07-25,momentum_20,120,-0.03607210394119217
2023-07-26,momentum_20,120,-0.03580973977486977
2023-07-27,momentum_20,120,-0.036049088176162765
2023-07-28,momentum_20,120,-0.03973391365324574
2023-07-31,momentum_20,120,-0.0419363376945422
2023-08-01,momentum_20,120,-0.04301858922569598
2023-08-02,momentum_20,120,-0.04296506952401166
2023-08-03,momentum_20,120,-0.04254811768187272
2023-08-04,momentum_20,120,-0.039606670824611716
2023-08-07,momentum_20,120,-0.0383959270737139
2023-08-08,momentum_20,120,-0.03720588478405571
2023-08-09,momentum_20,120,-0.035617044941230004
2023-08-10,momentum_20,120,-0.03372499250876932
2023-08-11,momentum_20,120,-0.03305774594853222
2023-08-14,momentum_20,120,-0.03258443600117659
2023-08-15,momentum_20,120,-0.03212495487973994
2023-08-16,momentum_20,120,-0.033135167315788853
2023-08-17,momentum_20,120,-0.03483034659168686
2023-08-18,momentum_20,120,-0.03612662586700331
2023-08-21,momentum_20,120,-0.03560942028310089
2023-08-22,momentum_20,120,-0.03621652388169586
2023-08-23,momentum_20,120,-0.037876484818635474
2023-08-24,momentum_20,120,-0.03880377062023777
2023-08-25,momentum_20,120,-0.03952273039491062
2023-08-28,momentum_20,120,-0.04098773532990161
2023-08-29,momentum_20,120,-0.04338839982006867
2023-08-30,momentum_20,120,-0.044750488382963985
2023-08-31,momentum_20,120,-0.04573992791091959
2023-09-01,momentum_20,120,-0.04734721491852579
2023-09-04,momentum_20,120,-0.049672939856283044
2023-09-05,momentum_20,120,-0.05142484848018704
2023-09-06,momentum_20,120,-0.05080448455631043
2023-09-07,momentum_20,120,-0.05093179838737406
2023-09-08,momentum_20,120,-0.05281327230061834
2023-09-11,momentum_20,120,-0.053237530075083646
2023-09-12,momentum_20,120,-0.054140778169353206
2023-09-13,momentum_20,120,-0.057262136946634797
2023-09-14,momentum_20,120,-0.05858241579601354
2023-09-15,momentum_20,120,-0.05879702735927835
2023-09-18,momentum_20,120,-0.056525268358151644
2023-09-19,momentum_20,120,-0.05665955516272315
2023-09-20,momentum_20,120,-0.05863869128216707
2023-09-21,momentum_20,120,-0.060615105110604674
2023-09-22,momentum_20,120,-0.06050846564063628
2023-09-25,momentum_20,120,-0.05962499972294335
2023-09-26,momentum_20,120,-0.05874142091139364
2023-09-27,momentum_20,120,-0.05898077436216644
2023-09-28,momentum_20,120,-0.055699876071624015
2023-10-09,momentum_20,120,-0.052006768233314335
2023-10-10,momentum_20,120,-0.04837177997716826
2023-10-11,momentum_20,120,-0.04544786081895411
2023-10-12,momentum_20,120,-0.04382097376586633
2023-10-13,momentum_20,120,-0.04764670782129185
2023-10-16,momentum_20,120,-0.04958400883032033
2023-10-17,momentum_20,120,-0.050974766882721664
2023-10-18,momentum_20,120,-0.05275244596268027
2023-10-19,momentum_20,120,-0.052086263029744354
2023-10-20,momentum_20,120,-0.050875414092810496
2023-10-23,momentum_20,120,-0.05192522616928899
2023-10-24,momentum_20,120,-0.053094130860042305
2023-10-25,momentum_20,120,-0.054764928043229674
2023-10-26,momentum_20,120,-0.05640951842926598
2023-10-27,momentum_20,120,-0.056793749511424796
2023-10-30,momentum_20,120,-0.05835526184497022
2023-10-31,momentum_20,120,-0.05963931551709258
2023-11-01,momentum_20,120,-0.06073947078454329
2023-11-02,momentum_20,120,-0.06301647147004272
2023-11-03,momentum_20,120,-0.06392201152707001
2023-11-06,momentum_20,120,-0.06496052245200089
2023-11-07,momentum_20,120,-0.06502817971803555
2023-11-08,momentum_20,120,-0.06542428034262794
2023-11-09,momentum_20,120,-0.06396735333761587
2023-11-10,momentum_20,120,-0.06290176844767055
2023-11-13,momentum_20,120,-0.06100942962244838
2023-11-14,momentum_20,120,-0.05916794944475337
2023-11-15,momentum_20,120,-0.05706334404760056
2023-11-16,momentum_20,120,-0.05611189809674007
2023-11-17,momentum_20,120,-0.055909901700916406
2023-11-20,momentum_20,120,-0.056263506303710034
2023-11-21,momentum_20,120,-0.05479483517691271
2023-11-22,momentum_20,120,-0.05365099919368286
2023-11-23,momentum_20,120,-0.05270292652218968
2023-11-24,momentum_20,120,-0.05125378639063875
2023-11-27,momentum_20,120,-0.04792422273018504
2023-11-28,momentum_20,120,-0.04521415512586034
2023-11-29,momentum_20,120,-0.044413092371774925
2023-11-30,momentum_20,120,-0.043020753144992395
2023-12-01,momentum_20,120,-0.043253206257976504
2023-12-04,momentum_20,120,-0.04208472398149801
2023-12-05,momentum_20,120,-0.040592085988361615
2023-12-06,momentum_20,120,-0.03789234463105152
2023-12-07,momentum_20,120,-0.03604559114491166
2023-12-08,momentum_20,120,-0.03438621465863707
2023-12-11,momentum_20,120,-0.03138777656543344
2023-12-12,momentum_20,120,-0.029007339189330312
2023-12-13,momentum_20,120,-0.02692216062197057
2023-12-14,momentum_20,120,-0.025925556444150174
2023-12-15,momentum_20,120,-0.025224737846176605
2023-12-18,momentum_20,120,-0.02525861809773525
2023-12-19,momentum_20,120,-0.02508852917296785
2023-12-20,momentum_20,120,-0.02596561641545955
2023-12-21,momentum_20,120,-0.026872665046898607
2023-12-22,momentum_20,120,-0.027113731904461313
2023-12-25,momentum_20,120,-0.02609252337370732
2023-12-26,momentum_20,120,-0.026894927824132032
2023-12-27,momentum_20,120,-0.027465890710318117
2023-12-28,momentum_20,120,-0.02766081230231878
2023-12-29,momentum_20,120,-0.026089126518305826
2024-01-02,momentum_20,120,-0.02333428392778837
2024-01-03,momentum_20,120,-0.021630555910817962
2024-01-04,momentum_20,120,-0.022186689027841044
2024-01-05,momentum_20,120,-0.02088758179879941
2024-01-08,momentum_20,120,-0.020129867103490094
2024-01-09,momentum_20,120,-0.019646495583354885
2024-01-10,momentum_20,120,-0.01830424449245583
2024-01-11,momentum_20,120,-0.015998131971583618
2024-01-12,momentum_20,120,-0.015377851082696637
2024-01-15,momentum_20,120,-0.01667799404154153
2024-01-16,momentum_20,120,-0.0189372712297381
2024-01-17,momentum_20,120,-0.02161339024935557
2024-01-18,momentum_20,120,-0.024949429908846885
2024-01-19,momentum_20,120,-0.026057886894902967
2024-01-22,momentum_20,120,-0.027128063429382114
2024-01-23,momentum_20,120,-0.025200783380661562
2024-01-24,momentum_20,120,-0.022307396478783954
2024-01-25,momentum_20,120,-0.019801660971892523
2024-01-26,momentum_20,120,-0.018242532522059682
2024-01-29,momentum_20,120,-0.016759937411088825
2024-01-30,momentum_20,120,-0.015722738246773095
2024-01-31,momentum_20,120,-0.012851073879961868
2024-02-01,momentum_20,120,-0.00979493901176245
2024-02-02,momentum_20,120,-0.008834600891736995
2024-02-05,momentum_20,120,-0.010289452345331896
2024-02-06,momentum_20,120,-0.01515629386580814
2024-02-07,momentum_20,120,-0.022394919746991895
2024-02-08,momentum_20,120,-0.027645811925392567
2024-02-19,momentum_20,120,-0.03218510875578732
2024-02-20,momentum_20,120,-0.03738349242156691
2024-02-21,momentum_20,120,-0.04070006539059955
2024-02-22,momentum_20,120,-0.042525290328292435
2024-02-23,momentum_20,120,-0.04081070829719107
2024-02-26,momentum_20,120,-0.03539995595734964
2024-02-27,momentum_20,120,-0.03041026376009376
2024-02-28,momentum_20,120,-0.029772210609978655
2024-02-29,momentum_20,120,-0.02855253398833292
2024-03-01,momentum_20,120,-0.027547251508092573
2024-03-04,momentum_20,120,-0.02809056956113123
2024-03-05,momentum_20,120,-0.031056940876166835
2024-03-06,momentum_20,120,-0.032736645860322273
2024-03-07,momentum_20,120,-0.03344647035336008
2024-03-08,momentum_20,120,-0.0352021179912113
2024-03-11,momentum_20,120,-0.036076587733819346
2024-03-12,momentum_20,120,-0.03437561250012706
2024-03-13,momentum_20,120,-0.029447182958244788
2024-03-14,momentum_20,120,-0.025724565694295935
2024-03-15,momentum_20,120,-0.022489936052653172
2024-03-18,momentum_20,120,-0.02041544340750729
2024-03-19,momentum_20,120,-0.01980318569224858
2024-03-20,momentum_20,120,-0.02112524204041547
2024-03-21,momentum_20,120,-0.024174160168337015
2024-03-22,momentum_20,120,-0.024831665377837594
2024-03-25,momentum_20,120,-0.02467885055086656
2024-03-26,momentum_20,120,-0.02447953565560212
2024-03-27,momentum_20,120,-0.025793956731770363
2024-03-28,momentum_20,120,-0.028114483081072447
2024-03-29,momentum_20,120,-0.029878080165614114
2024-04-01,momentum_20,120,-0.029860983724383287
2024-04-02,momentum_20,120,-0.031750842355551916
2024-04-03,momentum_20,120,-0.03580736741799607
2024-04-08,momentum_20,120,-0.04022547801388808
2024-04-09,momentum_20,120,-0.04358717702029405
2024-04-10,momentum_20,120,-0.045815432773082976
2024-04-11,momentum_20,120,-0.04372546615936237
2024-04-12,momentum_20,120,-0.04120280096584748
2024-04-15,momentum_20,120,-0.039265806251010595
2024-04-16,momentum_20,120,-0.041769052441580336
2024-04-17,momentum_20,120,-0.043694976263571925
2024-04-18,momentum_20,120,-0.04591758292848991
2024-04-19,momentum_20,120,-0.04941294714560649
2024-04-22,momentum_20,120,-0.05330724654878068
2024-04-23,momentum_20,120,-0.05475011651453753
2024-04-24,momentum_20,120,-0.05424431193477827
2024-04-25,momentum_20,120,-0.05497244852853687
2024-04-26,momentum_20,120,-0.053799855961569096
2024-04-29,momentum_20,120,-0.051144682376239516
2024-04-30,momentum_20,120,-0.0483081793315493
2024-05-06,momentum_20,120,-0.042313794721154825
2024-05-07,momentum_20,120,-0.03850183680141777
2024-05-08,momentum_20,120,-0.0369445104650328
2024-05-09,momentum_20,120,-0.03643815131359255
2024-05-10,momentum_20,120,-0.03530090007525582
2024-05-13,momentum_20,120,-0.03702855858659426
2024-05-14,momentum_20,120,-0.03758425429598979
2024-05-15,momentum_20,120,-0.03922831860514369
2024-05-16,momentum_20,120,-0.04110263842195488
2024-05-17,momentum_20,120,-0.043392689325781546
2024-05-20,momentum_20,120,-0.04458209862663599
2024-05-21,momentum_20,120,-0.04496912861583713
2024-05-22,momentum_20,120,-0.044780466240178375
2024-05-23,momentum_20,120,-0.045361693060116136
2024-05-24,momentum_20,120,-0.04621974341757996
2024-05-27,momentum_20,120,-0.04862115154831238
2024-05-28,momentum_20,120,-0.05121727922868192
2024-05-29,momentum_20,120,-0.05579385830644347
2024-05-30,momentum_20,120,-0.057795715284597156
2024-05-31,momentum_20,120,-0.058457735653102784
2024-06-03,momentum_20,120,-0.05767882579585647
2024-06-04,momentum_20,120,-0.05889421026410719
2024-06-05,momentum_20,120,-0.059840336961721884
2024-06-06,momentum_20,120,-0.06302883717554313
2024-06-07,momentum_20,120,-0.06430370218102054
2024-06-11,momentum_20,120,-0.06545057317951947
2024-06-12,momentum_20,120,-0.06480477509798517
2024-06-13,momentum_20,120,-0.06519276035746863
2024-06-14,momentum_20,120,-0.06587096051466003
2024-06-17,momentum_20,120,-0.06624817053492874
2024-06-18,momentum_20,120,-0.06479763089001706
2024-06-19,momentum_20,120,-0.06350788670879673
2024-06-20,momentum_20,120,-0.061724293983634985
2024-06-21,momentum_20,120,-0.059108219817513
2024-06-24,momentum_20,120,-0.058405045814630255
2024-06-25,momentum_20,120,-0.05803994983013802
2024-06-26,momentum_20,120,-0.058179907347139036
2024-06-27,momentum_20,120,-0.05915296070647376
2024-06-28,momentum_20,120,-0.06023021542477633
2024-07-01,momentum_20,120,-0.06009134677789803
2024-07-02,momentum_20,120,-0.05880767161458598
2024-07-03,momentum_20,120,-0.05875139733957473
2024-07-04,momentum_20,120,-0.05988316635987921
2024-07-05,momentum_20,120,-0.061375119925923274
2024-07-08,momentum_20,120,-0.061634558242653494
2024-07-09,momentum_20,120,-0.06276527698483635
2024-07-10,momentum_20,120,-0.06485120378088778
2024-07-11,momentum_20,120,-0.0660698241956022
2024-07-12,momentum_20,120,-0.06812698652070279
2024-07-15,momentum_20,120,-0.0707981468678141
2024-07-16,momentum_20,120,-0.07173457269732078
2024-07-17,momentum_20,120,-0.07158163750031402
2024-07-18,momentum_20,120,-0.07058754558458422
2024-07-19,momentum_20,120,-0.06999254758724124
2024-07-22,momentum_20,120,-0.06751457765643694
2024-07-23,momentum_20,120,-0.06648934931869918
2024-07-24,momentum_20,120,-0.06822251791349239
2024-07-25,momentum_20,120,-0.06999397982631804
2024-07-26,momentum_20,120,-0.0712676906324174
2024-07-29,momentum_20,120,-0.0737692899639224
2024-07-30,momentum_20,120,-0.07632243297535928
2024-07-31,momentum_20,120,-0.07841014271120761
2024-08-01,momentum_20,120,-0.08204394797828508
2024-08-02,momentum_20,120,-0.08699394420662673
2024-08-05,momentum_20,120,-0.09144247380350982
2024-08-06,momentum_20,120,-0.09486761057341861
2024-08-07,momentum_20,120,-0.09374748921308708
2024-08-08,momentum_20,120,-0.08878889890197249
2024-08-09,momentum_20,120,-0.08098154323196696
2024-08-12,momentum_20,120,-0.07480607668937883
2024-08-13,momentum_20,120,-0.06888361256200093
2024-08-14,momentum_20,120,-0.062394894167075415
2024-08-15,momentum_20,120,-0.0590673988917096
2024-08-16,momentum_20,120,-0.05820921137846747
2024-08-19,momentum_20,120,-0.058817070321494413
2024-08-20,momentum_20,120,-0.061828410789581914
2024-08-21,momentum_20,120,-0.06602588926847272
2024-08-22,momentum_20,120,-0.06510601651137336
2024-08-23,momentum_20,120,-0.06446967970648407
2024-08-26,momentum_20,120,-0.06356908575158832
2024-08-27,momentum_20,120,-0.06292634652887726
2024-08-28,momentum_20,120,-0.06091352678550624
2024-08-29,momentum_20,120,-0.05905092653949754
2024-08-30,momentum_20,120,-0.057743498263930354
2024-09-02,momentum_20,120,-0.05631125194024529
2024-09-03,momentum_20,120,-0.05511345008377068
2024-09-04,momentum_20,120,-0.056207873971939125
2024-09-05,momentum_20,120,-0.05898312755953397
2024-09-06,momentum_20,120,-0.061501127608838295
2024-09-09,momentum_20,120,-0.06403665787107157
2024-09-10,momentum_20,120,-0.06506351218866384
2024-09-11,momentum_20,120,-0.06521332044671141
2024-09-12,momentum_20,120,-0.06259261905417142
2024-09-13,momentum_20,120,-0.062016309734282474
2024-09-18,momentum_20,120,-0.061943997288582
2024-09-19,momentum_20,120,-0.06338118414073217
2024-09-20,momentum_20,120,-0.06521605866590369
2024-09-23,momentum_20,120,-0.06773875708503894
2024-09-24,momentum_20,120,-0.0681521249662516
2024-09-25,momentum_20,120,-0.06898306664684531
2024-09-26,momentum_20,120,-0.07026151936873629
2024-09-27,momentum_20,120,-0.07103752513535734
2024-09-30,momentum_20,120,-0.07003790809715496
2024-10-08,momentum_20,120,-0.07277121515021175
2024-10-09,momentum_20,120,-0.07471481103787521
2024-10-10,momentum_20,120,-0.07477527461358581
2024-10-11,momentum_20,120,-0.07266025919615422
2024-10-14,momentum_20,120,-0.07095356361630663
2024-10-15,momentum_20,120,-0.07089420680331406
2024-10-16,momentum_20,120,-0.06595589660147784
2024-10-17,momentum_20,120,-0.06455845093145487
2024-10-18,momentum_20,120,-0.06411578904586011
2024-10-21,momentum_20,120,-0.062048723999102315
2024-10-22,momentum_20,120,-0.05805493551298987
2024-10-23,momentum_20,120,-0.05553524595249973
2024-10-24,momentum_20,120,-0.05413751528202832
2024-10-25,momentum_20,120,-0.054225569154146745
2024-10-28,momentum_20,120,-0.055332153085938876
2024-10-29,momentum_20,120,-0.05754248748318984
2024-10-30,momentum_20,120,-0.060032359513645286
2024-10-31,momentum_20,120,-0.06551254314071218
2024-11-01,momentum_20,120,-0.06810490208172239
2024-11-04,momentum_20,120,-0.0690421379169302
2024-11-05,momentum_20,120,-0.07080346983371734
2024-11-06,momentum_20,120,-0.07186522097591347
2024-11-07,momentum_20,120,-0.07214373339227294
2024-11-08,momentum_20,120,-0.07361588208475656
2024-11-11,momentum_20,120,-0.07445497958924424
2024-11-12,momentum_20,120,-0.07487004339841351
2024-11-13,momentum_20,120,-0.07525329004833076
2024-11-14,momentum_20,120,-0.07586294778274899
2024-11-15,momentum_20,120,-0.07439508086450233
2024-11-18,momentum_20,120,-0.07387430878287991
2024-11-19,momentum_20,120,-0.07296858592847046
2024-11-20,momentum_20,120,-0.07316474500402428
2024-11-21,momentum_20,120,-0.07193282381852914
2024-11-22,momentum_20,120,-0.0714196230465573
2024-11-25,momentum_20,120,-0.06980259513596883
2024-11-26,momentum_20,120,-0.07026065094245038
2024-11-27,momentum_20,120,-0.07100562278084514
2024-11-28,momentum_20,120,-0.07270161098695807
2024-11-29,momentum_20,120,-0.07241757603316447
2024-12-02,momentum_20,120,-0.07124612273419886
2024-12-03,momentum_20,120,-0.06895402697737003
2024-12-04,momentum_20,120,-0.0689875695543145
2024-12-05,momentum_20,120,-0.07069448231514372
2024-12-06,momentum_20,120,-0.0714488655948887
2024-12-09,momentum_20,120,-0.07325718852890922
2024-12-10,momentum_20,120,-0.07581081830632974
2024-12-11,momentum_20,120,-0.07799486213719378
2024-12-12,momentum_20,120,-0.0799773852506438
2024-12-13,momentum_20,120,-0.08182366949037814
2024-12-16,momentum_20,120,-0.08403130851228396
2024-12-17,momentum_20,120,-0.08582977726340897
2024-12-18,momentum_20,120,-0.08532754232531976
2024-12-19,momentum_20,120,-0.08425096781450185
2024-12-20,momentum_20,120,-0.08378307460664054
2024-12-23,momentum_20,120,-0.08280646646459024
2024-12-24,momentum_20,120,-0.08173275339099947
2024-12-25,momentum_20,120,-0.08389543342910194
2024-12-26,momentum_20,120,-0.0869083850513054
2024-12-27,momentum_20,120,-0.08890315153342107
2024-12-30,momentum_20,120,-0.09034906788209773
2024-12-31,momentum_20,120,-0.09074409718690689
2025-01-02,momentum_20,120,-0.09157526848438638
2025-01-03,momentum_20,120,-0.09231906409901497
2025-01-06,momentum_20,120,-0.09285004446085812
2025-01-07,momentum_20,120,-0.09500217791789997
2025-01-08,momentum_20,120,-0.09699789846468934
2025-01-09,momentum_20,120,-0.09764601096536017
2025-01-10,momentum_20,120,-0.09948784254812369
2025-01-13,momentum_20,120,-0.10138281917794469
2025-01-14,momentum_20,120,-0.09984500609039465
2025-01-15,momentum_20,120,-0.09808707571593446
2025-01-16,momentum_20,120,-0.09862517910850757
2025-01-17,momentum_20,120,-0.09913571864333269
2025-01-20,momentum_20,120,-0.09574607961063981
2025-01-21,momentum_20,120,-0.0952441822859477
2025-01-22,momentum_20,120,-0.09657133793093159
2025-01-23,momentum_20,120,-0.09724505248150303
2025-01-24,momentum_20,120,-0.09729397710671966
2025-01-27,momentum_20,120,-0.09815176779373135
2025-02-05,momentum_20,120,-0.09603219244299012
2025-02-06,momentum_20,120,-0.09510823354195336
2025-02-07,momentum_20,120,-0.09456397680830347
2025-02-10,momentum_20,120,-0.09189974121413588
2025-02-11,momentum_20,120,-0.09232396365579784
2025-02-12,momentum_20,120,-0.09198910422438221
2025-02-13,momentum_20,120,-0.09076323700654958
2025-02-14,momentum_20,120,-0.08825572574590551
2025-02-17,momentum_20,120,-0.0863083956695583
2025-02-18,momentum_20,120,-0.08472326305323355
2025-02-19,momentum_20,120,-0.08459841718952875
2025-02-20,momentum_20,120,-0.08560940491915317
2025-02-21,momentum_20,120,-0.0895356791356216
2025-02-24,momentum_20,120,-0.0926737754075595
2025-02-25,momentum_20,120,-0.09568029742010875
2025-02-26,momentum_20,120,-0.09802076496675376
2025-02-27,momentum_20,120,-0.09764179408393873
2025-02-28,momentum_20,120,-0.09702891850474776
2025-03-03,momentum_20,120,-0.09556498235924
2025-03-04,momentum_20,120,-0.09469296109664559
2025-03-05,momentum_20,120,-0.09563030897742333
2025-03-06,momentum_20,120,-0.09819758374195443
2025-03-07,momentum_20,120,-0.09963044613086537
2025-03-10,momentum_20,120,-0.10206967890872504
2025-03-11,momentum_20,120,-0.10454779437811225
2025-03-12,momentum_20,120,-0.1057924806884554
2025-03-13,momentum_20,120,-0.10796840026851424
2025-03-14,momentum_20,120,-0.10809609416351845
2025-03-17,momentum_20,120,-0.10759368354547923
2025-03-18,momentum_20,120,-0.10934763445108228
2025-03-19,momentum_20,120,-0.108765587750459
2025-03-20,momentum_20,120,-0.10761287474893953
2025-03-21,momentum_20,120,-0.1069675396018905
2025-03-24,momentum_20,120,-0.10665704807414214
2025-03-25,momentum_20,120,-0.10621339753510986
2025-03-26,momentum_20,120,-0.10562278564944472
2025-03-27,momentum_20,120,-0.10421082169495731
2025-03-28,momentum_20,120,-0.10202668469401073
2025-03-31,momentum_20,120,-0.10047930700211277
2025-04-01,momentum_20,120,-0.09936000185493891
2025-04-02,momentum_20,120,-0.09895842673015613
2025-04-03,momentum_20,120,-0.09343373238785818
2025-04-07,momentum_20,120,-0.09286793585649335
2025-04-08,momentum_20,120,-0.09411072401909784
2025-04-09,momentum_20,120,-0.09710573404988847
2025-04-10,momentum_20,120,-0.09937518862548507
2025-04-11,momentum_20,120,-0.10070104974471537
2025-04-14,momentum_20,120,-0.10270386828204288
2025-04-15,momentum_20,120,-0.10248755916897696
2025-04-16,momentum_20,120,-0.10386379914053355
2025-04-17,momentum_20,120,-0.10314485553409315
2025-04-18,momentum_20,120,-0.10393798808798807
2025-04-21,momentum_20,120,-0.10390294041070636
2025-04-22,momentum_20,120,-0.10567339532487026
2025-04-23,momentum_20,120,-0.1049277669171179
2025-04-24,momentum_20,120,-0.10760963025104124
2025-04-25,momentum_20,120,-0.11011247900290738
2025-04-28,momentum_20,120,-0.11408897479104455
2025-04-29,momentum_20,120,-0.1154592911122281
2025-04-30,momentum_20,120,-0.11849256746584072
2025-05-06,momentum_20,120,-0.12071480226913081
2025-05-07,momentum_20,120,-0.12093777004590306
2025-05-08,momentum_20,120,-0.12046867014083161
2025-05-09,momentum_20,120,-0.11801470286045576
2025-05-12,momentum_20,120,-0.11499326737870334
2025-05-13,momentum_20,120,-0.11168940587851196
2025-05-14,momentum_20,120,-0.10905053458904532
2025-05-15,momentum_20,120,-0.10733905179985107
2025-05-16,momentum_20,120,-0.10696637669665175
2025-05-19,momentum_20,120,-0.10792962247507548
2025-05-20,momentum_20,120,-0.10840593476542387
2025-05-21,momentum_20,120,-0.10804387882661967
2025-05-22,momentum_20,120,-0.1070076736427482
2025-05-23,momentum_20,120,-0.10628736518434151
2025-05-26,momentum_20,120,-0.10450488038342194
2025-05-27,momentum_20,120,-0.10416082003246636
2025-05-28,momentum_20,120,-0.10431809851656476
2025-05-29,momentum_20,120,-0.10407339094467151
2025-05-30,momentum_20,120,-0.10378020999132023
2025-06-03,momentum_20,120,-0.10406240000647896
2025-06-04,momentum_20,120,-0.10677313048766233
2025-06-05,momentum_20,120,-0.10482691588654695
2025-06-06,momentum_20,120,-0.10368781950808766
2025-06-09,momentum_20,120,-0.10233461390776351
2025-06-10,momentum_20,120,-0.10363468243106391
2025-06-11,momentum_20,120,-0.10394688623492859
2025-06-12,momentum_20,120,-0.10519252455894339
2025-06-13,momentum_20,120,-0.10636565062946193
2025-06-16,momentum_20,120,-0.10622036316375642
2025-06-17,momentum_20,120,-0.10646420580879178
2025-06-18,momentum_20,120,-0.10546614227681832
2025-06-19,momentum_20,120,-0.10646156213588674
2025-06-20,momentum_20,120,-0.10774169041206089
2025-06-23,momentum_20,120,-0.10904071747569825
2025-06-24,momentum_20,120,-0.10802395303263487
2025-06-25,momentum_20,120,-0.10860201346765858
2025-06-26,momentum_20,120,-0.1085020748076333
2025-06-27,momentum_20,120,-0.10685562753844133
2025-06-30,momentum_20,120,-0.10676407016825785
2025-07-01,momentum_20,120,-0.10556735110038785
2025-07-02,momentum_20,120,-0.10469206668995258
2025-07-03,momentum_20,120,-0.10378373279865882
2025-07-04,momentum_20,120,-0.10267340165896956
2025-07-07,momentum_20,120,-0.10258043645556535
2025-07-08,momentum_20,120,-0.10191225024425826
2025-07-09,momentum_20,120,-0.10158037579478113
2025-07-10,momentum_20,120,-0.1007467014756441
2025-07-11,momentum_20,120,-0.09979387247792855
2025-07-14,momentum_20,120,-0.09703528308580009
2025-07-15,momentum_20,120,-0.09394710969864715
2025-07-16,momentum_20,120,-0.09457959971323189
2025-07-17,momentum_20,120,-0.09633655204668104
2025-07-18,momentum_20,120,-0.09759680389700737
2025-07-21,momentum_20,120,-0.09810723378343864
2025-07-22,momentum_20,120,-0.09974269526458374
2025-07-23,momentum_20,120,-0.09839576476475682
2025-07-24,momentum_20,120,-0.09755804531267583
2025-07-25,momentum_20,120,-0.09542760063563
2025-07-28,momentum_20,120,-0.09394694309469956
2025-07-29,momentum_20,120,-0.09378218720903603
2025-07-30,momentum_20,120,-0.09504119831766175
2025-07-31,momentum_20,120,-0.09557545944903731
2025-08-01,momentum_20,120,-0.09623876750703625
2025-08-04,momentum_20,120,-0.09844891897858396
2025-08-05,momentum_20,120,-0.0982081001284037
2025-08-06,momentum_20,120,-0.098282218001334
2025-08-07,momentum_20,120,-0.09994483934304628
2025-08-08,momentum_20,120,-0.10144379384599285
2025-08-11,momentum_20,120,-0.10157735727281145
2025-08-12,momentum_20,120,-0.10342297493228356
2025-08-13,momentum_20,120,-0.10378092914138709
2025-08-14,momentum_20,120,-0.10310208048122729
2025-08-15,momentum_20,120,-0.10019745977737085
2025-08-18,momentum_20,120,-0.09774536841662487
2025-08-19,momentum_20,120,-0.09595799671480985
2025-08-20,momentum_20,120,-0.09494486968774771
2025-08-21,momentum_20,120,-0.09430692232734389
2025-08-22,momentum_20,120,-0.09572794927015536
2025-08-25,momentum_20,120,-0.09615398494386972
2025-08-26,momentum_20,120,-0.09613793148623828
2025-08-27,momentum_20,120,-0.09621961772929034
2025-08-28,momentum_20,120,-0.09731167058769113
2025-08-29,momentum_20,120,-0.09719831503717494
2025-09-01,momentum_20,120,-0.0960671403434867
2025-09-02,momentum_20,120,-0.09411046966123117
2025-09-03,momentum_20,120,-0.0933939005446409
2025-09-04,momentum_20,120,-0.09066860189492873
2025-09-05,momentum_20,120,-0.09083091632268209
2025-09-08,momentum_20,120,-0.09037135484988586
2025-09-09,momentum_20,120,-0.08894384925682532
2025-09-10,momentum_20,120,-0.0895841567037157
2025-09-11,momentum_20,120,-0.09053618722937977
2025-09-12,momentum_20,120,-0.0899910476689754
2025-09-15,momentum_20,120,-0.0891627598521739
2025-09-16,momentum_20,120,-0.08793318452586953
2025-09-17,momentum_20,120,-0.08681149699913623
2025-09-18,momentum_20,120,-0.08683850632139031
2025-09-19,momentum_20,120,-0.08860184537963017
2025-09-22,momentum_20,120,-0.08849715614069666
2025-09-23,momentum_20,120,-0.08944982943118372
2025-09-24,momentum_20,120,-0.09051859103346092
2025-09-25,momentum_20,120,-0.09263509525262985
2025-09-26,momentum_20,120,-0.09069931434643322
2025-09-29,momentum_20,120,-0.08864844426443547
2025-09-30,momentum_20,120,-0.08788924504013668
2025-10-09,momentum_20,120,-0.08947875625655106
2025-10-10,momentum_20,120,-0.091155902864107
2025-10-13,momentum_20,120,-0.09246291242391656
2025-10-14,momentum_20,120,-0.09367293818276834
2025-10-15,momentum_20,120,-0.0921324101143539
2025-10-16,momentum_20,120,-0.09141302178070033
2025-10-17,momentum_20,120,-0.09081991683773033
2025-10-20,momentum_20,120,-0.09014597186016454
2025-10-21,momentum_20,120,-0.08731833911149432
2025-10-22,momentum_20,120,-0.08551677991200453
2025-10-23,momentum_20,120,-0.08105322156536834
2025-10-24,momentum_20,120,-0.07918959011159775
2025-10-27,momentum_20,120,-0.07654402742890948
2025-10-28,momentum_20,120,-0.07425643903795195
2025-10-29,momentum_20,120,-0.07108755952632519
2025-10-30,momentum_20,120,-0.06778789825258404
2025-10-31,momentum_20,120,-0.062335326800539125
2025-11-03,momentum_20,120,-0.05848891746391579
2025-11-04,momentum_20,120,-0.057157234353413834
2025-11-05,momentum_20,120,-0.056004863153875824
2025-11-06,momentum_20,120,-0.055936275160786766
2025-11-07,momentum_20,120,-0.055713388088363756
2025-11-10,momentum_20,120,-0.05545980009849261
2025-11-11,momentum_20,120,-0.05611124009834025
2025-11-12,momentum_20,120,-0.05719294447169946
2025-11-13,momentum_20,120,-0.057366750113985995
2025-11-14,momentum_20,120,-0.06070684108359259
2025-11-17,momentum_20,120,-0.06269702441152042
2025-11-18,momentum_20,120,-0.06303303486905502
2025-11-19,momentum_20,120,-0.06494043263641486
2025-11-20,momentum_20,120,-0.06544306727650505
2025-11-21,momentum_20,120,-0.06601182323310323
2025-11-24,momentum_20,120,-0.06658785955441411
2025-11-25,momentum_20,120,-0.06788643304116421
2025-11-26,momentum_20,120,-0.06859345742168536
2025-11-27,momentum_20,120,-0.06893942802238347
2025-11-28,momentum_20,120,-0.0715438902662949
2025-12-01,momentum_20,120,-0.07363678460890057
2025-12-02,momentum_20,120,-0.07529568700411436
2025-12-03,momentum_20,120,-0.07602594308753242
2025-12-04,momentum_20,120,-0.07684642671498604
2025-12-05,momentum_20,120,-0.0758901073613047
2025-12-08,momentum_20,120,-0.07457516174782372
2025-12-09,momentum_20,120,-0.07439784509289517
2025-12-10,momentum_20,120,-0.074553389502262
2025-12-11,momentum_20,120,-0.07521065502270124
2025-12-12,momentum_20,120,-0.07651071349920738
2025-12-15,momentum_20,120,-0.07594817921949516
2025-12-16,momentum_20,120,-0.07536743784226525
2025-12-17,momentum_20,120,-0.07490424296437151
2025-12-18,momentum_20,120,-0.07428589459456306
2025-12-19,momentum_20,120,-0.07330647200004589
2025-12-22,momentum_20,120,-0.07272781631824907
2025-12-23,momentum_20,120,-0.07061887997347241
2025-12-24,momentum_20,120,-0.07031672664754272
2018-04-03,momentum_60,60,
2018-04-04,momentum_60,60,
2018-04-09,momentum_60,60,
2018-04-10,momentum_60,60,
2018-04-11,momentum_60,60,
2018-04-12,momentum_60,60,
2018-04-13,momentum_60,60,
2018-04-16,momentum_60,60,
2018-04-17,momentum_60,60,
2018-04-18,momentum_60,60,
2018-04-19,momentum_60,60,
2018-04-20,momentum_60,60,
2018-04-23,momentum_60,60,
2018-04-24,momentum_60,60,
2018-04-25,momentum_60,60,
2018-04-26,momentum_60,60,
2018-04-27,momentum_60,60,
2018-05-02,momentum_60,60,
2018-05-03,momentum_60,60,
2018-05-04,momentum_60,60,
2018-05-07,momentum_60,60,
2018-05-08,momentum_60,60,
2018-05-09,momentum_60,60,
2018-05-10,momentum_60,60,
2018-05-11,momentum_60,60,
2018-05-14,momentum_60,60,
2018-05-15,momentum_60,60,
2018-05-16,momentum_60,60,
2018-05-17,momentum_60,60,
2018-05-18,momentum_60,60,
2018-05-21,momentum_60,60,
2018-05-22,momentum_60,60,
2018-05-23,momentum_60,60,
2018-05-24,momentum_60,60,
2018-05-25,momentum_60,60,
2018-05-28,momentum_60,60,
2018-05-29,momentum_60,60,
2018-05-30,momentum_60,60,
2018-05-31,momentum_60,60,
2018-06-01,momentum_60,60,
2018-06-04,momentum_60,60,
2018-06-05,momentum_60,60,
2018-06-06,momentum_60,60,
2018-06-07,momentum_60,60,
2018-06-08,momentum_60,60,
2018-06-11,momentum_60,60,
2018-06-12,momentum_60,60,
2018-06-13,momentum_60,60,
2018-06-14,momentum_60,60,
2018-06-15,momentum_60,60,
2018-06-19,momentum_60,60,
2018-06-20,momentum_60,60,
2018-06-21,momentum_60,60,
2018-06-22,momentum_60,60,
2018-06-25,momentum_60,60,
2018-06-26,momentum_60,60,
2018-06-27,momentum_60,60,
2018-06-28,momentum_60,60,
2018-06-29,momentum_60,60,
2018-07-02,momentum_60,60,0.008231116704526944
2018-07-03,momentum_60,60,0.014193021728728723
2018-07-04,momentum_60,60,0.01679180836233326
2018-07-05,momentum_60,60,0.015874393071346443
2018-07-06,momentum_60,60,0.01786257535824482
2018-07-09,momentum_60,60,0.01897408278810823
2018-07-10,momentum_60,60,0.018560105644821346
2018-07-11,momentum_60,60,0.01736193523111007
2018-07-12,momentum_60,60,0.021834988973530596
2018-07-13,momentum_60,60,0.019732134365278
2018-07-16,momentum_60,60,0.01755366925912431
2018-07-17,momentum_60,60,0.01213592150846179
2018-07-18,momentum_60,60,0.0062223095381628195
2018-07-19,momentum_60,60,-0.0038899765767133987
2018-07-20,momentum_60,60,-0.013451704868466056
2018-07-23,momentum_60,60,-0.015457441321216674
2018-07-24,momentum_60,60,-0.01560447775996624
2018-07-25,momentum_60,60,-0.016088912823642727
2018-07-26,momentum_60,60,-0.011586459371765879
2018-07-27,momentum_60,60,-0.007442650898413796
2018-07-30,momentum_60,60,-0.004854673006519852
2018-07-31,momentum_60,60,-0.0001502097068556372
2018-08-01,momentum_60,60,0.0027080092341908737
2018-08-02,momentum_60,60,0.004573284204348058
2018-08-03,momentum_60,60,0.0057799262603627334
2018-08-06,momentum_60,60,0.0021466629339303976
2018-08-07,momentum_60,60,-0.00431385790055863
2018-08-08,momentum_60,60,-0.009876741217324592
2018-08-09,momentum_60,60,-0.014168747566545884
2018-08-10,momentum_60,60,-0.014039069203229575
2018-08-13,momentum_60,60,-0.011255653223314002
2018-08-14,momentum_60,60,-0.011128687885816623
2018-08-15,momentum_60,60,-0.008483984131843174
2018-08-16,momentum_60,60,-0.003896910736733439
2018-08-17,momentum_60,60,-0.002311712588345395
2018-08-20,momentum_60,60,-0.0003513190110533364
2018-08-21,momentum_60,60,0.0017433352507164384
2018-08-22,momentum_60,60,-0.0004150741983940505
2018-08-23,momentum_60,60,-0.0013282332173124652
2018-08-24,momentum_60,60,0.003253250193496279
2018-08-27,momentum_60,60,0.001179172841675601
2018-08-28,momentum_60,60,0.0004056425856647376
2018-08-29,momentum_60,60,0.0020135342795238333
2018-08-30,momentum_60,60,0.004309365407539051
2018-08-31,momentum_60,60,0.0009321048101156906
2018-09-03,momentum_60,60,0.001899687600942196
2018-09-04,momentum_60,60,-0.0016559623958231514
2018-09-05,momentum_60,60,-0.0062464253107782355
2018-09-06,momentum_60,60,-0.0100056432850981
2018-09-07,momentum_60,60,-0.013222852139853858
2018-09-10,momentum_60,60,-0.016949805777334508
2018-09-11,momentum_60,60,-0.01641056445513191
2018-09-12,momentum_60,60,-0.012559161797251611
2018-09-13,momentum_60,60,-0.007053612149883221
2018-09-14,momentum_60,60,-0.004706637523630685
2018-09-17,momentum_60,60,-0.006490728372295046
2018-09-18,momentum_60,60,-0.00922457181196148
2018-09-19,momentum_60,60,-0.00905023294407582
2018-09-20,momentum_60,60,-0.011364203737099099
2018-09-21,momentum_60,60,-0.0064431010246520795
2018-09-25,momentum_60,60,-1.0037576358955248e-05
2018-09-26,momentum_60,60,0.000753285898966857
2018-09-27,momentum_60,60,0.0031354918827132244
2018-09-28,momentum_60,60,0.008611934970193958
2018-10-08,momentum_60,60,0.008218198448599704
2018-10-09,momentum_60,60,0.004806823444805944
2018-10-10,momentum_60,60,0.003005540337825044
2018-10-11,momentum_60,60,0.0039166691200896095
2018-10-12,momentum_60,60,0.0019866261702229104
2018-10-15,momentum_60,60,-0.00027175919304719455
2018-10-16,momentum_60,60,-0.002568261573239491
2018-10-17,momentum_60,60,-0.0012977742277039675
2018-10-18,momentum_60,60,0.0010146130337789633
2018-10-19,momentum_60,60,0.005296868214088646
2018-10-22,momentum_60,60,0.013192339367931575
2018-10-23,momentum_60,60,0.01640776972323295
2018-10-24,momentum_60,60,0.019043525519015714
2018-10-25,momentum_60,60,0.01620917511049828
2018-10-26,momentum_60,60,0.006865352157753046
2018-10-29,momentum_60,60,-0.004532815498495975
2018-10-30,momentum_60,60,-0.013607513727510496
2018-10-31,momentum_60,60,-0.0245820347759283
2018-11-01,momentum_60,60,-0.031955942580280505
2018-11-02,momentum_60,60,-0.03414930773282295
2018-11-05,momentum_60,60,-0.0336734612349624
2018-11-06,momentum_60,60,-0.032157365752019176
2018-11-07,momentum_60,60,-0.030421473057147087
2018-11-08,momentum_60,60,-0.030735246936782666
2018-11-09,momentum_60,60,-0.03146626524741393
2018-11-12,momentum_60,60,-0.036937824137158876
2018-11-13,momentum_60,60,-0.04218081009230523
2018-11-14,momentum_60,60,-0.04566239672088668
2018-11-15,momentum_60,60,-0.04669274177429684
2018-11-16,momentum_60,60,-0.04767386018727626
2018-11-19,momentum_60,60,-0.045451244263492195
2018-11-20,momentum_60,60,-0.04102464644684499
2018-11-21,momentum_60,60,-0.037330877845343995
2018-11-22,momentum_60,60,-0.034441343583076094
2018-11-23,momentum_60,60,-0.033909240647531286
2018-11-26,momentum_60,60,-0.0405012299520448
2018-11-27,momentum_60,60,-0.04762015050183482
2018-11-28,momentum_60,60,-0.05227822809555185
2018-11-29,momentum_60,60,-0.059099305413220456
2018-11-30,momentum_60,60,-0.06403408332760928
2018-12-03,momentum_60,60,-0.0592645878994287
2018-12-04,momentum_60,60,-0.05790249403549481
2018-12-05,momentum_60,60,-0.05540755606015444
2018-12-06,momentum_60,60,-0.053978587541723994
2018-12-07,momentum_60,60,-0.051736747249024696
2018-12-10,momentum_60,60,-0.053094431850882876
2018-12-11,momentum_60,60,-0.05539843677717416
2018-12-12,momentum_60,60,-0.05686610509121728
2018-12-13,momentum_60,60,-0.058922751617332604
2018-12-14,momentum_60,60,-0.060284319671184444
2018-12-17,momentum_60,60,-0.05861645014152375
2018-12-18,momentum_60,60,-0.053231101690823276
2018-12-19,momentum_60,60,-0.046195850587762065
2018-12-20,momentum_60,60,-0.044163908330669535
2018-12-21,momentum_60,60,-0.039117109412957776
2018-12-24,momentum_60,60,-0.037619644028175185
2018-12-25,momentum_60,60,-0.04108474616326744
2018-12-26,momentum_60,60,-0.0452573872476772
2018-12-27,momentum_60,60,-0.050636126101388415
2018-12-28,momentum_60,60,-0.057569580356976055
2019-01-02,momentum_60,60,-0.06489225809107754
2019-01-03,momentum_60,60,-0.06796885158291031
2019-01-04,momentum_60,60,-0.07081127904176003
2019-01-07,momentum_60,60,-0.07107758160776892
2019-01-08,momentum_60,60,-0.069656657728537
2019-01-09,momentum_60,60,-0.06680799529624644
2019-01-10,momentum_60,60,-0.06492506693812992
2019-01-11,momentum_60,60,-0.0663848308437925
2019-01-14,momentum_60,60,-0.0681266577803001
2019-01-15,momentum_60,60,-0.06880471211032044
2019-01-16,momentum_60,60,-0.07114818310654619
2019-01-17,momentum_60,60,-0.07314399093026669
2019-01-18,momentum_60,60,-0.07564427560577401
2019-01-21,momentum_60,60,-0.07185799459743186
2019-01-22,momentum_60,60,-0.06601205958590513
2019-01-23,momentum_60,60,-0.059036184535297145
2019-01-24,momentum_60,60,-0.05163654637839965
2019-01-25,momentum_60,60,-0.04362341342037571
2019-01-28,momentum_60,60,-0.0378218153147757
2019-01-29,momentum_60,60,-0.03539240262483303
2019-01-30,momentum_60,60,-0.03684458532557515
2019-01-31,momentum_60,60,-0.039459244602116784
2019-02-01,momentum_60,60,-0.040519465943276024
2019-02-11,momentum_60,60,-0.03854927780715608
2019-02-12,momentum_60,60,-0.03857137281569311
2019-02-13,momentum_60,60,-0.0365851045895903
2019-02-14,momentum_60,60,-0.03792951564057248
2019-02-15,momentum_60,60,-0.03750782053137302
2019-02-18,momentum_60,60,-0.039367112267527836
2019-02-19,momentum_60,60,-0.04275105999970221
2019-02-20,momentum_60,60,-0.046972365926504236
2019-02-21,momentum_60,60,-0.054677248464775834
2019-02-22,momentum_60,60,-0.05832572142004669
2019-02-25,momentum_60,60,-0.06298818578205058
2019-02-26,momentum_60,60,-0.05973310618472543
2019-02-27,momentum_60,60,-0.056084496816871776
2019-02-28,momentum_60,60,-0.05280865561846595
2019-03-01,momentum_60,60,-0.05402254621707834
2019-03-04,momentum_60,60,-0.05333455520427187
2019-03-05,momentum_60,60,-0.05270752008553216
2019-03-06,momentum_60,60,-0.057926571018401034
2019-03-07,momentum_60,60,-0.06088754774651175
2019-03-08,momentum_60,60,-0.06428198644183691
2019-03-11,momentum_60,60,-0.068791766732281
2019-03-12,momentum_60,60,-0.07435643950561406
2019-03-13,momentum_60,60,-0.0757834078147698
2019-03-14,momentum_60,60,-0.07499773899056228
2019-03-15,momentum_60,60,-0.07678182028061008
2019-03-18,momentum_60,60,-0.07799163721473322
2019-03-19,momentum_60,60,-0.08084970162403791
2019-03-20,momentum_60,60,-0.08328728350554226
2019-03-21,momentum_60,60,-0.08474602860697505
2019-03-22,momentum_60,60,-0.08430439583243944
2019-03-25,momentum_60,60,-0.08351651822101812
2019-03-26,momentum_60,60,-0.08297526103661648
2019-03-27,momentum_60,60,-0.08617902965059755
2019-03-28,momentum_60,60,-0.0845757500070634
2019-03-29,momentum_60,60,-0.08427615648360222
2019-04-01,momentum_60,60,-0.08590180459677889
2019-04-02,momentum_60,60,-0.08675432448822412
2019-04-03,momentum_60,60,-0.08384390753110596
2019-04-04,momentum_60,60,-0.08500279577669537
2019-04-08,momentum_60,60,-0.08715500723670787
2019-04-09,momentum_60,60,-0.09128735744415965
2019-04-10,momentum_60,60,-0.09467827752112853
2019-04-11,momentum_60,60,-0.09432605463914046
2019-04-12,momentum_60,60,-0.09233763185280461
2019-04-15,momentum_60,60,-0.08878125656128742
2019-04-16,momentum_60,60,-0.08329043675684947
2019-04-17,momentum_60,60,-0.07910556892534883
2019-04-18,momentum_60,60,-0.08183168042429297
2019-04-19,momentum_60,60,-0.0827353300690869
2019-04-22,momentum_60,60,-0.08248994255519601
2019-04-23,momentum_60,60,-0.08065179492464362
2019-04-24,momentum_60,60,-0.08147810538102504
2019-04-25,momentum_60,60,-0.08030504070203855
2019-04-26,momentum_60,60,-0.08168755210990922
2019-04-29,momentum_60,60,-0.08490430789904072
2019-04-30,momentum_60,60,-0.08702817223652048
2019-05-06,momentum_60,60,-0.08895455688611238
2019-05-07,momentum_60,60,-0.08673603263287125
2019-05-08,momentum_60,60,-0.07957172775727744
2019-05-09,momentum_60,60,-0.073496228370242
2019-05-10,momentum_60,60,-0.07119521916478236
2019-05-13,momentum_60,60,-0.06966243367580029
2019-05-14,momentum_60,60,-0.06909456880559883
2019-05-15,momentum_60,60,-0.06961994376106996
2019-05-16,momentum_60,60,-0.07186808809134283
2019-05-17,momentum_60,60,-0.07368812164797904
2019-05-20,momentum_60,60,-0.0744279332553272
2019-05-21,momentum_60,60,-0.07412247107101666
2019-05-22,momentum_60,60,-0.07209058989248149
2019-05-23,momentum_60,60,-0.07046339512642619
2019-05-24,momentum_60,60,-0.06696495209957377
2019-05-27,momentum_60,60,-0.06913853941718248
2019-05-28,momentum_60,60,-0.0715396949075537
2019-05-29,momentum_60,60,-0.07141770212214538
2019-05-30,momentum_60,60,-0.0679340887742839
2019-05-31,momentum_60,60,-0.06606067454079406
2019-06-03,momentum_60,60,-0.06529435008232898
2019-06-04,momentum_60,60,-0.06465806555400953
2019-06-05,momentum_60,60,-0.06669720590059451
2019-06-06,momentum_60,60,-0.06765239175784465
2019-06-10,momentum_60,60,-0.06568596049994331
2019-06-11,momentum_60,60,-0.06418571474996569
2019-06-12,momentum_60,60,-0.06300603175866806
2019-06-13,momentum_60,60,-0.06327066467677361
2019-06-14,momentum_60,60,-0.06445466562800696
2019-06-17,momentum_60,60,-0.0664164948205412
2019-06-18,momentum_60,60,-0.06676733086669297
2019-06-19,momentum_60,60,-0.06765460314028478
2019-06-20,momentum_60,60,-0.06823834221708841
2019-06-21,momentum_60,60,-0.0683923346463294
2019-06-24,momentum_60,60,-0.07030791488731833
2019-06-25,momentum_60,60,-0.07231242656180933
2019-06-26,momentum_60,60,-0.07098585224157646
2019-06-27,momentum_60,60,-0.07370369180311863
2019-06-28,momentum_60,60,-0.07531938834928899
2019-07-01,momentum_60,60,-0.07289682835337892
2019-07-02,momentum_60,60,-0.07199126662388136
2019-07-03,momentum_60,60,-0.0711810812792352
2019-07-04,momentum_60,60,-0.06716437091855942
2019-07-05,momentum_60,60,-0.06319590912999598
2019-07-08,momentum_60,60,-0.0600906488856152
2019-07-09,momentum_60,60,-0.058626434864226716
2019-07-10,momentum_60,60,-0.06180706976834896
2019-07-11,momentum_60,60,-0.061671936804685856
2019-07-12,momentum_60,60,-0.06185455345731513
2019-07-15,momentum_60,60,-0.060357080634551266
2019-07-16,momentum_60,60,-0.057321274025916136
2019-07-17,momentum_60,60,-0.051341901818271314
2019-07-18,momentum_60,60,-0.04881097741091311
2019-07-19,momentum_60,60,-0.04657861369212169
2019-07-22,momentum_60,60,-0.0505804886053398
2019-07-23,momentum_60,60,-0.05191189439154611
2019-07-24,momentum_60,60,-0.051210069448605906
2019-07-25,momentum_60,60,-0.05018208667685073
2019-07-26,momentum_60,60,-0.0469567404954762
2019-07-29,momentum_60,60,-0.04393528175483222
2019-07-30,momentum_60,60,-0.0377146562655993
2019-07-31,momentum_60,60,-0.033356174685870515
2019-08-01,momentum_60,60,-0.031763944851051426
2019-08-02,momentum_60,60,-0.030789365160291054
2019-08-05,momentum_60,60,-0.026027800053217056
2019-08-06,momentum_60,60,-0.02389296239172584
2019-08-07,momentum_60,60,-0.020532786390618566
2019-08-08,momentum_60,60,-0.014466511666147593
2019-08-09,momentum_60,60,-0.011612231231798747
2019-08-12,momentum_60,60,-0.0067875342966017965
2019-08-13,momentum_60,60,-0.00408967041189335
2019-08-14,momentum_60,60,-0.0014100945589131874
2019-08-15,momentum_60,60,-0.0007844888368351827
2019-08-16,momentum_60,60,-0.0017779078954083094
2019-08-19,momentum_60,60,-0.0036765034783577595
2019-08-20,momentum_60,60,-0.008162558604382066
2019-08-21,momentum_60,60,-0.010837499195202499
2019-08-22,momentum_60,60,-0.013379828939871882
2019-08-23,momentum_60,60,-0.015499847731999705
2019-08-26,momentum_60,60,-0.0171220101134116
2019-08-27,momentum_60,60,-0.017626884832566893
2019-08-28,momentum_60,60,-0.015414693714084155
2019-08-29,momentum_60,60,-0.013315295521226659
2019-08-30,momentum_60,60,-0.012761470529218083
2019-09-02,momentum_60,60,-0.013008197151060557
2019-09-03,momentum_60,60,-0.013873211339875575
2019-09-04,momentum_60,60,-0.016239168774371468
2019-09-05,momentum_60,60,-0.019063672231868486
2019-09-06,momentum_60,60,-0.01909267449872416
2019-09-09,momentum_60,60,-0.020475653902296203
2019-09-10,momentum_60,60,-0.01819325643002533
2019-09-11,momentum_60,60,-0.01380746097231204
2019-09-12,momentum_60,60,-0.010401013400029762
2019-09-16,momentum_60,60,-0.0077760258530189235
2019-09-17,momentum_60,60,-0.004131335537299037
2019-09-18,momentum_60,60,-0.0021978192226351553
2019-09-19,momentum_60,60,-0.00452815317654577
2019-09-20,momentum_60,60,-0.00161268686122571
2019-09-23,momentum_60,60,-0.0012696234069229835
2019-09-24,momentum_60,60,-0.004065136701776538
2019-09-25,momentum_60,60,-0.005538873076330812
2019-09-26,momentum_60,60,-0.005312239111097837
2019-09-27,momentum_60,60,-0.008292406842462513
2019-09-30,momentum_60,60,-0.009451431901959014
2019-10-08,momentum_60,60,-0.008598127008092815
2019-10-09,momentum_60,60,-0.006957231940889531
2019-10-10,momentum_60,60,-0.004791634603025186
2019-10-11,momentum_60,60,-0.003954877882792597
2019-10-14,momentum_60,60,-0.005727001484359466
2019-10-15,momentum_60,60,-0.011095881220580433
2019-10-16,momentum_60,60,-0.01902266175793495
2019-10-17,momentum_60,60,-0.026555410018062706
2019-10-18,momentum_60,60,-0.03337925239724112
2019-10-21,momentum_60,60,-0.03767370553582561
2019-10-22,momentum_60,60,-0.03736751738577416
2019-10-23,momentum_60,60,-0.03669765320747124
2019-10-24,momentum_60,60,-0.03779534459357519
2019-10-25,momentum_60,60,-0.03726987594730449
2019-10-28,momentum_60,60,-0.03679163102713594
2019-10-29,momentum_60,60,-0.03606651620809772
2019-10-30,momentum_60,60,-0.03857649780548997
2019-10-31,momentum_60,60,-0.039829281123751996
2019-11-01,momentum_60,60,-0.04213048833522919
2019-11-04,momentum_60,60,-0.04571319685839896
2019-11-05,momentum_60,60,-0.04914717721686393
2019-11-06,momentum_60,60,-0.04679760466961666
2019-11-07,momentum_60,60,-0.04512589795627055
2019-11-08,momentum_60,60,-0.043864402565249
2019-11-11,momentum_60,60,-0.042421356869361465
2019-11-12,momentum_60,60,-0.04394141007886401
2019-11-13,momentum_60,60,-0.043664406719088125
2019-11-14,momentum_60,60,-0.046029845374435954
2019-11-15,momentum_60,60,-0.0486063265135857
2019-11-18,momentum_60,60,-0.05137154399313994
2019-11-19,momentum_60,60,-0.05413056187126449
2019-11-20,momentum_60,60,-0.05578493695801796
2019-11-21,momentum_60,60,-0.05480391148969515
2019-11-22,momentum_60,60,-0.05327045506782164
2019-11-25,momentum_60,60,-0.053979195781409826
2019-11-26,momentum_60,60,-0.05380078163029215
2019-11-27,momentum_60,60,-0.054819959088039966
2019-11-28,momentum_60,60,-0.058628710800665264
2019-11-29,momentum_60,60,-0.06024209924741677
2019-12-02,momentum_60,60,-0.06001290386420182
2019-12-03,momentum_60,60,-0.060070377627090256
2019-12-04,momentum_60,60,-0.05808022431119932
2019-12-05,momentum_60,60,-0.05281800671925862
2019-12-06,momentum_60,60,-0.04760220655781786
2019-12-09,momentum_60,60,-0.044374708419973784
2019-12-10,momentum_60,60,-0.04071688091100815
2019-12-11,momentum_60,60,-0.042640403626810014
2019-12-12,momentum_60,60,-0.04892553351480455
2019-12-13,momentum_60,60,-0.05576861543731277
2019-12-16,momentum_60,60,-0.062429293115954416
2019-12-17,momentum_60,60,-0.06858211794379176
2019-12-18,momentum_60,60,-0.07273252554373899
2019-12-19,momentum_60,60,-0.0743668709838223
2019-12-20,momentum_60,60,-0.07732517742376284
2019-12-23,momentum_60,60,-0.07919764613289303
2019-12-24,momentum_60,60,-0.07942386882954848
2019-12-25,momentum_60,60,-0.08065174400086147
2019-12-26,momentum_60,60,-0.08450775774074896
2019-12-27,momentum_60,60,-0.08489416617819473
2019-12-30,momentum_60,60,-0.08549267654540725
2019-12-31,momentum_60,60,-0.08584964245078579
2020-01-02,momentum_60,60,-0.08731530487216865
2020-01-03,momentum_60,60,-0.08969177203373381
2020-01-06,momentum_60,60,-0.09200999475508564
2020-01-07,momentum_60,60,-0.0911381629126556
2020-01-08,momentum_60,60,-0.09047084740115006
2020-01-09,momentum_60,60,-0.08459612873765993
2020-01-10,momentum_60,60,-0.07815944349097771
2020-01-13,momentum_60,60,-0.07050716509869207
2020-01-14,momentum_60,60,-0.06687782527954529
2020-01-15,momentum_60,60,-0.06439317975874169
2020-01-16,momentum_60,60,-0.06431945357683104
2020-01-17,momentum_60,60,-0.06511151511196885
2020-01-20,momentum_60,60,-0.06541741209741472
2020-01-21,momentum_60,60,-0.06396268827844927
2020-01-22,momentum_60,60,-0.06409560355399659
2020-01-23,momentum_60,60,-0.06267869867136142
2020-02-03,momentum_60,60,-0.06131949652224996
2020-02-04,momentum_60,60,-0.06392241888575442
2020-02-05,momentum_60,60,-0.06407113038878649
2020-02-06,momentum_60,60,-0.06657547193633175
2020-02-07,momentum_60,60,-0.07050329537736631
2020-02-10,momentum_60,60,-0.07196025709185655
2020-02-11,momentum_60,60,-0.07114279639271139
2020-02-12,momentum_60,60,-0.07200076093118034
2020-02-13,momentum_60,60,-0.07180547335905624
2020-02-14,momentum_60,60,-0.06963866513702288
2020-02-17,momentum_60,60,-0.06467758709604371
2020-02-18,momentum_60,60,-0.056323475103514944
2020-02-19,momentum_60,60,-0.05041957741182385
2020-02-20,momentum_60,60,-0.0471701705738495
2020-02-21,momentum_60,60,-0.045398766405442846
2020-02-24,momentum_60,60,-0.04785989623637856
2020-02-25,momentum_60,60,-0.05416943880110679
2020-02-26,momentum_60,60,-0.05716056373009467
2020-02-27,momentum_60,60,-0.0605653487700065
2020-02-28,momentum_60,60,-0.06189221884244824
2020-03-02,momentum_60,60,-0.06368427257267525
2020-03-03,momentum_60,60,-0.06632768747552069
2020-03-04,momentum_60,60,-0.06726469390923874
2020-03-05,momentum_60,60,-0.06830854573092772
2020-03-06,momentum_60,60,-0.06691982004339996
2020-03-09,momentum_60,60,-0.06935349548715714
2020-03-10,momentum_60,60,-0.07270778911152183
2020-03-11,momentum_60,60,-0.073904174083378
2020-03-12,momentum_60,60,-0.06986718720985456
2020-03-13,momentum_60,60,-0.06702346441094252
2020-03-16,momentum_60,60,-0.0632507008942343
2020-03-17,momentum_60,60,-0.061387684655985514
2020-03-18,momentum_60,60,-0.06189825444266157
2020-03-19,momentum_60,60,-0.06299770173806732
2020-03-20,momentum_60,60,-0.06438902632315067
2020-03-23,momentum_60,60,-0.06405496220506947
2020-03-24,momentum_60,60,-0.06292521080567036
2020-03-25,momentum_60,60,-0.05791407742547953
2020-03-26,momentum_60,60,-0.05350940878645146
2020-03-27,momentum_60,60,-0.04688070418925931
2020-03-30,momentum_60,60,-0.04020205022036005
2020-03-31,momentum_60,60,-0.039704729238609376
2020-04-01,momentum_60,60,-0.03865129791470815
2020-04-02,momentum_60,60,-0.04210594439858979
2020-04-03,momentum_60,60,-0.043491922476459284
2020-04-07,momentum_60,60,-0.041360475150706094
2020-04-08,momentum_60,60,-0.04031335598349401
2020-04-09,momentum_60,60,-0.040762485104667914
2020-04-10,momentum_60,60,-0.03902541095791432
2020-04-13,momentum_60,60,-0.04077715200024554
2020-04-14,momentum_60,60,-0.04203859858427764
2020-04-15,momentum_60,60,-0.043040520497776
2020-04-16,momentum_60,60,-0.04390683480995108
2020-04-17,momentum_60,60,-0.045745961267916274
2020-04-20,momentum_60,60,-0.04524408972782244
2020-04-21,momentum_60,60,-0.04434842485014046
2020-04-22,momentum_60,60,-0.04488976517263783
2020-04-23,momentum_60,60,-0.049487314391278646
2020-04-24,momentum_60,60,-0.05460498459932588
2020-04-27,momentum_60,60,-0.06119893459141914
2020-04-28,momentum_60,60,-0.06813095499756489
2020-04-29,momentum_60,60,-0.06954024346110756
2020-04-30,momentum_60,60,-0.06713810668849626
2020-05-06,momentum_60,60,-0.06456321197928554
2020-05-07,momentum_60,60,-0.06326295251525801
2020-05-08,momentum_60,60,-0.06361484480771093
2020-05-11,momentum_60,60,-0.06595755833520503
2020-05-12,momentum_60,60,-0.06755747090084772
2020-05-13,momentum_60,60,-0.07041956251056848
2020-05-14,momentum_60,60,-0.07396877239726382
2020-05-15,momentum_60,60,-0.07795830567581602
2020-05-18,momentum_60,60,-0.08186817924409664
2020-05-19,momentum_60,60,-0.08304828145239228
2020-05-20,momentum_60,60,-0.08187385851562651
2020-05-21,momentum_60,60,-0.07854088214203395
2020-05-22,momentum_60,60,-0.07203652177124634
2020-05-25,momentum_60,60,-0.06686132773994918
2020-05-26,momentum_60,60,-0.0633367688858315
2020-05-27,momentum_60,60,-0.058889192891406775
2020-05-28,momentum_60,60,-0.056194702317187414
2020-05-29,momentum_60,60,-0.054668714946310454
2020-06-01,momentum_60,60,-0.0513828753237333
2020-06-02,momentum_60,60,-0.048451303684125785
2020-06-03,momentum_60,60,-0.044407944600749476
2020-06-04,momentum_60,60,-0.04674746020335029
2020-06-05,momentum_60,60,-0.04606521927871204
2020-06-08,momentum_60,60,-0.04360000894999461
2020-06-09,momentum_60,60,-0.04155562477427509
2020-06-10,momentum_60,60,-0.0439145311116884
2020-06-11,momentum_60,60,-0.041688038973434566
2020-06-12,momentum_60,60,-0.03766859657339886
2020-06-15,momentum_60,60,-0.03256882136302591
2020-06-16,momentum_60,60,-0.02650071331802424
2020-06-17,momentum_60,60,-0.02257198548444924
2020-06-18,momentum_60,60,-0.01727534378011168
2020-06-19,momentum_60,60,-0.011870077902424843
2020-06-22,momentum_60,60,-0.007463447705822039
2020-06-23,momentum_60,60,-0.006232085975073964
2020-06-24,momentum_60,60,-0.006757926362164903
2020-06-29,momentum_60,60,-0.011786281962026786
2020-06-30,momentum_60,60,-0.015178927998990486
2020-07-01,momentum_60,60,-0.014769109354307787
2020-07-02,momentum_60,60,-0.015672926821120033
2020-07-03,momentum_60,60,-0.01006926743748576
2020-07-06,momentum_60,60,-0.004079474313965547
2020-07-07,momentum_60,60,-0.001142950431801762
2020-07-08,momentum_60,60,-0.00017178720607768187
2020-07-09,momentum_60,60,-0.0005364063571184674
2020-07-10,momentum_60,60,-0.004306661839550458
2020-07-13,momentum_60,60,-0.006595786186151907
2020-07-14,momentum_60,60,-0.008170189644915797
2020-07-15,momentum_60,60,-0.008594232427572599
2020-07-16,momentum_60,60,-0.006302740435283471
2020-07-17,momentum_60,60,-0.005589206617001079
2020-07-20,momentum_60,60,-0.004145836337254777
2020-07-21,momentum_60,60,-0.002315700970188537
2020-07-22,momentum_60,60,-0.0016079068183795712
2020-07-23,momentum_60,60,-0.0016740745194076376
2020-07-24,momentum_60,60,0.0029853428164036138
2020-07-27,momentum_60,60,0.007422170563289249
2020-07-28,momentum_60,60,0.011086592218314602
2020-07-29,momentum_60,60,0.015243788429358574
2020-07-30,momentum_60,60,0.014408121725096349
2020-07-31,momentum_60,60,0.014637644290563872
2020-08-03,momentum_60,60,0.015879651859101312
2020-08-04,momentum_60,60,0.014455263080859123
2020-08-05,momentum_60,60,0.010045347751917243
2020-08-06,momentum_60,60,0.0067134415970788565
2020-08-07,momentum_60,60,0.003672879260467467
2020-08-10,momentum_60,60,0.0038703895071989596
2020-08-11,momentum_60,60,0.004388532889741535
2020-08-12,momentum_60,60,0.001238702239681295
2020-08-13,momentum_60,60,-0.004870515173706403
2020-08-14,momentum_60,60,-0.00877014801488728
2020-08-17,momentum_60,60,-0.012802405932048027
2020-08-18,momentum_60,60,-0.0179477174382043
2020-08-19,momentum_60,60,-0.020008355854547997
2020-08-20,momentum_60,60,-0.019605391374596475
2020-08-21,momentum_60,60,-0.018567652636620254
2020-08-24,momentum_60,60,-0.018124378081620755
2020-08-25,momentum_60,60,-0.014521487367441039
2020-08-26,momentum_60,60,-0.014197590611727188
2020-08-27,momentum_60,60,-0.014760652075827167
2020-08-28,momentum_60,60,-0.019235361544242383
2020-08-31,momentum_60,60,-0.02279046374019739
2020-09-01,momentum_60,60,-0.029183648796831226
2020-09-02,momentum_60,60,-0.03447353668617488
2020-09-03,momentum_60,60,-0.04127607351065517
2020-09-04,momentum_60,60,-0.04587989962014476
2020-09-07,momentum_60,60,-0.048380528902698734
2020-09-08,momentum_60,60,-0.05143964705682998
2020-09-09,momentum_60,60,-0.05300633170565286
2020-09-10,momentum_60,60,-0.05570014091538806
2020-09-11,momentum_60,60,-0.05472415238710004
2020-09-14,momentum_60,60,-0.059177129571031946
2020-09-15,momentum_60,60,-0.06468642139893274
2020-09-16,momentum_60,60,-0.06845504750381019
2020-09-17,momentum_60,60,-0.07122806925257444
2020-09-18,momentum_60,60,-0.07282808682505398
2020-09-21,momentum_60,60,-0.07115800280717594
2020-09-22,momentum_60,60,-0.06848143869010988
2020-09-23,momentum_60,60,-0.06723494427870155
2020-09-24,momentum_60,60,-0.06649127778132317
2020-09-25,momentum_60,60,-0.06817792828240225
2020-09-28,momentum_60,60,-0.06993735984023416
2020-09-29,momentum_60,60,-0.0692949533086924
2020-09-30,momentum_60,60,-0.06828405935065404
2020-10-09,momentum_60,60,-0.06503201366667065
2020-10-12,momentum_60,60,-0.060864896677702555
2020-10-13,momentum_60,60,-0.05919516293948225
2020-10-14,momentum_60,60,-0.06169152643721151
2020-10-15,momentum_60,60,-0.0670687256463696
2020-10-16,momentum_60,60,-0.07410683971451586
2020-10-19,momentum_60,60,-0.07680770170979828
2020-10-20,momentum_60,60,-0.07798760679107947
2020-10-21,momentum_60,60,-0.07681840191951839
2020-10-22,momentum_60,60,-0.07411816972657435
2020-10-23,momentum_60,60,-0.07110606870907915
2020-10-26,momentum_60,60,-0.06919807672277788
2020-10-27,momentum_60,60,-0.06823749371507483
2020-10-28,momentum_60,60,-0.06722259144744129
2020-10-29,momentum_60,60,-0.06802060151358703
2020-10-30,momentum_60,60,-0.06953463696301863
2020-11-02,momentum_60,60,-0.07566572693596794
2020-11-03,momentum_60,60,-0.08054089056301164
2020-11-04,momentum_60,60,-0.08512741962359448
2020-11-05,momentum_60,60,-0.08522556158832217
2020-11-06,momentum_60,60,-0.0825977182613523
2020-11-09,momentum_60,60,-0.07728702588904775
2020-11-10,momentum_60,60,-0.07538393816732376
2020-11-11,momentum_60,60,-0.07534187207022036
2020-11-12,momentum_60,60,-0.07592079539467259
2020-11-13,momentum_60,60,-0.07366416174368502
2020-11-16,momentum_60,60,-0.07410140951060365
2020-11-17,momentum_60,60,-0.07432277827303696
2020-11-18,momentum_60,60,-0.07388832699475263
2020-11-19,momentum_60,60,-0.07120327322533287
2020-11-20,momentum_60,60,-0.07166776532150983
2020-11-23,momentum_60,60,-0.07391878858370611
2020-11-24,momentum_60,60,-0.07423449625010536
2020-11-25,momentum_60,60,-0.0747176474706059
2020-11-26,momentum_60,60,-0.07574381730954957
2020-11-27,momentum_60,60,-0.07869173506807553
2020-11-30,momentum_60,60,-0.07640558233805024
2020-12-01,momentum_60,60,-0.07133070123776714
2020-12-02,momentum_60,60,-0.06387322571081723
2020-12-03,momentum_60,60,-0.05533327499010256
2020-12-04,momentum_60,60,-0.04569209192896693
2020-12-07,momentum_60,60,-0.037193525956128105
2020-12-08,momentum_60,60,-0.03330468938464421
2020-12-09,momentum_60,60,-0.029907570636050065
2020-12-10,momentum_60,60,-0.02635898802770031
2020-12-11,momentum_60,60,-0.022003656865903776
2020-12-14,momentum_60,60,-0.020417658639915535
2020-12-15,momentum_60,60,-0.013443409022402052
2020-12-16,momentum_60,60,-0.008141263225249901
2020-12-17,momentum_60,60,-0.004352322200715578
2020-12-18,momentum_60,60,0.0004658903607155142
2020-12-21,momentum_60,60,0.0082907490244708
2020-12-22,momentum_60,60,0.01326606802854325
2020-12-23,momentum_60,60,0.01471166737211068
2020-12-24,momentum_60,60,0.016573527457076926
2020-12-25,momentum_60,60,0.01606373965077455
2020-12-28,momentum_60,60,0.011936625042155525
2020-12-29,momentum_60,60,0.013154956020670778
2020-12-30,momentum_60,60,0.015448045981140131
2020-12-31,momentum_60,60,0.019482840286935522
2021-01-04,momentum_60,60,0.022756524961250874
2021-01-05,momentum_60,60,0.028460698927183295
2021-01-06,momentum_60,60,0.035934930710986156
2021-01-07,momentum_60,60,0.038158150338386126
2021-01-08,momentum_60,60,0.04053406531188585
2021-01-11,momentum_60,60,0.040340425855332776
2021-01-12,momentum_60,60,0.035123616222404314
2021-01-13,momentum_60,60,0.02694820509866068
2021-01-14,momentum_60,60,0.018508904803685878
2021-01-15,momentum_60,60,0.014671953062795201
2021-01-18,momentum_60,60,0.016729560667943517
2021-01-19,momentum_60,60,0.017159700749854526
2021-01-20,momentum_60,60,0.016181736019147942
2021-01-21,momentum_60,60,0.012770042268426826
2021-01-22,momentum_60,60,0.009006492576302863
2021-01-25,momentum_60,60,0.005728400498597728
2021-01-26,momentum_60,60,0.010734294679628298
2021-01-27,momentum_60,60,0.014366519722286792
2021-01-28,momentum_60,60,0.021114386108076602
2021-01-29,momentum_60,60,0.027424888401920002
2021-02-01,momentum_60,60,0.03276465195519716
2021-02-02,momentum_60,60,0.036944226632025234
2021-02-03,momentum_60,60,0.040844809207935845
2021-02-04,momentum_60,60,0.039293598956909766
2021-02-05,momentum_60,60,0.036214521565369376
2021-02-08,momentum_60,60,0.030364974840083384
2021-02-09,momentum_60,60,0.026136732587745137
2021-02-10,momentum_60,60,0.020190869361209847
2021-02-18,momentum_60,60,0.017097905386818053
2021-02-19,momentum_60,60,0.012634863414626104
2021-02-22,momentum_60,60,0.009094526313280706
2021-02-23,momentum_60,60,0.006198261891854906
2021-02-24,momentum_60,60,0.007655707497254952
2021-02-25,momentum_60,60,0.005579622193355927
2021-02-26,momentum_60,60,0.004129358923415039
2021-03-01,momentum_60,60,0.001080830250956045
2021-03-02,momentum_60,60,-0.0028209870721094266
2021-03-03,momentum_60,60,-0.006711971102900252
2021-03-04,momentum_60,60,-0.010787988954547632
2021-03-05,momentum_60,60,-0.013038645658362694
2021-03-08,momentum_60,60,-0.01174657114321096
2021-03-09,momentum_60,60,-0.012499647007434288
2021-03-10,momentum_60,60,-0.01618534611813117
2021-03-11,momentum_60,60,-0.018119503110859064
2021-03-12,momentum_60,60,-0.024262615660995517
2021-03-15,momentum_60,60,-0.029661148052970668
2021-03-16,momentum_60,60,-0.03293559806746492
2021-03-17,momentum_60,60,-0.038222703258554376
2021-03-18,momentum_60,60,-0.04377826548744988
2021-03-19,momentum_60,60,-0.047308330250429576
2021-03-22,momentum_60,60,-0.05191760161739134
2021-03-23,momentum_60,60,-0.05730055504958708
2021-03-24,momentum_60,60,-0.060099017172934734
2021-03-25,momentum_60,60,-0.06222444303983543
2021-03-26,momentum_60,60,-0.0643916686805329
2021-03-29,momentum_60,60,-0.06454858231408786
2021-03-30,momentum_60,60,-0.0622216664467141
2021-03-31,momentum_60,60,-0.06559515692598634
2021-04-01,momentum_60,60,-0.07156444921488297
2021-04-02,momentum_60,60,-0.07685739494982674
2021-04-06,momentum_60,60,-0.0833736800118975
2021-04-07,momentum_60,60,-0.09184107326214504
2021-04-08,momentum_60,60,-0.0989937944814307
2021-04-09,momentum_60,60,-0.09822274973849511
2021-04-12,momentum_60,60,-0.10026154885240632
2021-04-13,momentum_60,60,-0.09759721256024075
2021-04-14,momentum_60,60,-0.09179953165780629
2021-04-15,momentum_60,60,-0.08541997942269515
2021-04-16,momentum_60,60,-0.08153735912576553
2021-04-19,momentum_60,60,-0.08240316880946483
2021-04-20,momentum_60,60,-0.08616661792773149
2021-04-21,momentum_60,60,-0.08878770962417583
2021-04-22,momentum_60,60,-0.09196443503732867
2021-04-23,momentum_60,60,-0.09131797016911694
2021-04-26,momentum_60,60,-0.08906330636231238
2021-04-27,momentum_60,60,-0.08514060735587761
2021-04-28,momentum_60,60,-0.08264091843876288
2021-04-29,momentum_60,60,-0.07959697084191296
2021-04-30,momentum_60,60,-0.07949423472224496
2021-05-06,momentum_60,60,-0.0800059320844332
2021-05-07,momentum_60,60,-0.08224235508011929
2021-05-10,momentum_60,60,-0.0907111879359954
2021-05-11,momentum_60,60,-0.09881714279134712
2021-05-12,momentum_60,60,-0.10121554771466602
2021-05-13,momentum_60,60,-0.09900931552986185
2021-05-14,momentum_60,60,-0.09117345522596022
2021-05-17,momentum_60,60,-0.0820826641976479
2021-05-18,momentum_60,60,-0.07432292092765229
2021-05-19,momentum_60,60,-0.06960405105007288
2021-05-20,momentum_60,60,-0.06576474852417548
2021-05-21,momentum_60,60,-0.06476811315426514
2021-05-24,momentum_60,60,-0.06321622892862687
2021-05-25,momentum_60,60,-0.06535416072908494
2021-05-26,momentum_60,60,-0.06613481938883402
2021-05-27,momentum_60,60,-0.06577796418598031
2021-05-28,momentum_60,60,-0.06309920440515163
2021-05-31,momentum_60,60,-0.060511835149888914
2021-06-01,momentum_60,60,-0.05913023501754376
2021-06-02,momentum_60,60,-0.05892195935977212
2021-06-03,momentum_60,60,-0.062388572578431126
2021-06-04,momentum_60,60,-0.07194397370099541
2021-06-07,momentum_60,60,-0.07909692667023342
2021-06-08,momentum_60,60,-0.08306088055852855
2021-06-09,momentum_60,60,-0.08649463238847081
2021-06-10,momentum_60,60,-0.08425426793612653
2021-06-11,momentum_60,60,-0.07966679980387391
2021-06-15,momentum_60,60,-0.07578437583416395
2021-06-16,momentum_60,60,-0.07216105665928554
2021-06-17,momentum_60,60,-0.07110921331422589
2021-06-18,momentum_60,60,-0.07133400698366073
2021-06-21,momentum_60,60,-0.0716859695568077
2021-06-22,momentum_60,60,-0.07242913206762623
2021-06-23,momentum_60,60,-0.07151437911812907
2021-06-24,momentum_60,60,-0.07011966040536578
2021-06-25,momentum_60,60,-0.06781599728439465
2021-06-28,momentum_60,60,-0.06550703129002701
2021-06-29,momentum_60,60,-0.0645928262063793
2021-06-30,momentum_60,60,-0.06376307041718837
2021-07-01,momentum_60,60,-0.061378840670289314
2021-07-02,momentum_60,60,-0.06105758311451606
2021-07-05,momentum_60,60,-0.057653290014023
2021-07-06,momentum_60,60,-0.05233537985555078
2021-07-07,momentum_60,60,-0.04910456060722113
2021-07-08,momentum_60,60,-0.04792292967898214
2021-07-09,momentum_60,60,-0.041593294331266
2021-07-12,momentum_60,60,-0.04015721757426293
2021-07-13,momentum_60,60,-0.03641006933455079
2021-07-14,momentum_60,60,-0.030815420212886427
2021-07-15,momentum_60,60,-0.02631714441702632
2021-07-16,momentum_60,60,-0.021609831550838583
2021-07-19,momentum_60,60,-0.017286910728557363
2021-07-20,momentum_60,60,-0.01569510418937874
2021-07-21,momentum_60,60,-0.014794956051032399
2021-07-22,momentum_60,60,-0.011531424144889635
2021-07-23,momentum_60,60,-0.009454760955822166
2021-07-26,momentum_60,60,-0.009329561923306518
2021-07-27,momentum_60,60,-0.01275582778422072
2021-07-28,momentum_60,60,-0.011233855946704093
2021-07-29,momentum_60,60,-0.011636018458658103
2021-07-30,momentum_60,60,-0.012344704796940272
2021-08-02,momentum_60,60,-0.016622172499271812
2021-08-03,momentum_60,60,-0.012678690706410272
2021-08-04,momentum_60,60,-0.01174712990936475
2021-08-05,momentum_60,60,-0.010847881639060279
2021-08-06,momentum_60,60,-0.011160269685982481
2021-08-09,momentum_60,60,-0.014663851423997409
2021-08-10,momentum_60,60,-0.020527745893979106
2021-08-11,momentum_60,60,-0.023994458753783334
2021-08-12,momentum_60,60,-0.02567922227070394
2021-08-13,momentum_60,60,-0.02494431491883867
2021-08-16,momentum_60,60,-0.018165039399709624
2021-08-17,momentum_60,60,-0.010418330504620729
2021-08-18,momentum_60,60,-0.005123053736371701
2021-08-19,momentum_60,60,0.0017962385420580295
2021-08-20,momentum_60,60,0.008449097894630182
2021-08-23,momentum_60,60,0.014616722750755205
2021-08-24,momentum_60,60,0.019854469625782686
2021-08-25,momentum_60,60,0.02325818483112364
2021-08-26,momentum_60,60,0.028249426713692665
2021-08-27,momentum_60,60,0.028823930379323192
2021-08-30,momentum_60,60,0.02787360010954239
2021-08-31,momentum_60,60,0.02680018889965828
2021-09-01,momentum_60,60,0.029795272807860325
2021-09-02,momentum_60,60,0.027512781196027236
2021-09-03,momentum_60,60,0.02522377124726519
2021-09-06,momentum_60,60,0.019213240631349087
2021-09-07,momentum_60,60,0.012517901924259254
2021-09-08,momentum_60,60,0.011191331672551433
2021-09-09,momentum_60,60,0.010821046750225676
2021-09-10,momentum_60,60,0.00767289330589881
2021-09-13,momentum_60,60,0.008320838176707623
2021-09-14,momentum_60,60,0.006598119746669991
2021-09-15,momentum_60,60,0.00019833316376699958
2021-09-16,momentum_60,60,-0.008016723270085093
2021-09-17,momentum_60,60,-0.014684945608051682
2021-09-22,momentum_60,60,-0.023634647299581087
2021-09-23,momentum_60,60,-0.02799398727782371
2021-09-24,momentum_60,60,-0.034424759538991614
2021-09-27,momentum_60,60,-0.039046897617486837
2021-09-28,momentum_60,60,-0.04530095623054189
2021-09-29,momentum_60,60,-0.05150444295620178
2021-09-30,momentum_60,60,-0.06049262898575496
2021-10-08,momentum_60,60,-0.06502639997027834
2021-10-11,momentum_60,60,-0.06439952004358793
2021-10-12,momentum_60,60,-0.06419854149727935
2021-10-13,momentum_60,60,-0.058622349404003044
2021-10-14,momentum_60,60,-0.05486850126174291
2021-10-15,momentum_60,60,-0.055445000103922996
2021-10-18,momentum_60,60,-0.05697758095117333
2021-10-19,momentum_60,60,-0.05888186302064432
2021-10-20,momentum_60,60,-0.059737097547669454
2021-10-21,momentum_60,60,-0.06147805619567195
2021-10-22,momentum_60,60,-0.05880377612518934
2021-10-25,momentum_60,60,-0.06004258887058723
2021-10-26,momentum_60,60,-0.060863767232532846
2021-10-27,momentum_60,60,-0.06381158014623498
2021-10-28,momentum_60,60,-0.06435755212850548
2021-10-29,momentum_60,60,-0.0696526704700982
2021-11-01,momentum_60,60,-0.07130218524878086
2021-11-02,momentum_60,60,-0.07401747777306454
2021-11-03,momentum_60,60,-0.07279360523100888
2021-11-04,momentum_60,60,-0.07520454103939489
2021-11-05,momentum_60,60,-0.0731478400777581
2021-11-08,momentum_60,60,-0.07387688545603989
2021-11-09,momentum_60,60,-0.07129376249521749
2021-11-10,momentum_60,60,-0.06806620663505379
2021-11-11,momentum_60,60,-0.06320367810890429
2021-11-12,momentum_60,60,-0.05826972359628013
2021-11-15,momentum_60,60,-0.052489775670966486
2021-11-16,momentum_60,60,-0.052741256707866474
2021-11-17,momentum_60,60,-0.05823147495517711
2021-11-18,momentum_60,60,-0.06580680351386066
2021-11-19,momentum_60,60,-0.07120894602056019
2021-11-22,momentum_60,60,-0.07483820156756921
2021-11-23,momentum_60,60,-0.07876013121534217
2021-11-24,momentum_60,60,-0.0821682796329847
2021-11-25,momentum_60,60,-0.08608890680941401
2021-11-26,momentum_60,60,-0.08711429123106597
2021-11-29,momentum_60,60,-0.09066742098146251
2021-11-30,momentum_60,60,-0.09223070810146454
2021-12-01,momentum_60,60,-0.08863053520514583
2021-12-02,momentum_60,60,-0.084939174793238
2021-12-03,momentum_60,60,-0.08456151960474566
2021-12-06,momentum_60,60,-0.08334401635509915
2021-12-07,momentum_60,60,-0.08328113416935931
2021-12-08,momentum_60,60,-0.0837262762364006
2021-12-09,momentum_60,60,-0.08135478634655018
2021-12-10,momentum_60,60,-0.086406518762406
2021-12-13,momentum_60,60,-0.08869538961328431
2021-12-14,momentum_60,60,-0.0888108664806784
2021-12-15,momentum_60,60,-0.08993921842104861
2021-12-16,momentum_60,60,-0.08791928460831913
2021-12-17,momentum_60,60,-0.08257894449043938
2021-12-20,momentum_60,60,-0.07649718407696797
2021-12-21,momentum_60,60,-0.07140131517650745
2021-12-22,momentum_60,60,-0.06616635360023058
2021-12-23,momentum_60,60,-0.06492296918640462
2021-12-24,momentum_60,60,-0.06324226937686431
2021-12-27,momentum_60,60,-0.06330526684031373
2021-12-28,momentum_60,60,-0.0608842162358543
2021-12-29,momentum_60,60,-0.0609305378399712
2021-12-30,momentum_60,60,-0.0616553828253705
2021-12-31,momentum_60,60,-0.06556008241183943
2022-01-04,momentum_60,60,-0.0719684411840449
2022-01-05,momentum_60,60,-0.07783467249319097
2022-01-06,momentum_60,60,-0.08610446902001022
2022-01-07,momentum_60,60,-0.09285701759026761
2022-01-10,momentum_60,60,-0.09543351635175486
2022-01-11,momentum_60,60,-0.09756720400215423
2022-01-12,momentum_60,60,-0.10191128103482767
2022-01-13,momentum_60,60,-0.10895623774332072
2022-01-14,momentum_60,60,-0.11644765794340049
2022-01-17,momentum_60,60,-0.1239630650709996
2022-01-18,momentum_60,60,-0.1283312730730903
2022-01-19,momentum_60,60,-0.1327109486669526
2022-01-20,momentum_60,60,-0.1322962379958807
2022-01-21,momentum_60,60,-0.1325916160940704
2022-01-24,momentum_60,60,-0.13405402758608
2022-01-25,momentum_60,60,-0.13534435534107722
2022-01-26,momentum_60,60,-0.1331396031758513
2022-01-27,momentum_60,60,-0.1307473923024653
2022-01-28,momentum_60,60,-0.12538132415485154
2022-02-07,momentum_60,60,-0.12062960100652259
2022-02-08,momentum_60,60,-0.11665499657353993
2022-02-09,momentum_60,60,-0.11532271904440303
2022-02-10,momentum_60,60,-0.11806248654652908
2022-02-11,momentum_60,60,-0.12358853069984813
2022-02-14,momentum_60,60,-0.12841501626341548
2022-02-15,momentum_60,60,-0.13121360753933478
2022-02-16,momentum_60,60,-0.13094241137184304
2022-02-17,momentum_60,60,-0.127703035970008
2022-02-18,momentum_60,60,-0.12487577040870489
2022-02-21,momentum_60,60,-0.12361953608024549
2022-02-22,momentum_60,60,-0.12549481189748757
2022-02-23,momentum_60,60,-0.12345102320770127
2022-02-24,momentum_60,60,-0.11898560369788261
2022-02-25,momentum_60,60,-0.11503286697257395
2022-02-28,momentum_60,60,-0.11044392106624573
2022-03-01,momentum_60,60,-0.10376009673086983
2022-03-02,momentum_60,60,-0.09590794186261989
2022-03-03,momentum_60,60,-0.09154682106480891
2022-03-04,momentum_60,60,-0.08747336721949575
2022-03-07,momentum_60,60,-0.08352201351582363
2022-03-08,momentum_60,60,-0.07877891993993905
2022-03-09,momentum_60,60,-0.07550432428053014
2022-03-10,momentum_60,60,-0.07264005747224474
2022-03-11,momentum_60,60,-0.0689227085316036
2022-03-14,momentum_60,60,-0.06631606966920377
2022-03-15,momentum_60,60,-0.0639315678459838
2022-03-16,momentum_60,60,-0.06366812101488777
2022-03-17,momentum_60,60,-0.06065658183100475
2022-03-18,momentum_60,60,-0.06157205591930315
2022-03-21,momentum_60,60,-0.06247487201936379
2022-03-22,momentum_60,60,-0.059550255387547116
2022-03-23,momentum_60,60,-0.057339781845565034
2022-03-24,momentum_60,60,-0.054359966490944614
2022-03-25,momentum_60,60,-0.05103124743452178
2022-03-28,momentum_60,60,-0.046016272821296486
2022-03-29,momentum_60,60,-0.042780085388673936
2022-03-30,momentum_60,60,-0.036648617680463555
2022-03-31,momentum_60,60,-0.029628430093062416
2022-04-01,momentum_60,60,-0.020315850910494385
2022-04-06,momentum_60,60,-0.011708506247230872
2022-04-07,momentum_60,60,-0.0032571098564392704
2022-04-08,momentum_60,60,0.001194547402787808
2022-04-11,momentum_60,60,0.0018062124230906603
2022-04-12,momentum_60,60,0.0028640842483888687
2022-04-13,momentum_60,60,0.0006654678766203542
2022-04-14,momentum_60,60,-0.00041072532705272954
2022-04-15,momentum_60,60,0.0003053453152572001
2022-04-18,momentum_60,60,0.005616372986796057
2022-04-19,momentum_60,60,0.013276219294966096
2022-04-20,momentum_60,60,0.02011799280720444
2022-04-21,momentum_60,60,0.025576276221759238
2022-04-22,momentum_60,60,0.030244383320322296
2022-04-25,momentum_60,60,0.03168840577162601
2022-04-26,momentum_60,60,0.030306998742710766
2022-04-27,momentum_60,60,0.031017392533715146
2022-04-28,momentum_60,60,0.029105381183081754
2022-04-29,momentum_60,60,0.026518994811708656
2022-05-05,momentum_60,60,0.022928754110714603
2022-05-06,momentum_60,60,0.018083576845683003
2022-05-09,momentum_60,60,0.01190722417939412
2022-05-10,momentum_60,60,0.010373299179158456
2022-05-11,momentum_60,60,0.009031406797865356
2022-05-12,momentum_60,60,0.012827051422811644
2022-05-13,momentum_60,60,0.015683735272232224
2022-05-16,momentum_60,60,0.018389859589319248
2022-05-17,momentum_60,60,0.018017107409263135
2022-05-18,momentum_60,60,0.02025081089702951
2022-05-19,momentum_60,60,0.019003968688806508
2022-05-20,momentum_60,60,0.02224646193569808
2022-05-23,momentum_60,60,0.025170085875474733
2022-05-24,momentum_60,60,0.026730801318047004
2022-05-25,momentum_60,60,0.022766887679349545
2022-05-26,momentum_60,60,0.014378971748120443
2022-05-27,momentum_60,60,0.004845866965204257
2022-05-30,momentum_60,60,-0.0069971957613912525
2022-05-31,momentum_60,60,-0.018722826269342838
2022-06-01,momentum_60,60,-0.02537438008029125
2022-06-02,momentum_60,60,-0.02788735507791773
2022-06-06,momentum_60,60,-0.028415210786868643
2022-06-07,momentum_60,60,-0.026696566928136076
2022-06-08,momentum_60,60,-0.025180964332739843
2022-06-09,momentum_60,60,-0.027479327009636265
2022-06-10,momentum_60,60,-0.028058173716344986
2022-06-13,momentum_60,60,-0.033479667588847975
2022-06-14,momentum_60,60,-0.03820187284538255
2022-06-15,momentum_60,60,-0.04026617665680557
2022-06-16,momentum_60,60,-0.0375337877978928
2022-06-17,momentum_60,60,-0.03947217733811083
2022-06-20,momentum_60,60,-0.03920275403447262
2022-06-21,momentum_60,60,-0.03925164339595699
2022-06-22,momentum_60,60,-0.044211899855168296
2022-06-23,momentum_60,60,-0.049517524127585706
2022-06-24,momentum_60,60,-0.05188014869200994
2022-06-27,momentum_60,60,-0.05165387789122134
2022-06-28,momentum_60,60,-0.051800246980173915
2022-06-29,momentum_60,60,-0.047516417578737376
2022-06-30,momentum_60,60,-0.045586686064959615
2022-07-01,momentum_60,60,-0.04720552280031275
2022-07-04,momentum_60,60,-0.050175339433471716
2022-07-05,momentum_60,60,-0.053745923645488
2022-07-06,momentum_60,60,-0.05895469821969606
2022-07-07,momentum_60,60,-0.060265831593775514
2022-07-08,momentum_60,60,-0.051920972908100875
2022-07-11,momentum_60,60,-0.047580287763950076
2022-07-12,momentum_60,60,-0.04324415483099853
2022-07-13,momentum_60,60,-0.03951277783025876
2022-07-14,momentum_60,60,-0.03812948327834565
2022-07-15,momentum_60,60,-0.04315527541946538
2022-07-18,momentum_60,60,-0.049281951149570805
2022-07-19,momentum_60,60,-0.05262192355754959
2022-07-20,momentum_60,60,-0.05573020153464654
2022-07-21,momentum_60,60,-0.05870957787954177
2022-07-22,momentum_60,60,-0.05851476746787364
2022-07-25,momentum_60,60,-0.05160690382697273
2022-07-26,momentum_60,60,-0.04840103623878329
2022-07-27,momentum_60,60,-0.04645975213810762
2022-07-28,momentum_60,60,-0.04636526790123009
2022-07-29,momentum_60,60,-0.04705783408632067
2022-08-01,momentum_60,60,-0.04753535998528579
2022-08-02,momentum_60,60,-0.04651875275411387
2022-08-03,momentum_60,60,-0.04199679247846828
2022-08-04,momentum_60,60,-0.03751728479369552
2022-08-05,momentum_60,60,-0.036823519162374106
2022-08-08,momentum_60,60,-0.03305375226549366
2022-08-09,momentum_60,60,-0.029678580794271072
2022-08-10,momentum_60,60,-0.03032359711250152
2022-08-11,momentum_60,60,-0.027420946997098013
2022-08-12,momentum_60,60,-0.02252003833161555
2022-08-15,momentum_60,60,-0.023329910744156485
2022-08-16,momentum_60,60,-0.023414428622809933
2022-08-17,momentum_60,60,-0.024192655573797173
2022-08-18,momentum_60,60,-0.02708395937143725
2022-08-19,momentum_60,60,-0.026751825990850023
2022-08-22,momentum_60,60,-0.02369153940553003
2022-08-23,momentum_60,60,-0.02180385581505314
2022-08-24,momentum_60,60,-0.02103863967059582
2022-08-25,momentum_60,60,-0.02277155235366937
2022-08-26,momentum_60,60,-0.02459416692253883
2022-08-29,momentum_60,60,-0.02928388323901644
2022-08-30,momentum_60,60,-0.033428643599873506
2022-08-31,momentum_60,60,-0.03293070276913269
2022-09-01,momentum_60,60,-0.027986631246932177
2022-09-02,momentum_60,60,-0.028492747841005132
2022-09-05,momentum_60,60,-0.02593878007879174
2022-09-06,momentum_60,60,-0.022897794419015127
2022-09-07,momentum_60,60,-0.024087636555201377
2022-09-08,momentum_60,60,-0.02734984504013113
2022-09-09,momentum_60,60,-0.027762949202813324
2022-09-13,momentum_60,60,-0.027421992702790186
2022-09-14,momentum_60,60,-0.02799422477099524
2022-09-15,momentum_60,60,-0.024700175128462554
2022-09-16,momentum_60,60,-0.021271591597698078
2022-09-19,momentum_60,60,-0.018415817761150966
2022-09-20,momentum_60,60,-0.01822407242208249
2022-09-21,momentum_60,60,-0.01959973137114984
2022-09-22,momentum_60,60,-0.02527271335633182
2022-09-23,momentum_60,60,-0.03241121180498461
2022-09-26,momentum_60,60,-0.03463402409287874
2022-09-27,momentum_60,60,-0.03390097221348096
2022-09-28,momentum_60,60,-0.03132274743112217
2022-09-29,momentum_60,60,-0.027887006216488004
2022-09-30,momentum_60,60,-0.02635839280279045
2022-10-10,momentum_60,60,-0.03295758260350083
2022-10-11,momentum_60,60,-0.04040228747182531
2022-10-12,momentum_60,60,-0.04489303952399744
2022-10-13,momentum_60,60,-0.04805250204409829
2022-10-14,momentum_60,60,-0.04769699373534655
2022-10-17,momentum_60,60,-0.042191535554306214
2022-10-18,momentum_60,60,-0.03647516476135161
2022-10-19,momentum_60,60,-0.0337781968823355
2022-10-20,momentum_60,60,-0.0330692205186948
2022-10-21,momentum_60,60,-0.030380468666091707
2022-10-24,momentum_60,60,-0.030655409004992643
2022-10-25,momentum_60,60,-0.036565724633258044
2022-10-26,momentum_60,60,-0.04076765300843899
2022-10-27,momentum_60,60,-0.04089366293508141
2022-10-28,momentum_60,60,-0.04676430543270662
2022-10-31,momentum_60,60,-0.05056288505529251
2022-11-01,momentum_60,60,-0.0539025922937045
2022-11-02,momentum_60,60,-0.05543781927441822
2022-11-03,momentum_60,60,-0.05908869629937073
2022-11-04,momentum_60,60,-0.06196152847106987
2022-11-07,momentum_60,60,-0.06372634735768413
2022-11-08,momentum_60,60,-0.06676261762756884
2022-11-09,momentum_60,60,-0.06902992532953474
2022-11-10,momentum_60,60,-0.06913562634743357
2022-11-11,momentum_60,60,-0.07291946036267165
2022-11-14,momentum_60,60,-0.07631997971769619
2022-11-15,momentum_60,60,-0.0755590603019535
2022-11-16,momentum_60,60,-0.07715410071743592
2022-11-17,momentum_60,60,-0.07613987103413748
2022-11-18,momentum_60,60,-0.07046564600558745
2022-11-21,momentum_60,60,-0.06665143820046492
2022-11-22,momentum_60,60,-0.06369404886745747
2022-11-23,momentum_60,60,-0.056871543703393874
2022-11-24,momentum_60,60,-0.05219731208776073
2022-11-25,momentum_60,60,-0.05040906452476347
2022-11-28,momentum_60,60,-0.051629110058903895
2022-11-29,momentum_60,60,-0.053822207506138774
2022-11-30,momentum_60,60,-0.05739955170004288
2022-12-01,momentum_60,60,-0.06340334300757595
2022-12-02,momentum_60,60,-0.0698365580380386
2022-12-05,momentum_60,60,-0.06843938196446778
2022-12-06,momentum_60,60,-0.06680290364302895
2022-12-07,momentum_60,60,-0.06285568803453691
2022-12-08,momentum_60,60,-0.05809485754523574
2022-12-09,momentum_60,60,-0.05242106797440789
2022-12-12,momentum_60,60,-0.05290448630609781
2022-12-13,momentum_60,60,-0.05694696283832619
2022-12-14,momentum_60,60,-0.05789094509824608
2022-12-15,momentum_60,60,-0.05688069293422591
2022-12-16,momentum_60,60,-0.059876262649349955
2022-12-19,momentum_60,60,-0.06361764838906266
2022-12-20,momentum_60,60,-0.06793392118535412
2022-12-21,momentum_60,60,-0.0707829732545602
2022-12-22,momentum_60,60,-0.073207720312122
2022-12-23,momentum_60,60,-0.07365415635024962
2022-12-26,momentum_60,60,-0.07491602957082275
2022-12-27,momentum_60,60,-0.07358101326940428
2022-12-28,momentum_60,60,-0.07529905950873224
2022-12-29,momentum_60,60,-0.08026713372886962
2022-12-30,momentum_60,60,-0.08333770180588645
2023-01-03,momentum_60,60,-0.08230759959523404
2023-01-04,momentum_60,60,-0.08127700606670783
2023-01-05,momentum_60,60,-0.08261921843836655
2023-01-06,momentum_60,60,-0.08214524008429222
2023-01-09,momentum_60,60,-0.08204251907838511
2023-01-10,momentum_60,60,-0.08656594752342067
2023-01-11,momentum_60,60,-0.09069972108609446
2023-01-12,momentum_60,60,-0.09362775106144584
2023-01-13,momentum_60,60,-0.09819727041105326
2023-01-16,momentum_60,60,-0.10457548359247155
2023-01-17,momentum_60,60,-0.11075878216921622
2023-01-18,momentum_60,60,-0.11336854474293376
2023-01-19,momentum_60,60,-0.11631435200630555
2023-01-20,momentum_60,60,-0.12019463536782457
2023-01-30,momentum_60,60,-0.11526559353201953
2023-01-31,momentum_60,60,-0.11115012168386967
2023-02-01,momentum_60,60,-0.10851715407259604
2023-02-02,momentum_60,60,-0.10731143768163905
2023-02-03,momentum_60,60,-0.10743932041925534
2023-02-06,momentum_60,60,-0.10883095623278899
2023-02-07,momentum_60,60,-0.10819100209772953
2023-02-08,momentum_60,60,-0.10880111417071352
2023-02-09,momentum_60,60,-0.10986969133978298
2023-02-10,momentum_60,60,-0.11136844944216853
2023-02-13,momentum_60,60,-0.11239888708726013
2023-02-14,momentum_60,60,-0.11464878810651115
2023-02-15,momentum_60,60,-0.11707529292304072
2023-02-16,momentum_60,60,-0.11688129292911373
2023-02-17,momentum_60,60,-0.1142833533661711
2023-02-20,momentum_60,60,-0.11378472032475936
2023-02-21,momentum_60,60,-0.11356446621179161
2023-02-22,momentum_60,60,-0.11492690295408708
2023-02-23,momentum_60,60,-0.11681854043229133
2023-02-24,momentum_60,60,-0.11612329214474629
2023-02-27,momentum_60,60,-0.11576695536578084
2023-02-28,momentum_60,60,-0.11331173205850034
2023-03-01,momentum_60,60,-0.10820401588892424
2023-03-02,momentum_60,60,-0.10594542594987777
2023-03-03,momentum_60,60,-0.10408357146287646
2023-03-06,momentum_60,60,-0.099656184966758
2023-03-07,momentum_60,60,-0.0983949434543311
2023-03-08,momentum_60,60,-0.09989415050565177
2023-03-09,momentum_60,60,-0.10268299592347671
2023-03-10,momentum_60,60,-0.103109882809705
2023-03-13,momentum_60,60,-0.10500777187692248
2023-03-14,momentum_60,60,-0.1048408204069846
2023-03-15,momentum_60,60,-0.10097849722466232
2023-03-16,momentum_60,60,-0.09879536347548196
2023-03-17,momentum_60,60,-0.09976108276283917
2023-03-20,momentum_60,60,-0.09570916356089097
2023-03-21,momentum_60,60,-0.09009904265858151
2023-03-22,momentum_60,60,-0.08294869707228968
2023-03-23,momentum_60,60,-0.07917589021864026
2023-03-24,momentum_60,60,-0.0739139591210039
2023-03-27,momentum_60,60,-0.06970638282018134
2023-03-28,momentum_60,60,-0.06540202246117371
2023-03-29,momentum_60,60,-0.06418252735035238
2023-03-30,momentum_60,60,-0.059451492886193114
2023-03-31,momentum_60,60,-0.05413984449683418
2023-04-03,momentum_60,60,-0.050417681600818186
2023-04-04,momentum_60,60,-0.04857382010368582
2023-04-06,momentum_60,60,-0.04800929251715809
2023-04-07,momentum_60,60,-0.04496490265894956
2023-04-10,momentum_60,60,-0.044757665019502735
2023-04-11,momentum_60,60,-0.045879226443049564
2023-04-12,momentum_60,60,-0.04510369060067857
2023-04-13,momentum_60,60,-0.03961027813745583
2023-04-14,momentum_60,60,-0.038648829027083415
2023-04-17,momentum_60,60,-0.03241483398462481
2023-04-18,momentum_60,60,-0.02477668111055689
2023-04-19,momentum_60,60,-0.021069549650584392
2023-04-20,momentum_60,60,-0.020091050925079196
2023-04-21,momentum_60,60,-0.013990329622253004
2023-04-24,momentum_60,60,-0.007801419443522225
2023-04-25,momentum_60,60,-0.0053259695119995286
2023-04-26,momentum_60,60,0.000172468911833229
2023-04-27,momentum_60,60,0.004173045946250165
2023-04-28,momentum_60,60,0.0058363090146263666
2023-05-04,momentum_60,60,0.007107476197601024
2023-05-05,momentum_60,60,0.009434272688217645
2023-05-08,momentum_60,60,0.00684149146057958
2023-05-09,momentum_60,60,0.005208998421414782
2023-05-10,momentum_60,60,0.005439193340587593
2023-05-11,momentum_60,60,0.009017855603781315
2023-05-12,momentum_60,60,0.008656924248209606
2023-05-15,momentum_60,60,0.010459019805525665
2023-05-16,momentum_60,60,0.008212729589514182
2023-05-17,momentum_60,60,0.00594218908368969
2023-05-18,momentum_60,60,-0.0003340685314983956
2023-05-19,momentum_60,60,-0.002513152662280174
2023-05-22,momentum_60,60,0.0016284173731258016
2023-05-23,momentum_60,60,0.009443753674271001
2023-05-24,momentum_60,60,0.016308087105853526
2023-05-25,momentum_60,60,0.022639834288380702
2023-05-26,momentum_60,60,0.02776152831626005
2023-05-29,momentum_60,60,0.030383689562307865
2023-05-30,momentum_60,60,0.0309752389048523
2023-05-31,momentum_60,60,0.033711131427054446
2023-06-01,momentum_60,60,0.03601684369684059
2023-06-02,momentum_60,60,0.040697603802292086
2023-06-05,momentum_60,60,0.041497538896351396
2023-06-06,momentum_60,60,0.04502932613293691
2023-06-07,momentum_60,60,0.04687967770587474
2023-06-08,momentum_60,60,0.04401936466355611
2023-06-09,momentum_60,60,0.038700323047850115
2023-06-12,momentum_60,60,0.03926953011918284
2023-06-13,momentum_60,60,0.03862288199062568
2023-06-14,momentum_60,60,0.03702373651956186
2023-06-15,momentum_60,60,0.035644044438312955
2023-06-16,momentum_60,60,0.032727340024150724
2023-06-19,momentum_60,60,0.026803308017110023
2023-06-20,momentum_60,60,0.021602292257641105
2023-06-21,momentum_60,60,0.017790380534236268
2023-06-26,momentum_60,60,0.012527987374744254
2023-06-27,momentum_60,60,0.009007311618027678
2023-06-28,momentum_60,60,0.004140764434758505
2023-06-29,momentum_60,60,-0.0032807477205818157
2023-06-30,momentum_60,60,-0.010505219493135232
2023-07-03,momentum_60,60,-0.013517161915593925
2023-07-04,momentum_60,60,-0.01456246533228566
2023-07-05,momentum_60,60,-0.017539646185642282
2023-07-06,momentum_60,60,-0.0179129054332934
2023-07-07,momentum_60,60,-0.02074692987315103
2023-07-10,momentum_60,60,-0.02053361047261108
2023-07-11,momentum_60,60,-0.01941629919892269
2023-07-12,momentum_60,60,-0.01872744757256078
2023-07-13,momentum_60,60,-0.022497625230392344
2023-07-14,momentum_60,60,-0.023819904713251898
2023-07-17,momentum_60,60,-0.028611176808967898
2023-07-18,momentum_60,60,-0.03501606411638003
2023-07-19,momentum_60,60,-0.0369220225410856
2023-07-20,momentum_60,60,-0.03497458053222445
2023-07-21,momentum_60,60,-0.037959727343571385
2023-07-24,momentum_60,60,-0.04275609206825093
2023-07-25,momentum_60,60,-0.04750676748233633
2023-07-26,momentum_60,60,-0.051809101370176205
2023-07-27,momentum_60,60,-0.05661824786534176
2023-07-28,momentum_60,60,-0.059756857329321206
2023-07-31,momentum_60,60,-0.059660244723553385
2023-08-01,momentum_60,60,-0.06058472823698449
2023-08-02,momentum_60,60,-0.059907066036718866
2023-08-03,momentum_60,60,-0.05625911479065348
2023-08-04,momentum_60,60,-0.054183820593329525
2023-08-07,momentum_60,60,-0.055764542459574386
2023-08-08,momentum_60,60,-0.05519518055091386
2023-08-09,momentum_60,60,-0.052828245875407395
2023-08-10,momentum_60,60,-0.047248237396355225
2023-08-11,momentum_60,60,-0.04293041364124105
2023-08-14,momentum_60,60,-0.035151241470154394
2023-08-15,momentum_60,60,-0.03131827206588924
2023-08-16,momentum_60,60,-0.03358319326557501
2023-08-17,momentum_60,60,-0.03924906883408626
2023-08-18,momentum_60,60,-0.04495034627606487
2023-08-21,momentum_60,60,-0.049041363649559085
2023-08-22,momentum_60,60,-0.05199852074424649
2023-08-23,momentum_60,60,-0.056633299236259385
2023-08-24,momentum_60,60,-0.05775633445793315
2023-08-25,momentum_60,60,-0.059862654475127335
2023-08-28,momentum_60,60,-0.06405498249994708
2023-08-29,momentum_60,60,-0.07195977222952092
2023-08-30,momentum_60,60,-0.07470633041278472
2023-08-31,momentum_60,60,-0.07826795176595049
2023-09-01,momentum_60,60,-0.08061570859943186
2023-09-04,momentum_60,60,-0.08029561470175843
2023-09-05,momentum_60,60,-0.07741869233373418
2023-09-06,momentum_60,60,-0.07655255855692812
2023-09-07,momentum_60,60,-0.07442593599900872
2023-09-08,momentum_60,60,-0.07499279171759386
2023-09-11,momentum_60,60,-0.07341809026132044
2023-09-12,momentum_60,60,-0.06902512798424681
2023-09-13,momentum_60,60,-0.06220011774308563
2023-09-14,momentum_60,60,-0.055570288784304145
2023-09-15,momentum_60,60,-0.05214318471710912
2023-09-18,momentum_60,60,-0.04633736765072495
2023-09-19,momentum_60,60,-0.04507286441292035
2023-09-20,momentum_60,60,-0.046425635121098034
2023-09-21,momentum_60,60,-0.04803697539788694
2023-09-22,momentum_60,60,-0.04800597690723791
2023-09-25,momentum_60,60,-0.04842106698432464
2023-09-26,momentum_60,60,-0.0506236006736712
2023-09-27,momentum_60,60,-0.04955744206574283
2023-09-28,momentum_60,60,-0.04494018156769998
2023-10-09,momentum_60,60,-0.035874375499770066
2023-10-10,momentum_60,60,-0.02914699923365314
2023-10-11,momentum_60,60,-0.022930183682592867
2023-10-12,momentum_60,60,-0.016939258522356573
2023-10-13,momentum_60,60,-0.016461817974554125
2023-10-16,momentum_60,60,-0.015049867680229834
2023-10-17,momentum_60,60,-0.011335887025890012
2023-10-18,momentum_60,60,-0.008248101756418942
2023-10-19,momentum_60,60,-0.0012684968078450838
2023-10-20,momentum_60,60,0.0018642411805552563
2023-10-23,momentum_60,60,0.004011985387350535
2023-10-24,momentum_60,60,0.0077524931610112886
2023-10-25,momentum_60,60,0.009930649865770332
2023-10-26,momentum_60,60,0.008440532515375434
2023-10-27,momentum_60,60,0.010436331379556331
2023-10-30,momentum_60,60,0.009811656691964762
2023-10-31,momentum_60,60,0.0059509492753178185
2023-11-01,momentum_60,60,0.004487783140754208
2023-11-02,momentum_60,60,0.001811419629374439
2023-11-03,momentum_60,60,5.474670907822526e-05
2023-11-06,momentum_60,60,-0.0009673579416079425
2023-11-07,momentum_60,60,-0.0021324280916714235
2023-11-08,momentum_60,60,-0.004520914447052331
2023-11-09,momentum_60,60,-0.005107221601746271
2023-11-10,momentum_60,60,-0.006161996284043621
2023-11-13,momentum_60,60,-0.006609834887796034
2023-11-14,momentum_60,60,-0.010066544007419322
2023-11-15,momentum_60,60,-0.01103692923828085
2023-11-16,momentum_60,60,-0.010970084281113839
2023-11-17,momentum_60,60,-0.012613623175638905
2023-11-20,momentum_60,60,-0.011380559779229983
2023-11-21,momentum_60,60,-0.00873660096216024
2023-11-22,momentum_60,60,-0.004416985417539162
2023-11-23,momentum_60,60,0.002754535831146209
2023-11-24,momentum_60,60,0.006609229679608906
2023-11-27,momentum_60,60,0.00953076467146625
2023-11-28,momentum_60,60,0.013812654320514317
2023-11-29,momentum_60,60,0.014951113014226879
2023-11-30,momentum_60,60,0.01480014767367951
2023-12-01,momentum_60,60,0.014034559709104019
2023-12-04,momentum_60,60,0.01533616308286281
2023-12-05,momentum_60,60,0.01734095850404387
2023-12-06,momentum_60,60,0.02151015394587299
2023-12-07,momentum_60,60,0.023639240573143386
2023-12-08,momentum_60,60,0.022671466803739892
2023-12-11,momentum_60,60,0.02622009022644356
2023-12-12,momentum_60,60,0.02605693043990174
2023-12-13,momentum_60,60,0.023373362262825405
2023-12-14,momentum_60,60,0.01702178674755943
2023-12-15,momentum_60,60,0.008916458057711822
2023-12-18,momentum_60,60,0.004601067202773218
2023-12-19,momentum_60,60,-0.0010663341549036836
2023-12-20,momentum_60,60,-0.0033357447537832206
2023-12-21,momentum_60,60,-0.003758647035305009
2023-12-22,momentum_60,60,0.0011168668784415233
2023-12-25,momentum_60,60,0.004392381367943931
2023-12-26,momentum_60,60,0.006308513340574176
2023-12-27,momentum_60,60,0.009795417895501488
2023-12-28,momentum_60,60,0.013544939199799867
2023-12-29,momentum_60,60,0.012155655196852641
2024-01-02,momentum_60,60,0.007652413034947789
2024-01-03,momentum_60,60,0.002105132317888477
2024-01-04,momentum_60,60,-0.0061763966153004736
2024-01-05,momentum_60,60,-0.013955409246048501
2024-01-08,momentum_60,60,-0.016206602915493435
2024-01-09,momentum_60,60,-0.019267503586211827
2024-01-10,momentum_60,60,-0.020734358688358562
2024-01-11,momentum_60,60,-0.02181283540781023
2024-01-12,momentum_60,60,-0.02482475401036485
2024-01-15,momentum_60,60,-0.028610875315833374
2024-01-16,momentum_60,60,-0.03174584676682386
2024-01-17,momentum_60,60,-0.03360938057187417
2024-01-18,momentum_60,60,-0.033473391251079856
2024-01-19,momentum_60,60,-0.03017076959366854
2024-01-22,momentum_60,60,-0.02908670524930003
2024-01-23,momentum_60,60,-0.02364744330572285
2024-01-24,momentum_60,60,-0.018554680298883606
2024-01-25,momentum_60,60,-0.0163753821581756
2024-01-26,momentum_60,60,-0.0122799238466599
2024-01-29,momentum_60,60,-0.009822778149596947
2024-01-30,momentum_60,60,-0.009608810239743507
2024-01-31,momentum_60,60,-0.0063795342373667565
2024-02-01,momentum_60,60,-0.0018414604643679398
2024-02-02,momentum_60,60,-0.0033554924707131914
2024-02-05,momentum_60,60,-0.01044368663060963
2024-02-06,momentum_60,60,-0.022544196916461857
2024-02-07,momentum_60,60,-0.03563754859148257
2024-02-08,momentum_60,60,-0.04818483463689241
2024-02-19,momentum_60,60,-0.06191036089171223
2024-02-20,momentum_60,60,-0.07258339113452385
2024-02-21,momentum_60,60,-0.08138367393151717
2024-02-22,momentum_60,60,-0.08985734591976001
2024-02-23,momentum_60,60,-0.09443830242555999
2024-02-26,momentum_60,60,-0.09643363332692642
2024-02-27,momentum_60,60,-0.09350133418496691
2024-02-28,momentum_60,60,-0.09817996984485967
2024-02-29,momentum_60,60,-0.10101505804482874
2024-03-01,momentum_60,60,-0.10024809651102498
2024-03-04,momentum_60,60,-0.09965293375516877
2024-03-05,momentum_60,60,-0.10563274791266129
2024-03-06,momentum_60,60,-0.1136660509272536
2024-03-07,momentum_60,60,-0.12100955508580777
2024-03-08,momentum_60,60,-0.13120439405476478
2024-03-11,momentum_60,60,-0.1420735303094916
2024-03-12,momentum_60,60,-0.1480153580202845
2024-03-13,momentum_60,60,-0.15686202737460644
2024-03-14,momentum_60,60,-0.1656658982597214
2024-03-15,momentum_60,60,-0.17243662537491827
2024-03-18,momentum_60,60,-0.1718163131970924
2024-03-19,momentum_60,60,-0.1686969237158084
2024-03-20,momentum_60,60,-0.16287647001313785
2024-03-21,momentum_60,60,-0.157580590772627
2024-03-22,momentum_60,60,-0.15397930734459814
2024-03-25,momentum_60,60,-0.1512568566979594
2024-03-26,momentum_60,60,-0.1537473959544981
2024-03-27,momentum_60,60,-0.15878965902943504
2024-03-28,momentum_60,60,-0.15998717672524995
2024-03-29,momentum_60,60,-0.16388657073929064
2024-04-01,momentum_60,60,-0.16631663590527845
2024-04-02,momentum_60,60,-0.16359236077804792
2024-04-03,momentum_60,60,-0.1627466276805999
2024-04-08,momentum_60,60,-0.15843999710434023
2024-04-09,momentum_60,60,-0.1482613090519642
2024-04-10,momentum_60,60,-0.13955422834559292
2024-04-11,momentum_60,60,-0.1300491282647739
2024-04-12,momentum_60,60,-0.11922764705442751
2024-04-15,momentum_60,60,-0.11450375429749578
2024-04-16,momentum_60,60,-0.12099830569049887
2024-04-17,momentum_60,60,-0.12428367791010524
2024-04-18,momentum_60,60,-0.12860999207681398
2024-04-19,momentum_60,60,-0.13221063302613215
2024-04-22,momentum_60,60,-0.13937916625783836
2024-04-23,momentum_60,60,-0.1427681230939463
2024-04-24,momentum_60,60,-0.14674619543585388
2024-04-25,momentum_60,60,-0.14868724469383693
2024-04-26,momentum_60,60,-0.15298907153604194
2024-04-29,momentum_60,60,-0.1550172934866806
2024-04-30,momentum_60,60,-0.15436087348392735
2024-05-06,momentum_60,60,-0.1500420255802003
2024-05-07,momentum_60,60,-0.1496794878468308
2024-05-08,momentum_60,60,-0.14928986870009472
2024-05-09,momentum_60,60,-0.15225406661716176
2024-05-10,momentum_60,60,-0.15601423926208852
2024-05-13,momentum_60,60,-0.159021227056725
2024-05-14,momentum_60,60,-0.15570960561417194
2024-05-15,momentum_60,60,-0.1480358480674786
2024-05-16,momentum_60,60,-0.13740934113476425
2024-05-17,momentum_60,60,-0.12558876644770714
2024-05-20,momentum_60,60,-0.11240682271784405
2024-05-21,momentum_60,60,-0.10172716841486411
2024-05-22,momentum_60,60,-0.09374918150629831
2024-05-23,momentum_60,60,-0.08821449589223682
2024-05-24,momentum_60,60,-0.0901205371574481
2024-05-27,momentum_60,60,-0.09405973266470144
2024-05-28,momentum_60,60,-0.09954391163374722
2024-05-29,momentum_60,60,-0.0976546252656592
2024-05-30,momentum_60,60,-0.09509186480156055
2024-05-31,momentum_60,60,-0.09266690918788476
2024-06-03,momentum_60,60,-0.08929688687620768
2024-06-04,momentum_60,60,-0.08380740507629372
2024-06-05,momentum_60,60,-0.07552624292347544
2024-06-06,momentum_60,60,-0.07283537079774714
2024-06-07,momentum_60,60,-0.06737443282829665
2024-06-11,momentum_60,60,-0.06046713215860135
2024-06-12,momentum_60,60,-0.05469941505829931
2024-06-13,momentum_60,60,-0.0466466469872662
2024-06-14,momentum_60,60,-0.03753055349602165
2024-06-17,momentum_60,60,-0.028836496723443482
2024-06-18,momentum_60,60,-0.023203434183891283
2024-06-19,momentum_60,60,-0.021163672571147377
2024-06-20,momentum_60,60,-0.022904860442051776
2024-06-21,momentum_60,60,-0.021478867824888503
2024-06-24,momentum_60,60,-0.022245206874968462
2024-06-25,momentum_60,60,-0.022713578126106228
2024-06-26,momentum_60,60,-0.019794277721464783
2024-06-27,momentum_60,60,-0.015016862807128687
2024-06-28,momentum_60,60,-0.015934640925971764
2024-07-01,momentum_60,60,-0.012485929587702557
2024-07-02,momentum_60,60,-0.0098091986639983
2024-07-03,momentum_60,60,-0.009249219087929481
2024-07-04,momentum_60,60,-0.011703763387517932
2024-07-05,momentum_60,60,-0.01691276830008274
2024-07-08,momentum_60,60,-0.024946097190427046
2024-07-09,momentum_60,60,-0.03408552504241103
2024-07-10,momentum_60,60,-0.04575189949625645
2024-07-11,momentum_60,60,-0.05417642635304977
2024-07-12,momentum_60,60,-0.06172606633456538
2024-07-15,momentum_60,60,-0.05806596050499892
2024-07-16,momentum_60,60,-0.0560891376786519
2024-07-17,momentum_60,60,-0.048464492199317206
2024-07-18,momentum_60,60,-0.04221758309031535
2024-07-19,momentum_60,60,-0.03568207029226701
2024-07-22,momentum_60,60,-0.03223895038903278
2024-07-23,momentum_60,60,-0.031061123374231156
2024-07-24,momentum_60,60,-0.03559825490206673
2024-07-25,momentum_60,60,-0.036961858905718604
2024-07-26,momentum_60,60,-0.040239155360290976
2024-07-29,momentum_60,60,-0.04630901986615565
2024-07-30,momentum_60,60,-0.05624205810562135
2024-07-31,momentum_60,60,-0.05881298289061323
2024-08-01,momentum_60,60,-0.06285060831668912
2024-08-02,momentum_60,60,-0.06288079891839012
2024-08-05,momentum_60,60,-0.06210982752100824
2024-08-06,momentum_60,60,-0.058495068004325614
2024-08-07,momentum_60,60,-0.05570808314360686
2024-08-08,momentum_60,60,-0.049763445404461065
2024-08-09,momentum_60,60,-0.0429587915658815
2024-08-12,momentum_60,60,-0.041003487053671045
2024-08-13,momentum_60,60,-0.03826481009418965
2024-08-14,momentum_60,60,-0.03548550720425256
2024-08-15,momentum_60,60,-0.034827856704128954
2024-08-16,momentum_60,60,-0.03530502234124152
2024-08-19,momentum_60,60,-0.03415328971693928
2024-08-20,momentum_60,60,-0.03408442414309917
2024-08-21,momentum_60,60,-0.036387931352451816
2024-08-22,momentum_60,60,-0.03808244036598949
2024-08-23,momentum_60,60,-0.044761319747321275
2024-08-26,momentum_60,60,-0.04822046097422201
2024-08-27,momentum_60,60,-0.05414737443283278
2024-08-28,momentum_60,60,-0.05580413623255569
2024-08-29,momentum_60,60,-0.05660557346471172
2024-08-30,momentum_60,60,-0.05014868231181397
2024-09-02,momentum_60,60,-0.047147993828523145
2024-09-03,momentum_60,60,-0.04227893278163234
2024-09-04,momentum_60,60,-0.040255447000666085
2024-09-05,momentum_60,60,-0.04054478473506029
2024-09-06,momentum_60,60,-0.03967533125298079
2024-09-09,momentum_60,60,-0.043477012205341344
2024-09-10,momentum_60,60,-0.04879112690093658
2024-09-11,momentum_60,60,-0.04925972882082506
2024-09-12,momentum_60,60,-0.04799467087437998
2024-09-13,momentum_60,60,-0.05385462804699553
2024-09-18,momentum_60,60,-0.055475345115290974
2024-09-19,momentum_60,60,-0.05911087589144481
2024-09-20,momentum_60,60,-0.06731867248603514
2024-09-23,momentum_60,60,-0.07520984692477704
2024-09-24,momentum_60,60,-0.07800197199456256
2024-09-25,momentum_60,60,-0.08282808265960091
2024-09-26,momentum_60,60,-0.0888760005870301
2024-09-27,momentum_60,60,-0.09276168352084416
2024-09-30,momentum_60,60,-0.08940049295408865
2024-10-08,momentum_60,60,-0.09373887319944499
2024-10-09,momentum_60,60,-0.0961052166574785
2024-10-10,momentum_60,60,-0.09273941955967292
2024-10-11,momentum_60,60,-0.08467180993377403
2024-10-14,momentum_60,60,-0.07954114088145911
2024-10-15,momentum_60,60,-0.07461181831033416
2024-10-16,momentum_60,60,-0.0701618714660309
2024-10-17,momentum_60,60,-0.07068386089068279
2024-10-18,momentum_60,60,-0.07461686659075675
2024-10-21,momentum_60,60,-0.07665474278082568
2024-10-22,momentum_60,60,-0.0726998719399205
2024-10-23,momentum_60,60,-0.06791620492171435
2024-10-24,momentum_60,60,-0.06158365825925708
2024-10-25,momentum_60,60,-0.05426707636452426
2024-10-28,momentum_60,60,-0.052097247473701265
2024-10-29,momentum_60,60,-0.050022907619327255
2024-10-30,momentum_60,60,-0.04698373128693501
2024-10-31,momentum_60,60,-0.04303526005945865
2024-11-01,momentum_60,60,-0.04212729629400527
2024-11-04,momentum_60,60,-0.037493743851224656
2024-11-05,momentum_60,60,-0.03653503400583313
2024-11-06,momentum_60,60,-0.03659033962182848
2024-11-07,momentum_60,60,-0.04037366319731741
2024-11-08,momentum_60,60,-0.04610330671451778
2024-11-11,momentum_60,60,-0.05808133001785576
2024-11-12,momentum_60,60,-0.06825240963993756
2024-11-13,momentum_60,60,-0.07586460010137079
2024-11-14,momentum_60,60,-0.08393349144131898
2024-11-15,momentum_60,60,-0.08742090072495048
2024-11-18,momentum_60,60,-0.08842710673322608
2024-11-19,momentum_60,60,-0.0916789505279598
2024-11-20,momentum_60,60,-0.09311941178742114
2024-11-21,momentum_60,60,-0.09414568612141888
2024-11-22,momentum_60,60,-0.09447054783235584
2024-11-25,momentum_60,60,-0.09106851067527842
2024-11-26,momentum_60,60,-0.08245747817768875
2024-11-27,momentum_60,60,-0.08066309751065438
2024-11-28,momentum_60,60,-0.07453109493032421
2024-11-29,momentum_60,60,-0.06933178463628514
2024-12-02,momentum_60,60,-0.06923113667941831
2024-12-03,momentum_60,60,-0.07191974816713755
2024-12-04,momentum_60,60,-0.07110117616411742
2024-12-05,momentum_60,60,-0.07784094069867503
2024-12-06,momentum_60,60,-0.08281204690595774
2024-12-09,momentum_60,60,-0.08733159830670105
2024-12-10,momentum_60,60,-0.09688930241217883
2024-12-11,momentum_60,60,-0.10278017624390558
2024-12-12,momentum_60,60,-0.10574194136505517
2024-12-13,momentum_60,60,-0.11084012575077283
2024-12-16,momentum_60,60,-0.11741851603433213
2024-12-17,momentum_60,60,-0.11640198461863265
2024-12-18,momentum_60,60,-0.11811317337549414
2024-12-19,momentum_60,60,-0.1153940663077925
2024-12-20,momentum_60,60,-0.1122001932336536
2024-12-23,momentum_60,60,-0.10740014232053095
2024-12-24,momentum_60,60,-0.1082965298537341
2024-12-25,momentum_60,60,-0.10961721136259414
2024-12-26,momentum_60,60,-0.11492171077262764
2024-12-27,momentum_60,60,-0.12205604649637232
2024-12-30,momentum_60,60,-0.12751303241590473
2024-12-31,momentum_60,60,-0.1215258240815207
2025-01-02,momentum_60,60,-0.1187333472403726
2025-01-03,momentum_60,60,-0.11841368234512387
2025-01-06,momentum_60,60,-0.12082000073548974
2025-01-07,momentum_60,60,-0.12517959250772445
2025-01-08,momentum_60,60,-0.1274498239258014
2025-01-09,momentum_60,60,-0.12815830371476344
2025-01-10,momentum_60,60,-0.12415571042661479
2025-01-13,momentum_60,60,-0.11857037966801227
2025-01-14,momentum_60,60,-0.11378370017337384
2025-01-15,momentum_60,60,-0.11587783685753637
2025-01-16,momentum_60,60,-0.11976185705190277
2025-01-17,momentum_60,60,-0.12253742173859881
2025-01-20,momentum_60,60,-0.12195812140757642
2025-01-21,momentum_60,60,-0.12248335550747833
2025-01-22,momentum_60,60,-0.12323079983877797
2025-01-23,momentum_60,60,-0.12436034972728421
2025-01-24,momentum_60,60,-0.12566772814071797
2025-01-27,momentum_60,60,-0.1261821838076442
2025-02-05,momentum_60,60,-0.12633294800386766
2025-02-06,momentum_60,60,-0.12847357416147223
2025-02-07,momentum_60,60,-0.12902697676411404
2025-02-10,momentum_60,60,-0.1240402734416141
2025-02-11,momentum_60,60,-0.11903050409139793
2025-02-12,momentum_60,60,-0.1091749237224628
2025-02-13,momentum_60,60,-0.10066108831185636
2025-02-14,momentum_60,60,-0.09267944677593451
2025-02-17,momentum_60,60,-0.08730720702404417
2025-02-18,momentum_60,60,-0.08398347425828653
2025-02-19,momentum_60,60,-0.08485400190300957
2025-02-20,momentum_60,60,-0.08568863816540508
2025-02-21,momentum_60,60,-0.08782329389767103
2025-02-24,momentum_60,60,-0.08926328192123445
2025-02-25,momentum_60,60,-0.09168224425065506
2025-02-26,momentum_60,60,-0.09600797302777433
2025-02-27,momentum_60,60,-0.09919933706615026
2025-02-28,momentum_60,60,-0.09807529372570115
2025-03-03,momentum_60,60,-0.09994183855787599
2025-03-04,momentum_60,60,-0.10255880303600493
2025-03-05,momentum_60,60,-0.10474603796763918
2025-03-06,momentum_60,60,-0.10897958173109158
2025-03-07,momentum_60,60,-0.11713213502195642
2025-03-10,momentum_60,60,-0.1192115075885485
2025-03-11,momentum_60,60,-0.11929498695115172
2025-03-12,momentum_60,60,-0.11915916844989287
2025-03-13,momentum_60,60,-0.11407408108768657
2025-03-14,momentum_60,60,-0.11031433489328411
2025-03-17,momentum_60,60,-0.10859568258962513
2025-03-18,momentum_60,60,-0.10883860528608684
2025-03-19,momentum_60,60,-0.10662796134413347
2025-03-20,momentum_60,60,-0.1088852130889417
2025-03-21,momentum_60,60,-0.10572311763705393
2025-03-24,momentum_60,60,-0.10328768837605393
2025-03-25,momentum_60,60,-0.09875883279261956
2025-03-26,momentum_60,60,-0.09739509082397232
2025-03-27,momentum_60,60,-0.09293111935719285
2025-03-28,momentum_60,60,-0.08806168853945652
2025-03-31,momentum_60,60,-0.08226110262658398
2025-04-01,momentum_60,60,-0.07730278618884681
2025-04-02,momentum_60,60,-0.07671579698545411
2025-04-03,momentum_60,60,-0.07881852219748371
2025-04-07,momentum_60,60,-0.08217869922517614
2025-04-08,momentum_60,60,-0.08377693036589948
2025-04-09,momentum_60,60,-0.0872083072326618
2025-04-10,momentum_60,60,-0.08905109178930545
2025-04-11,momentum_60,60,-0.09175145037214423
2025-04-14,momentum_60,60,-0.09310147523506745
2025-04-15,momentum_60,60,-0.09733181851292608
2025-04-16,momentum_60,60,-0.10176570882522322
2025-04-17,momentum_60,60,-0.10615985359683498
2025-04-18,momentum_60,60,-0.10786893978438679
2025-04-21,momentum_60,60,-0.10960156032177015
2025-04-22,momentum_60,60,-0.11253224238814813
2025-04-23,momentum_60,60,-0.11387434899874307
2025-04-24,momentum_60,60,-0.11506368490406958
2025-04-25,momentum_60,60,-0.1147671321374642
2025-04-28,momentum_60,60,-0.11412975007471024
2025-04-29,momentum_60,60,-0.11310056526933081
2025-04-30,momentum_60,60,-0.1142600921387585
2025-05-06,momentum_60,60,-0.11714389819268271
2025-05-07,momentum_60,60,-0.11727644762418703
2025-05-08,momentum_60,60,-0.11487222065945436
2025-05-09,momentum_60,60,-0.11623615048103694
2025-05-12,momentum_60,60,-0.11517586035272956
2025-05-13,momentum_60,60,-0.11420038978844159
2025-05-14,momentum_60,60,-0.11385318297143016
2025-05-15,momentum_60,60,-0.11644009474859698
2025-05-16,momentum_60,60,-0.11691473697637261
2025-05-19,momentum_60,60,-0.11799426378307216
2025-05-20,momentum_60,60,-0.11722302568221768
2025-05-21,momentum_60,60,-0.1129295060802035
2025-05-22,momentum_60,60,-0.10981333944434647
2025-05-23,momentum_60,60,-0.1056131804933802
2025-05-26,momentum_60,60,-0.0994448310653049
2025-05-27,momentum_60,60,-0.09483868845593639
2025-05-28,momentum_60,60,-0.0967128536726717
2025-05-29,momentum_60,60,-0.09743305046040761
2025-05-30,momentum_60,60,-0.0997710486937283
2025-06-03,momentum_60,60,-0.10018114444174202
2025-06-04,momentum_60,60,-0.0994670786501937
2025-06-05,momentum_60,60,-0.09398397849624196
2025-06-06,momentum_60,60,-0.08619970660285213
2025-06-09,momentum_60,60,-0.08066349671845126
2025-06-10,momentum_60,60,-0.08036671845916328
2025-06-11,momentum_60,60,-0.08125282403917503
2025-06-12,momentum_60,60,-0.08543822002016675
2025-06-13,momentum_60,60,-0.0879822777737607
2025-06-16,momentum_60,60,-0.08886590408453586
2025-06-17,momentum_60,60,-0.09124031805058
2025-06-18,momentum_60,60,-0.0943978980350126
2025-06-19,momentum_60,60,-0.0961298759326241
2025-06-20,momentum_60,60,-0.10269585736773527
2025-06-23,momentum_60,60,-0.10890521183604761
2025-06-24,momentum_60,60,-0.10978820935509295
2025-06-25,momentum_60,60,-0.10815182248447737
2025-06-26,momentum_60,60,-0.10693300764718243
2025-06-27,momentum_60,60,-0.10380686999468229
2025-06-30,momentum_60,60,-0.10038124940485563
2025-07-01,momentum_60,60,-0.09959681828727947
2025-07-02,momentum_60,60,-0.09875815225837345
2025-07-03,momentum_60,60,-0.09998385509037261
2025-07-04,momentum_60,60,-0.09886356354616282
2025-07-07,momentum_60,60,-0.09847070733372083
2025-07-08,momentum_60,60,-0.0974784521549847
2025-07-09,momentum_60,60,-0.09713738636330893
2025-07-10,momentum_60,60,-0.0949279814752737
2025-07-11,momentum_60,60,-0.09305929291894978
2025-07-14,momentum_60,60,-0.09045813819675486
2025-07-15,momentum_60,60,-0.08861239661201634
2025-07-16,momentum_60,60,-0.08762678702279948
2025-07-17,momentum_60,60,-0.08859578023158302
2025-07-18,momentum_60,60,-0.08859472078287853
2025-07-21,momentum_60,60,-0.08799514736568717
2025-07-22,momentum_60,60,-0.08782548058102159
2025-07-23,momentum_60,60,-0.08357772593305618
2025-07-24,momentum_60,60,-0.0797043994954884
2025-07-25,momentum_60,60,-0.07465977664577608
2025-07-28,momentum_60,60,-0.07008506887865697
2025-07-29,momentum_60,60,-0.0682805627238045
2025-07-30,momentum_60,60,-0.0668019239400444
2025-07-31,momentum_60,60,-0.06407109599505388
2025-08-01,momentum_60,60,-0.06443196805492146
2025-08-04,momentum_60,60,-0.06451313399265636
2025-08-05,momentum_60,60,-0.06592855201984209
2025-08-06,momentum_60,60,-0.06616362992096853
2025-08-07,momentum_60,60,-0.06819684538273205
2025-08-08,momentum_60,60,-0.06698469343071727
2025-08-11,momentum_60,60,-0.0671953973354701
2025-08-12,momentum_60,60,-0.06632934065018624
2025-08-13,momentum_60,60,-0.06884887271324679
2025-08-14,momentum_60,60,-0.07151451019733873
2025-08-15,momentum_60,60,-0.07261049926377024
2025-08-18,momentum_60,60,-0.07494897311292871
2025-08-19,momentum_60,60,-0.08097717124123376
2025-08-20,momentum_60,60,-0.08446115844336813
2025-08-21,momentum_60,60,-0.08245226568151189
2025-08-22,momentum_60,60,-0.08433931731847695
2025-08-25,momentum_60,60,-0.08343791636676512
2025-08-26,momentum_60,60,-0.08356349169119791
2025-08-27,momentum_60,60,-0.08407929348228559
2025-08-28,momentum_60,60,-0.09006852253098716
2025-08-29,momentum_60,60,-0.09539200081487659
2025-09-01,momentum_60,60,-0.0992302780224857
2025-09-02,momentum_60,60,-0.09873487126070855
2025-09-03,momentum_60,60,-0.09691202376987013
2025-09-04,momentum_60,60,-0.08718943723481593
2025-09-05,momentum_60,60,-0.08232677501446097
2025-09-08,momentum_60,60,-0.07946951228596004
2025-09-09,momentum_60,60,-0.07211539646154588
2025-09-10,momentum_60,60,-0.06518191172561402
2025-09-11,momentum_60,60,-0.05943098099803706
2025-09-12,momentum_60,60,-0.052195058230597155
2025-09-15,momentum_60,60,-0.04374520976124461
2025-09-16,momentum_60,60,-0.04090409272422887
2025-09-17,momentum_60,60,-0.03990615986285882
2025-09-18,momentum_60,60,-0.038703825800777185
2025-09-19,momentum_60,60,-0.040465627246852966
2025-09-22,momentum_60,60,-0.041069903428327795
2025-09-23,momentum_60,60,-0.039618139650760185
2025-09-24,momentum_60,60,-0.03960730227295465
2025-09-25,momentum_60,60,-0.04095180473888882
2025-09-26,momentum_60,60,-0.0400206100870478
2025-09-29,momentum_60,60,-0.04397908903503849
2025-09-30,momentum_60,60,-0.04709799175469532
2025-10-09,momentum_60,60,-0.05151745025506653
2025-10-10,momentum_60,60,-0.056278748248570036
2025-10-13,momentum_60,60,-0.06210353631055365
2025-10-14,momentum_60,60,-0.06553061189721918
2025-10-15,momentum_60,60,-0.0695264544343752
2025-10-16,momentum_60,60,-0.07146871175640787
2025-10-17,momentum_60,60,-0.06742997848583142
2025-10-20,momentum_60,60,-0.061815647915084995
2025-10-21,momentum_60,60,-0.058772308829038625
2025-10-22,momentum_60,60,-0.05517944209463102
2025-10-23,momentum_60,60,-0.05468901964514372
2025-10-24,momentum_60,60,-0.05906641105110257
2025-10-27,momentum_60,60,-0.06565038051920863
2025-10-28,momentum_60,60,-0.0712939107714703
2025-10-29,momentum_60,60,-0.07349803007181628
2025-10-30,momentum_60,60,-0.07343717300595341
2025-10-31,momentum_60,60,-0.07085749407922032
2025-11-03,momentum_60,60,-0.06845169110158798
2025-11-04,momentum_60,60,-0.06674312365886981
2025-11-05,momentum_60,60,-0.06642244417645823
2025-11-06,momentum_60,60,-0.0699948123250292
2025-11-07,momentum_60,60,-0.07296545125658688
2025-11-10,momentum_60,60,-0.07599445750195297
2025-11-11,momentum_60,60,-0.07896499497134846
2025-11-12,momentum_60,60,-0.08152233454085045
2025-11-13,momentum_60,60,-0.08050945639159883
2025-11-14,momentum_60,60,-0.08170431543538834
2025-11-17,momentum_60,60,-0.08241142597184244
2025-11-18,momentum_60,60,-0.08192498461756358
2025-11-19,momentum_60,60,-0.0797390008600054
2025-11-20,momentum_60,60,-0.08022070527875422
2025-11-21,momentum_60,60,-0.08134115879800374
2025-11-24,momentum_60,60,-0.079943697813383
2025-11-25,momentum_60,60,-0.07935276918570051
2025-11-26,momentum_60,60,-0.07870804019741147
2025-11-27,momentum_60,60,-0.07743211177012771
2025-11-28,momentum_60,60,-0.0732019516183448
2025-12-01,momentum_60,60,-0.06847962382910404
2025-12-02,momentum_60,60,-0.06562140853746422
2025-12-03,momentum_60,60,-0.0650872805676773
2025-12-04,momentum_60,60,-0.06364700598060628
2025-12-05,momentum_60,60,-0.06868934648972852
2025-12-08,momentum_60,60,-0.06968714050775264
2025-12-09,momentum_60,60,-0.07176489546077507
2025-12-10,momentum_60,60,-0.07490542667824185
2025-12-11,momentum_60,60,-0.07881567756764128
2025-12-12,momentum_60,60,-0.0821008604742842
2025-12-15,momentum_60,60,-0.08566504154647743
2025-12-16,momentum_60,60,-0.08674475610658866
2025-12-17,momentum_60,60,-0.08620833106350995
2025-12-18,momentum_60,60,-0.08581136118978261
2025-12-19,momentum_60,60,-0.08444000595978302
2025-12-22,momentum_60,60,-0.08379085268852063
2025-12-23,momentum_60,60,-0.08615335833560044
2025-12-24,momentum_60,60,-0.08832366398812003
2018-04-03,momentum_60,120,
2018-04-04,momentum_60,120,
2018-04-09,momentum_60,120,
2018-04-10,momentum_60,120,
2018-04-11,momentum_60,120,
2018-04-12,momentum_60,120,
2018-04-13,momentum_60,120,
2018-04-16,momentum_60,120,
2018-04-17,momentum_60,120,
2018-04-18,momentum_60,120,
2018-04-19,momentum_60,120,
2018-04-20,momentum_60,120,
2018-04-23,momentum_60,120,
2018-04-24,momentum_60,120,
2018-04-25,momentum_60,120,
2018-04-26,momentum_60,120,
2018-04-27,momentum_60,120,
2018-05-02,momentum_60,120,
2018-05-03,momentum_60,120,
2018-05-04,momentum_60,120,
2018-05-07,momentum_60,120,
2018-05-08,momentum_60,120,
2018-05-09,momentum_60,120,
2018-05-10,momentum_60,120,
2018-05-11,momentum_60,120,
2018-05-14,momentum_60,120,
2018-05-15,momentum_60,120,
2018-05-16,momentum_60,120,
2018-05-17,momentum_60,120,
2018-05-18,momentum_60,120,
2018-05-21,momentum_60,120,
2018-05-22,momentum_60,120,
2018-05-23,momentum_60,120,
2018-05-24,momentum_60,120,
2018-05-25,momentum_60,120,
2018-05-28,momentum_60,120,
2018-05-29,momentum_60,120,
2018-05-30,momentum_60,120,
2018-05-31,momentum_60,120,
2018-06-01,momentum_60,120,
2018-06-04,momentum_60,120,
2018-06-05,momentum_60,120,
2018-06-06,momentum_60,120,
2018-06-07,momentum_60,120,
2018-06-08,momentum_60,120,
2018-06-11,momentum_60,120,
2018-06-12,momentum_60,120,
2018-06-13,momentum_60,120,
2018-06-14,momentum_60,120,
2018-06-15,momentum_60,120,
2018-06-19,momentum_60,120,
2018-06-20,momentum_60,120,
2018-06-21,momentum_60,120,
2018-06-22,momentum_60,120,
2018-06-25,momentum_60,120,
2018-06-26,momentum_60,120,
2018-06-27,momentum_60,120,
2018-06-28,momentum_60,120,
2018-06-29,momentum_60,120,
2018-07-02,momentum_60,120,
2018-07-03,momentum_60,120,
2018-07-04,momentum_60,120,
2018-07-05,momentum_60,120,
2018-07-06,momentum_60,120,
2018-07-09,momentum_60,120,
2018-07-10,momentum_60,120,
2018-07-11,momentum_60,120,
2018-07-12,momentum_60,120,
2018-07-13,momentum_60,120,
2018-07-16,momentum_60,120,
2018-07-17,momentum_60,120,
2018-07-18,momentum_60,120,
2018-07-19,momentum_60,120,
2018-07-20,momentum_60,120,
2018-07-23,momentum_60,120,
2018-07-24,momentum_60,120,
2018-07-25,momentum_60,120,
2018-07-26,momentum_60,120,
2018-07-27,momentum_60,120,
2018-07-30,momentum_60,120,
2018-07-31,momentum_60,120,
2018-08-01,momentum_60,120,
2018-08-02,momentum_60,120,
2018-08-03,momentum_60,120,
2018-08-06,momentum_60,120,
2018-08-07,momentum_60,120,
2018-08-08,momentum_60,120,
2018-08-09,momentum_60,120,
2018-08-10,momentum_60,120,
2018-08-13,momentum_60,120,
2018-08-14,momentum_60,120,
2018-08-15,momentum_60,120,
2018-08-16,momentum_60,120,
2018-08-17,momentum_60,120,
2018-08-20,momentum_60,120,
2018-08-21,momentum_60,120,
2018-08-22,momentum_60,120,
2018-08-23,momentum_60,120,
2018-08-24,momentum_60,120,
2018-08-27,momentum_60,120,
2018-08-28,momentum_60,120,
2018-08-29,momentum_60,120,
2018-08-30,momentum_60,120,
2018-08-31,momentum_60,120,
2018-09-03,momentum_60,120,
2018-09-04,momentum_60,120,
2018-09-05,momentum_60,120,
2018-09-06,momentum_60,120,
2018-09-07,momentum_60,120,
2018-09-10,momentum_60,120,
2018-09-11,momentum_60,120,
2018-09-12,momentum_60,120,
2018-09-13,momentum_60,120,
2018-09-14,momentum_60,120,
2018-09-17,momentum_60,120,
2018-09-18,momentum_60,120,
2018-09-19,momentum_60,120,
2018-09-20,momentum_60,120,
2018-09-21,momentum_60,120,
2018-09-25,momentum_60,120,0.004110539564083994
2018-09-26,momentum_60,120,0.00747315381384779
2018-09-27,momentum_60,120,0.00996365012252324
2018-09-28,momentum_60,120,0.012243164020770199
2018-10-08,momentum_60,120,0.013040386903422265
2018-10-09,momentum_60,120,0.011890453116457088
2018-10-10,momentum_60,120,0.010782822991323195
2018-10-11,momentum_60,120,0.01063930217559984
2018-10-12,momentum_60,120,0.011910807571876755
2018-10-15,momentum_60,120,0.009730187586115404
2018-10-16,momentum_60,120,0.0074927038429424084
2018-10-17,momentum_60,120,0.005419073640378911
2018-10-18,momentum_60,120,0.003618461285970893
2018-10-19,momentum_60,120,0.0007034458186876239
2018-10-22,momentum_60,120,-0.00012968275026724018
2018-10-23,momentum_60,120,0.0004751642010081372
2018-10-24,momentum_60,120,0.001719523879524737
2018-10-25,momentum_60,120,6.013114342777829e-05
2018-10-26,momentum_60,120,-0.002360553607006415
2018-10-29,momentum_60,120,-0.005987733198454885
2018-10-30,momentum_60,120,-0.009231093367015171
2018-10-31,momentum_60,120,-0.012366122241391967
2018-11-01,momentum_60,120,-0.014623966673044815
2018-11-02,momentum_60,120,-0.014788011764237443
2018-11-05,momentum_60,120,-0.013946767487299833
2018-11-06,momentum_60,120,-0.015005351409044385
2018-11-07,momentum_60,120,-0.017367665478852858
2018-11-08,momentum_60,120,-0.02030599407705363
2018-11-09,momentum_60,120,-0.022817506406979906
2018-11-12,momentum_60,120,-0.025488446670194224
2018-11-13,momentum_60,120,-0.026718231657809614
2018-11-14,momentum_60,120,-0.028395542303351652
2018-11-15,momentum_60,120,-0.027588362953070007
2018-11-16,momentum_60,120,-0.025785385462004852
2018-11-19,momentum_60,120,-0.023881478425918798
2018-11-20,momentum_60,120,-0.020687982728949162
2018-11-21,momentum_60,120,-0.01779377129731378
2018-11-22,momentum_60,120,-0.017428208890735077
2018-11-23,momentum_60,120,-0.017618736932421875
2018-11-26,momentum_60,120,-0.01862398987927426
2018-11-27,momentum_60,120,-0.02322048883007961
2018-11-28,momentum_60,120,-0.025936292754943555
2018-11-29,momentum_60,120,-0.028542885566848312
2018-11-30,momentum_60,120,-0.02986235896003512
2018-12-03,momentum_60,120,-0.029166241544656503
2018-12-04,momentum_60,120,-0.028001403217276302
2018-12-05,momentum_60,120,-0.02853175922798879
2018-12-06,momentum_60,120,-0.030112506426251115
2018-12-07,momentum_60,120,-0.030871195267061398
2018-12-10,momentum_60,120,-0.03315864199536837
2018-12-11,momentum_60,120,-0.03617412127725434
2018-12-12,momentum_60,120,-0.036638334773174595
2018-12-13,momentum_60,120,-0.0357409567072921
2018-12-14,momentum_60,120,-0.03366896591053383
2018-12-17,momentum_60,120,-0.031661543832577216
2018-12-18,momentum_60,120,-0.029860915031559163
2018-12-19,momentum_60,120,-0.02771021119986177
2018-12-20,momentum_60,120,-0.026607070637372672
2018-12-21,momentum_60,120,-0.02524065657502844
2018-12-24,momentum_60,120,-0.022031372526413632
2018-12-25,momentum_60,120,-0.0205473918698132
2018-12-26,momentum_60,120,-0.022252050674355168
2018-12-27,momentum_60,120,-0.023750317109337594
2018-12-28,momentum_60,120,-0.024478822693391047
2019-01-02,momentum_60,120,-0.028337029821238917
2019-01-03,momentum_60,120,-0.031581014069052185
2019-01-04,momentum_60,120,-0.03390286935196749
2019-01-07,momentum_60,120,-0.03358045624383966
2019-01-08,momentum_60,120,-0.03383501577915705
2019-01-09,momentum_60,120,-0.03353987724464681
2019-01-10,momentum_60,120,-0.03374666425568471
2019-01-11,momentum_60,120,-0.033841302535748234
2019-01-14,momentum_60,120,-0.033556022373260566
2019-01-15,momentum_60,120,-0.031753921948115896
2019-01-16,momentum_60,120,-0.02897792186930731
2019-01-17,momentum_60,120,-0.028368110603516874
2019-01-18,momentum_60,120,-0.028300375043379154
2019-01-21,momentum_60,120,-0.02782440974346679
2019-01-22,momentum_60,120,-0.02957335371407604
2019-01-23,momentum_60,120,-0.03178450001689656
2019-01-24,momentum_60,120,-0.032622030052955074
2019-01-25,momentum_60,120,-0.034102724098152
2019-01-28,momentum_60,120,-0.034888878947528096
2019-01-29,momentum_60,120,-0.034770855178827983
2019-01-30,momentum_60,120,-0.035259023280268774
2019-01-31,momentum_60,120,-0.03580830517706798
2019-02-01,momentum_60,120,-0.03547046950021155
2019-02-11,momentum_60,120,-0.03464226237196937
2019-02-12,momentum_60,120,-0.03501881903155352
2019-02-13,momentum_60,120,-0.03676146436337459
2019-02-14,momentum_60,120,-0.040055162866438856
2019-02-15,momentum_60,120,-0.04158510862612985
2019-02-18,momentum_60,120,-0.04302992702091234
2019-02-19,momentum_60,120,-0.04521246009348924
2019-02-20,momentum_60,120,-0.04621180509499821
2019-02-21,momentum_60,120,-0.047850947455810415
2019-02-22,momentum_60,120,-0.04782829963269534
2019-02-25,momentum_60,120,-0.04871476468256333
2019-02-26,momentum_60,120,-0.046821173416128355
2019-02-27,momentum_60,120,-0.04829286338445829
2019-02-28,momentum_60,120,-0.05021440306015039
2019-03-01,momentum_60,120,-0.053150387156315086
2019-03-04,momentum_60,120,-0.056216930308746166
2019-03-05,momentum_60,120,-0.058370801706570725
2019-03-06,momentum_60,120,-0.058595579458914866
2019-03-07,momentum_60,120,-0.05939502089100328
2019-03-08,momentum_60,120,-0.05984477125099567
2019-03-11,momentum_60,120,-0.0613851771370025
2019-03-12,momentum_60,120,-0.0630465933773194
2019-03-13,momentum_60,120,-0.06443891983282633
2019-03-14,momentum_60,120,-0.06519808788386823
2019-03-15,momentum_60,120,-0.06682396268591367
2019-03-18,momentum_60,120,-0.0684571944160329
2019-03-19,momentum_60,120,-0.07056701064761119
2019-03-20,momentum_60,120,-0.07095186682353301
2019-03-21,momentum_60,120,-0.06898856514889916
2019-03-22,momentum_60,120,-0.06525012321010075
2019-03-25,momentum_60,120,-0.06384021327584383
2019-03-26,momentum_60,120,-0.06104618522478713
2019-03-27,momentum_60,120,-0.06189933683938637
2019-03-28,momentum_60,120,-0.06283024808516542
2019-03-29,momentum_60,120,-0.0647667718656397
2019-04-01,momentum_60,120,-0.06826896534908364
2019-04-02,momentum_60,120,-0.07216195242260008
2019-04-03,momentum_60,120,-0.07436808281109175
2019-04-04,momentum_60,120,-0.07648582367980285
2019-04-08,momentum_60,120,-0.07898314313923395
2019-04-09,momentum_60,120,-0.08118246952596428
2019-04-10,momentum_60,120,-0.08216746762483276
2019-04-11,momentum_60,120,-0.08056702496769345
2019-04-12,momentum_60,120,-0.07863134939546727
2019-04-15,momentum_60,120,-0.07758304370253997
2019-04-16,momentum_60,120,-0.07570854726857479
2019-04-17,momentum_60,120,-0.07395514051783464
2019-04-18,momentum_60,120,-0.07648993176541959
2019-04-19,momentum_60,120,-0.0779396604996768
2019-04-22,momentum_60,120,-0.07906710908048503
2019-04-23,momentum_60,120,-0.07625489476103774
2019-04-24,momentum_60,120,-0.07374508248346509
2019-04-25,momentum_60,120,-0.06967061261866785
2019-04-26,momentum_60,120,-0.06666204924415445
2019-04-29,momentum_60,120,-0.0642638606597082
2019-04-30,momentum_60,120,-0.0624249937756481
2019-05-06,momentum_60,120,-0.06217347975547271
2019-05-07,momentum_60,120,-0.0617903089792232
2019-05-08,momentum_60,120,-0.059515486179697125
2019-05-09,momentum_60,120,-0.05700784715675901
2019-05-10,momentum_60,120,-0.0548722484859692
2019-05-13,momentum_60,120,-0.054116903245746695
2019-05-14,momentum_60,120,-0.05283983669759456
2019-05-15,momentum_60,120,-0.05377472970082122
2019-05-16,momentum_60,120,-0.05468795431135793
2019-05-17,momentum_60,120,-0.05652761695775344
2019-05-20,momentum_60,120,-0.058589496627514705
2019-05-21,momentum_60,120,-0.06054741849876044
2019-05-22,momentum_60,120,-0.06338391917862866
2019-05-23,momentum_60,120,-0.06439455827323644
2019-05-24,momentum_60,120,-0.06497656894081218
2019-05-27,momentum_60,120,-0.06443582280095396
2019-05-28,momentum_60,120,-0.06381209586221273
2019-05-29,momentum_60,120,-0.062113178870305666
2019-05-30,momentum_60,120,-0.06097831749568112
2019-05-31,momentum_60,120,-0.059697614872532966
2019-06-03,momentum_60,120,-0.05900093508393057
2019-06-04,momentum_60,120,-0.06129231828620529
2019-06-05,momentum_60,120,-0.06379237682355313
2019-06-06,momentum_60,120,-0.06596718909984078
2019-06-10,momentum_60,120,-0.06723886361611214
2019-06-11,momentum_60,120,-0.06927107712778988
2019-06-12,momentum_60,120,-0.06939471978671892
2019-06-13,momentum_60,120,-0.06913420183366795
2019-06-14,momentum_60,120,-0.07061824295430852
2019-06-17,momentum_60,120,-0.07220406601763722
2019-06-18,momentum_60,120,-0.07380851624536544
2019-06-19,momentum_60,120,-0.07547094332291351
2019-06-20,momentum_60,120,-0.07649218541203172
2019-06-21,momentum_60,120,-0.07634836523938442
2019-06-24,momentum_60,120,-0.07691221655416823
2019-06-25,momentum_60,120,-0.07764384379921291
2019-06-26,momentum_60,120,-0.078582440946087
2019-06-27,momentum_60,120,-0.079139720905091
2019-06-28,momentum_60,120,-0.07979777241644559
2019-07-01,momentum_60,120,-0.07939931647507889
2019-07-02,momentum_60,120,-0.07937279555605276
2019-07-03,momentum_60,120,-0.07751249440517058
2019-07-04,momentum_60,120,-0.07608358334762738
2019-07-05,momentum_60,120,-0.07517545818335193
2019-07-08,momentum_60,120,-0.07568900316488741
2019-07-09,momentum_60,120,-0.07665235619267761
2019-07-10,momentum_60,120,-0.07806656220374471
2019-07-11,momentum_60,120,-0.07700478432874523
2019-07-12,momentum_60,120,-0.07531790500930129
2019-07-15,momentum_60,120,-0.07182375869570037
2019-07-16,momentum_60,120,-0.06821342147563247
2019-07-17,momentum_60,120,-0.06658679112128214
2019-07-18,momentum_60,120,-0.06577315374
2019-07-19,momentum_60,120,-0.06453427812365885
2019-07-22,momentum_60,120,-0.0656161417649917
2019-07-23,momentum_60,120,-0.06669499988628558
2019-07-24,momentum_60,120,-0.06575755507532223
2019-07-25,momentum_60,120,-0.06593481939337999
2019-07-26,momentum_60,120,-0.06593052419725845
2019-07-29,momentum_60,120,-0.06548172699567635
2019-07-30,momentum_60,120,-0.06333460657585584
2019-07-31,momentum_60,120,-0.06004610365937088
2019-08-01,momentum_60,120,-0.05566783630416445
2019-08-02,momentum_60,120,-0.05214279676526653
2019-08-05,momentum_60,120,-0.0486115096089997
2019-08-06,momentum_60,120,-0.04677769803376306
2019-08-07,momentum_60,120,-0.044813677598108705
2019-08-08,momentum_60,120,-0.04204322771360878
2019-08-09,momentum_60,120,-0.04174015966157078
2019-08-12,momentum_60,120,-0.040237827972290426
2019-08-13,momentum_60,120,-0.03925880183361028
2019-08-14,momentum_60,120,-0.03776628281496493
2019-08-15,momentum_60,120,-0.036437539364658336
2019-08-16,momentum_60,120,-0.03612065151091725
2019-08-19,momentum_60,120,-0.035320727788965764
2019-08-20,momentum_60,120,-0.03865054901078228
2019-08-21,momentum_60,120,-0.041188597051378104
2019-08-22,momentum_60,120,-0.04239876553100863
2019-08-23,momentum_60,120,-0.0417169682531418
2019-08-26,momentum_60,120,-0.04159134232710283
2019-08-27,momentum_60,120,-0.04146061745744793
2019-08-28,momentum_60,120,-0.04003637963404684
2019-08-29,momentum_60,120,-0.040006250710910574
2019-08-30,momentum_60,120,-0.04020693114353137
2019-09-02,momentum_60,120,-0.03934707882550193
2019-09-03,momentum_60,120,-0.03902946304492064
2019-09-04,momentum_60,120,-0.039622600266519765
2019-09-05,momentum_60,120,-0.04116716845432104
2019-09-06,momentum_60,120,-0.04177367006336556
2019-09-09,momentum_60,120,-0.0434460743614187
2019-09-10,momentum_60,120,-0.042480293648359146
2019-09-11,momentum_60,120,-0.04073103205629842
2019-09-12,momentum_60,120,-0.03931967780855908
2019-09-16,momentum_60,120,-0.03808418024967417
2019-09-17,momentum_60,120,-0.03721962521230869
2019-09-18,momentum_60,120,-0.03725512289222224
2019-09-19,momentum_60,120,-0.03775700270906111
2019-09-20,momentum_60,120,-0.037658189332172166
2019-09-23,momentum_60,120,-0.03829450587810598
2019-09-24,momentum_60,120,-0.03848098252757773
2019-09-25,momentum_60,120,-0.03876506985010608
2019-09-26,momentum_60,120,-0.03824666019516652
2019-09-27,momentum_60,120,-0.03772838888051097
2019-09-30,momentum_60,120,-0.03632367051597749
2019-10-08,momentum_60,120,-0.03434438794685401
2019-10-09,momentum_60,120,-0.032791833402558125
2019-10-10,momentum_60,120,-0.033299352185687074
2019-10-11,momentum_60,120,-0.03281340734373923
2019-10-14,momentum_60,120,-0.033790777470837294
2019-10-15,momentum_60,120,-0.03572648092756584
2019-10-16,momentum_60,120,-0.03817196789192554
2019-10-17,momentum_60,120,-0.03894865591816701
2019-10-18,momentum_60,120,-0.041095114904077114
2019-10-21,momentum_60,120,-0.04212615961397365
2019-10-22,momentum_60,120,-0.04397400299555698
2019-10-23,momentum_60,120,-0.04430477379950868
2019-10-24,momentum_60,120,-0.044502707021090555
2019-10-25,momentum_60,120,-0.04372598131207761
2019-10-28,momentum_60,120,-0.04187418576130607
2019-10-29,momentum_60,120,-0.040000898981464965
2019-10-30,momentum_60,120,-0.03814557703554464
2019-10-31,momentum_60,120,-0.03659272790481126
2019-11-01,momentum_60,120,-0.036947216593140306
2019-11-04,momentum_60,120,-0.03825128100934501
2019-11-05,momentum_60,120,-0.037587488635040495
2019-11-06,momentum_60,120,-0.03534528353067125
2019-11-07,momentum_60,120,-0.032829342173444555
2019-11-08,momentum_60,120,-0.029165457115698293
2019-11-11,momentum_60,120,-0.027016794050580106
2019-11-12,momentum_60,120,-0.025364472187732908
2019-11-13,momentum_60,120,-0.023877038565490737
2019-11-14,momentum_60,120,-0.023719969966674567
2019-11-15,momentum_60,120,-0.024695407675210446
2019-11-18,momentum_60,120,-0.02657472594427412
2019-11-19,momentum_60,120,-0.028903532674811123
2019-11-20,momentum_60,120,-0.03197374778120001
2019-11-21,momentum_60,120,-0.032820705342448825
2019-11-22,momentum_60,120,-0.033325142003846765
2019-11-25,momentum_60,120,-0.03473952175670477
2019-11-26,momentum_60,120,-0.03546139587185188
2019-11-27,momentum_60,120,-0.03622342196030343
2019-11-28,momentum_60,120,-0.03702170225737471
2019-11-29,momentum_60,120,-0.03677869738432171
2019-12-02,momentum_60,120,-0.036387187196709955
2019-12-03,momentum_60,120,-0.036539287389075414
2019-12-04,momentum_60,120,-0.03597671782553745
2019-12-05,momentum_60,120,-0.03452858774681505
2019-12-06,momentum_60,120,-0.03333293939484318
2019-12-09,momentum_60,120,-0.03173369145934897
2019-12-10,momentum_60,120,-0.030596267406652177
2019-12-11,momentum_60,120,-0.03041683002841767
2019-12-12,momentum_60,120,-0.0313664972435583
2019-12-13,momentum_60,120,-0.03308481441867126
2019-12-16,momentum_60,120,-0.03510265948448667
2019-12-17,momentum_60,120,-0.0363567267405454
2019-12-18,momentum_60,120,-0.03746517238318707
2019-12-19,momentum_60,120,-0.039447512080184044
2019-12-20,momentum_60,120,-0.039468932142494265
2019-12-23,momentum_60,120,-0.04023363476990801
2019-12-24,momentum_60,120,-0.04174450276566251
2019-12-25,momentum_60,120,-0.04309530853859614
2019-12-26,momentum_60,120,-0.0449099984259234
2019-12-27,momentum_60,120,-0.04659328651032861
2019-12-30,momentum_60,120,-0.04747205422368314
2019-12-31,momentum_60,120,-0.0472238847294393
2020-01-02,momentum_60,120,-0.0471362684065291
2020-01-03,momentum_60,120,-0.0472417033183795
2020-01-06,momentum_60,120,-0.04798243631893911
2020-01-07,momentum_60,120,-0.04843258219850753
2020-01-08,momentum_60,120,-0.05078336431086525
2020-01-09,momentum_60,120,-0.051809395247797436
2020-01-10,momentum_60,120,-0.0523574267545202
2020-01-13,momentum_60,120,-0.05194320874796658
2020-01-14,momentum_60,120,-0.05227576540768545
2020-01-15,momentum_60,120,-0.05088034857225792
2020-01-16,momentum_60,120,-0.05050855339215114
2020-01-17,momentum_60,120,-0.051453429852772015
2020-01-20,momentum_60,120,-0.05134364402235961
2020-01-21,momentum_60,120,-0.05037715965279261
2020-01-22,momentum_60,120,-0.050081059881047156
2020-01-23,momentum_60,120,-0.05062759823842569
2020-02-03,momentum_60,120,-0.050574388823000985
2020-02-04,momentum_60,120,-0.05302645361049181
2020-02-05,momentum_60,120,-0.05489216362359273
2020-02-06,momentum_60,120,-0.057861324576597845
2020-02-07,momentum_60,120,-0.058650450023491486
2020-02-10,momentum_60,120,-0.05854307752406354
2020-02-11,momentum_60,120,-0.0575035994789802
2020-02-12,momentum_60,120,-0.05721105890027091
2020-02-13,momentum_60,120,-0.057873441718960125
2020-02-14,momentum_60,120,-0.0566515359280555
2020-02-17,momentum_60,120,-0.05535371623523982
2020-02-18,momentum_60,120,-0.052464900808550326
2020-02-19,momentum_60,120,-0.05089556070248189
2020-02-20,momentum_60,120,-0.050650366222556996
2020-02-21,momentum_60,120,-0.0505918516817304
2020-02-24,momentum_60,120,-0.05133190386303686
2020-02-25,momentum_60,120,-0.05371994693446422
2020-02-26,momentum_60,120,-0.05556987975575225
2020-02-27,momentum_60,120,-0.05718306520014933
2020-02-28,momentum_60,120,-0.058356088965244114
2020-03-02,momentum_60,120,-0.06115649168667026
2020-03-03,momentum_60,120,-0.06328489336146874
2020-03-04,momentum_60,120,-0.06363879888672029
2020-03-05,momentum_60,120,-0.06418946167900899
2020-03-06,momentum_60,120,-0.06250002217729964
2020-03-09,momentum_60,120,-0.06108575110320788
2020-03-10,momentum_60,120,-0.06015499783466985
2020-03-11,momentum_60,120,-0.059139441251675896
2020-03-12,momentum_60,120,-0.05529203406043136
2020-03-13,momentum_60,120,-0.05483193401887628
2020-03-16,momentum_60,120,-0.056088117204519436
2020-03-17,momentum_60,120,-0.05857815004664914
2020-03-18,momentum_60,120,-0.06216377377930799
2020-03-19,momentum_60,120,-0.06578990984092954
2020-03-20,momentum_60,120,-0.06856077593344484
2020-03-23,momentum_60,120,-0.06921091659444589
2020-03-24,momentum_60,120,-0.0701251941147166
2020-03-25,momentum_60,120,-0.06855586177918628
2020-03-26,momentum_60,120,-0.06646663880799998
2020-03-27,momentum_60,120,-0.0637662240950604
2020-03-30,momentum_60,120,-0.06235490398055451
2020-03-31,momentum_60,120,-0.062299447708402046
2020-04-01,momentum_60,120,-0.06207198723005771
2020-04-02,momentum_60,120,-0.06397779342468779
2020-04-03,momentum_60,120,-0.06540361367431398
2020-04-07,momentum_60,120,-0.06552612359221996
2020-04-08,momentum_60,120,-0.06616167536928982
2020-04-09,momentum_60,120,-0.06595032400866176
2020-04-10,momentum_60,120,-0.0647481291795322
2020-04-13,momentum_60,120,-0.06268664036895273
2020-04-14,momentum_60,120,-0.060099021037627674
2020-04-15,momentum_60,120,-0.05677384279823403
2020-04-16,momentum_60,120,-0.055392330044748195
2020-04-17,momentum_60,120,-0.055069570513328975
2020-04-20,momentum_60,120,-0.05478177165232675
2020-04-21,momentum_60,120,-0.05472996998105465
2020-04-22,momentum_60,120,-0.055153588635026285
2020-04-23,momentum_60,120,-0.05672500133486396
2020-04-24,momentum_60,120,-0.05935029407666124
2020-04-27,momentum_60,120,-0.061938816631390274
2020-04-28,momentum_60,120,-0.06472522575990743
2020-04-29,momentum_60,120,-0.066731331173431
2020-04-30,momentum_60,120,-0.06560461853864137
2020-05-06,momentum_60,120,-0.06556934195780864
2020-05-07,momentum_60,120,-0.06688312394631216
2020-05-08,momentum_60,120,-0.06778755094978375
2020-05-11,momentum_60,120,-0.06855017736395821
2020-05-12,momentum_60,120,-0.06977911591601402
2020-05-13,momentum_60,120,-0.07111251793481235
2020-05-14,momentum_60,120,-0.07180371876714337
2020-05-15,momentum_60,120,-0.07131794638592986
2020-05-18,momentum_60,120,-0.06909582717380579
2020-05-19,momentum_60,120,-0.06673392943210807
2020-05-20,momentum_60,120,-0.06452201454473801
2020-05-21,momentum_60,120,-0.06196982427373841
2020-05-22,momentum_60,120,-0.059948209003812446
2020-05-25,momentum_60,120,-0.060515383270527995
2020-05-26,momentum_60,120,-0.060248666307963085
2020-05-27,momentum_60,120,-0.059727270830706634
2020-05-28,momentum_60,120,-0.059043460579817825
2020-05-29,momentum_60,120,-0.059176493759492854
2020-06-01,momentum_60,120,-0.058855281399626994
2020-06-02,momentum_60,120,-0.05785799879668226
2020-06-03,momentum_60,120,-0.0563582451658386
2020-06-04,momentum_60,120,-0.05683364012337512
2020-06-05,momentum_60,120,-0.05770935738293459
2020-06-08,momentum_60,120,-0.05815389903075822
2020-06-09,momentum_60,120,-0.05772989942882655
2020-06-10,momentum_60,120,-0.05689085916077149
2020-06-11,momentum_60,120,-0.05435575169218854
2020-06-12,momentum_60,120,-0.050459648733816594
2020-06-15,momentum_60,120,-0.04697825300950571
2020-06-16,momentum_60,120,-0.04419948388034291
2020-06-17,momentum_60,120,-0.042784843611258276
2020-06-18,momentum_60,120,-0.040832185051631185
2020-06-19,momentum_60,120,-0.037962520053747145
2020-06-22,momentum_60,120,-0.035194329255746205
2020-06-23,momentum_60,120,-0.03207308170027675
2020-06-24,momentum_60,120,-0.03013366757430818
2020-06-29,momentum_60,120,-0.029333493075643053
2020-06-30,momentum_60,120,-0.02769048910967527
2020-07-01,momentum_60,120,-0.027236919296458585
2020-07-02,momentum_60,120,-0.027162112367914097
2020-07-03,momentum_60,120,-0.026087605918037774
2020-07-06,momentum_60,120,-0.023785698395212416
2020-07-07,momentum_60,120,-0.021251712791253933
2020-07-08,momentum_60,120,-0.02024257159478585
2020-07-09,momentum_60,120,-0.02064944573089319
2020-07-10,momentum_60,120,-0.02166603639873239
2020-07-13,momentum_60,120,-0.02368646909319872
2020-07-14,momentum_60,120,-0.02510439411459672
2020-07-15,momentum_60,120,-0.0258173764626743
2020-07-16,momentum_60,120,-0.025104787622617274
2020-07-17,momentum_60,120,-0.025667583942458674
2020-07-20,momentum_60,120,-0.02469496303253861
2020-07-21,momentum_60,120,-0.0233320629101645
2020-07-22,momentum_60,120,-0.023248835995508702
2020-07-23,momentum_60,120,-0.025580694455343146
2020-07-24,momentum_60,120,-0.025809820891461135
2020-07-27,momentum_60,120,-0.02688838201406495
2020-07-28,momentum_60,120,-0.028522181389625145
2020-07-29,momentum_60,120,-0.02714822751587449
2020-07-30,momentum_60,120,-0.026364992481699965
2020-07-31,momentum_60,120,-0.024962783844360834
2020-08-03,momentum_60,120,-0.02369165032807835
2020-08-04,momentum_60,120,-0.0245797908634259
2020-08-05,momentum_60,120,-0.02795610529164389
2020-08-06,momentum_60,120,-0.03042201465188443
2020-08-07,momentum_60,120,-0.033373341625050505
2020-08-10,momentum_60,120,-0.03504919144503244
2020-08-11,momentum_60,120,-0.036784886393037244
2020-08-12,momentum_60,120,-0.040314738502207674
2020-08-13,momentum_60,120,-0.04395939831304934
2020-08-14,momentum_60,120,-0.0453220032652569
2020-08-17,momentum_60,120,-0.045671644037040986
2020-08-18,momentum_60,120,-0.044992119604725316
2020-08-19,momentum_60,120,-0.04343484179724859
2020-08-20,momentum_60,120,-0.04147108013021398
2020-08-21,momentum_60,120,-0.03872842276401352
2020-08-24,momentum_60,120,-0.03715954019940408
2020-08-25,momentum_60,120,-0.034595101156875745
2020-08-26,momentum_60,120,-0.032790232967730246
2020-08-27,momentum_60,120,-0.03160597787997648
2020-08-28,momentum_60,120,-0.03182165307249593
2020-08-31,momentum_60,120,-0.03476896197177384
2020-09-01,momentum_60,120,-0.03762443403777163
2020-09-02,momentum_60,120,-0.03903677281808474
2020-09-03,momentum_60,120,-0.04141584914246512
2020-09-04,momentum_60,120,-0.04489721536591658
2020-09-07,momentum_60,120,-0.04503428393806665
2020-09-08,momentum_60,120,-0.04455412181511442
2020-09-09,momentum_60,120,-0.04278757653433939
2020-09-10,momentum_60,120,-0.04110042711670615
2020-09-11,momentum_60,120,-0.038648068935774646
2020-09-14,momentum_60,120,-0.03822623667557181
2020-09-15,momentum_60,120,-0.038278249650678796
2020-09-16,momentum_60,120,-0.03795924760481612
2020-09-17,momentum_60,120,-0.0387300776138242
2020-09-18,momentum_60,120,-0.039793006593609445
2020-09-21,momentum_60,120,-0.04147214238460137
2020-09-22,momentum_60,120,-0.041830183344550194
2020-09-23,momentum_60,120,-0.04100202681650467
2020-09-24,momentum_60,120,-0.0410821023012216
2020-09-25,momentum_60,120,-0.03912359785994401
2020-09-28,momentum_60,120,-0.037008417077099856
2020-09-29,momentum_60,120,-0.035218951870247074
2020-09-30,momentum_60,120,-0.03422792327836587
2020-10-09,momentum_60,120,-0.032784210011894556
2020-10-12,momentum_60,120,-0.03258577925862651
2020-10-13,momentum_60,120,-0.03289547456281708
2020-10-14,momentum_60,120,-0.034930858041063655
2020-10-15,momentum_60,120,-0.03783147903697111
2020-10-16,momentum_60,120,-0.04020479007489966
2020-10-19,momentum_60,120,-0.041198454163399685
2020-10-20,momentum_60,120,-0.04106672156416713
2020-10-21,momentum_60,120,-0.039567051444853465
2020-10-22,momentum_60,120,-0.037863038272476966
2020-10-23,momentum_60,120,-0.036390071614243395
2020-10-26,momentum_60,120,-0.033106366953187145
2020-10-27,momentum_60,120,-0.030407661575892787
2020-10-28,momentum_60,120,-0.028067999614563344
2020-10-29,momentum_60,120,-0.026388406542114228
2020-10-30,momentum_60,120,-0.027563257618961147
2020-11-02,momentum_60,120,-0.030514041322702044
2020-11-03,momentum_60,120,-0.03233061935195517
2020-11-04,momentum_60,120,-0.03533607827136768
2020-11-05,momentum_60,120,-0.037590106918202464
2020-11-06,momentum_60,120,-0.03794213833213673
2020-11-09,momentum_60,120,-0.036807073314290145
2020-11-10,momentum_60,120,-0.035756774330062406
2020-11-11,momentum_60,120,-0.035476669590239415
2020-11-12,momentum_60,120,-0.037341046577495644
2020-11-13,momentum_60,120,-0.03926733845869571
2020-11-16,momentum_60,120,-0.04143577876274547
2020-11-17,momentum_60,120,-0.0435625921025425
2020-11-18,momentum_60,120,-0.04591802221647847
2020-11-19,momentum_60,120,-0.045605814539940434
2020-11-20,momentum_60,120,-0.045636578348053146
2020-11-23,momentum_60,120,-0.04624322061016319
2020-11-24,momentum_60,120,-0.04617943716586306
2020-11-25,momentum_60,120,-0.044619567419023475
2020-11-26,momentum_60,120,-0.04497070396063839
2020-11-27,momentum_60,120,-0.046726193571951354
2020-11-30,momentum_60,120,-0.04782047194114632
2020-12-01,momentum_60,120,-0.04706058248898226
2020-12-02,momentum_60,120,-0.04652843725382423
2020-12-03,momentum_60,120,-0.04490340583813871
2020-12-04,momentum_60,120,-0.043484082719811044
2020-12-07,momentum_60,120,-0.041536712788136435
2020-12-08,momentum_60,120,-0.040842609143671466
2020-12-09,momentum_60,120,-0.04067360884644003
2020-12-10,momentum_60,120,-0.039682659866676594
2020-12-11,momentum_60,120,-0.038851898890645914
2020-12-14,momentum_60,120,-0.037570905513507794
2020-12-15,momentum_60,120,-0.036310269296717
2020-12-16,momentum_60,120,-0.03641384231209132
2020-12-17,momentum_60,120,-0.036403684852262884
2020-12-18,momentum_60,120,-0.035381089445929464
2020-12-21,momentum_60,120,-0.0322686689002916
2020-12-22,momentum_60,120,-0.02894596738931635
2020-12-23,momentum_60,120,-0.02688488565899961
2020-12-24,momentum_60,120,-0.025330708410812315
2020-12-25,momentum_60,120,-0.025213769065274314
2020-12-28,momentum_60,120,-0.028120651620123373
2020-12-29,momentum_60,120,-0.028391201909781692
2020-12-30,momentum_60,120,-0.026923453663776135
2020-12-31,momentum_60,120,-0.024400609531859265
2021-01-04,momentum_60,120,-0.021137744352709886
2021-01-05,momentum_60,120,-0.01620209887525963
2021-01-06,momentum_60,120,-0.011630116114248053
2021-01-07,momentum_60,120,-0.01176668804941269
2021-01-08,momentum_60,120,-0.013267330167241877
2021-01-11,momentum_60,120,-0.016883206929591547
2021-01-12,momentum_60,120,-0.02084204274369698
2021-01-13,momentum_60,120,-0.0255197008462094
2021-01-14,momentum_60,120,-0.029154748557916253
2021-01-15,momentum_60,120,-0.02972310833188958
2021-01-18,momentum_60,120,-0.027188254020567824
2021-01-19,momentum_60,120,-0.026019187986461682
2021-01-20,momentum_60,120,-0.02602787884796344
2021-01-21,momentum_60,120,-0.02722627458950723
2021-01-22,momentum_60,120,-0.029507054468642088
2021-01-25,momentum_60,120,-0.03190311823221045
2021-01-26,momentum_60,120,-0.03246571612816983
2021-01-27,momentum_60,120,-0.03308718542036243
2021-01-28,momentum_60,120,-0.03200651675775894
2021-01-29,momentum_60,120,-0.028900336593201088
2021-02-01,momentum_60,120,-0.024916533153077573
2021-02-02,momentum_60,120,-0.020171399628511257
2021-02-03,momentum_60,120,-0.01726956447969396
2021-02-04,momentum_60,120,-0.018024136556655294
2021-02-05,momentum_60,120,-0.019853136914651605
2021-02-08,momentum_60,120,-0.021649593451800817
2021-02-09,momentum_60,120,-0.023982338461429255
2021-02-10,momentum_60,120,-0.027065954455913553
2021-02-18,momentum_60,120,-0.028395210803967293
2021-02-19,momentum_60,120,-0.029284204905353387
2021-02-22,momentum_60,120,-0.03128661950411456
2021-02-23,momentum_60,120,-0.03386026334592561
2021-02-24,momentum_60,120,-0.03328939437642521
2021-02-25,momentum_60,120,-0.03456901263862499
2021-02-26,momentum_60,120,-0.035807229193067266
2021-03-01,momentum_60,120,-0.03880545240855974
2021-03-02,momentum_60,120,-0.03961328470507984
2021-03-03,momentum_60,120,-0.039021336170333695
2021-03-04,momentum_60,120,-0.03733060733268243
2021-03-05,momentum_60,120,-0.03418596032423262
2021-03-08,momentum_60,120,-0.028719331536088945
2021-03-09,momentum_60,120,-0.024846586481781195
2021-03-10,momentum_60,120,-0.024745017751387693
2021-03-11,momentum_60,120,-0.024013536873454568
2021-03-12,momentum_60,120,-0.025310801844347912
2021-03-15,momentum_60,120,-0.025832402459437225
2021-03-16,momentum_60,120,-0.026676628353690227
2021-03-17,momentum_60,120,-0.025833056140478216
2021-03-18,momentum_60,120,-0.02595976435634989
2021-03-19,momentum_60,120,-0.02583032622557258
2021-03-22,momentum_60,120,-0.025725855628337912
2021-03-23,momentum_60,120,-0.02450490301255814
2021-03-24,momentum_60,120,-0.023416474572195745
2021-03-25,momentum_60,120,-0.023756387833862375
2021-03-26,momentum_60,120,-0.023909070611727996
2021-03-29,momentum_60,120,-0.02424242133165666
2021-03-30,momentum_60,120,-0.02514252070227929
2021-03-31,momentum_60,120,-0.026220100452657782
2021-04-01,momentum_60,120,-0.02805820161687143
2021-04-02,momentum_60,120,-0.02868727733144561
2021-04-06,momentum_60,120,-0.030308577525323312
2021-04-07,momentum_60,120,-0.03169018716748087
2021-04-08,momentum_60,120,-0.031529431885222274
2021-04-09,momentum_60,120,-0.030032299700054492
2021-04-12,momentum_60,120,-0.029863741770260233
2021-04-13,momentum_60,120,-0.028628393352453995
2021-04-14,momentum_60,120,-0.028337957717700986
2021-04-15,momentum_60,120,-0.029235887162017235
2021-04-16,momentum_60,120,-0.031514227161039826
2021-04-19,momentum_60,120,-0.033865607873334806
2021-04-20,momentum_60,120,-0.03471852862989399
2021-04-21,momentum_60,120,-0.03581400443716066
2021-04-22,momentum_60,120,-0.03789134950909035
2021-04-23,momentum_60,120,-0.03927396395034507
2021-04-26,momentum_60,120,-0.04002840689300477
2021-04-27,momentum_60,120,-0.03970610342863994
2021-04-28,momentum_60,120,-0.03595331187956729
2021-04-29,momentum_60,120,-0.03261522555981308
2021-04-30,momentum_60,120,-0.02918992430708418
2021-05-06,momentum_60,120,-0.026290521841256596
2021-05-07,momentum_60,120,-0.02473885156246107
2021-05-10,momentum_60,120,-0.026883480651985085
2021-05-11,momentum_60,120,-0.02898616679170564
2021-05-12,momentum_60,120,-0.030960974378878122
2021-05-13,momentum_60,120,-0.03139739698224624
2021-05-14,momentum_60,120,-0.030404240192938418
2021-05-17,momentum_60,120,-0.027972965804951386
2021-05-18,momentum_60,120,-0.027066025783221218
2021-05-19,momentum_60,120,-0.02625307283162742
2021-05-20,momentum_60,120,-0.026564942554774686
2021-05-21,momentum_60,120,-0.027836793420492216
2021-05-24,momentum_60,120,-0.028508983518385978
2021-05-25,momentum_60,120,-0.02884922661591499
2021-05-26,momentum_60,120,-0.03027759859773904
2021-05-27,momentum_60,120,-0.03082430263128263
2021-05-28,momentum_60,120,-0.031009187077097787
2021-05-31,momentum_60,120,-0.031666411110999174
2021-06-01,momentum_60,120,-0.03292110306022201
2021-06-02,momentum_60,120,-0.03485497415715988
2021-06-03,momentum_60,120,-0.037713609118396905
2021-06-04,momentum_60,120,-0.04184527242210318
2021-06-07,momentum_60,120,-0.045798286838833864
2021-06-08,momentum_60,120,-0.049623113338329874
2021-06-09,momentum_60,120,-0.05230706774966494
2021-06-10,momentum_60,120,-0.05425844179856102
2021-06-11,momentum_60,120,-0.05466397392842229
2021-06-15,momentum_60,120,-0.05435998695081444
2021-06-16,momentum_60,120,-0.05519187995891996
2021-06-17,momentum_60,120,-0.057443739400837884
2021-06-18,momentum_60,120,-0.059321168617045145
2021-06-21,momentum_60,120,-0.061801785587099506
2021-06-22,momentum_60,120,-0.06486484355860665
2021-06-23,momentum_60,120,-0.0658066981455319
2021-06-24,momentum_60,120,-0.0661720517226006
2021-06-25,momentum_60,120,-0.06610383298246379
2021-06-28,momentum_60,120,-0.06502780680205743
2021-06-29,momentum_60,120,-0.06340724632654669
2021-06-30,momentum_60,120,-0.06467911367158737
2021-07-01,momentum_60,120,-0.06647164494258614
2021-07-02,momentum_60,120,-0.0689574890321714
2021-07-05,momentum_60,120,-0.07051348501296026
2021-07-06,momentum_60,120,-0.0720882265588479
2021-07-07,momentum_60,120,-0.07404917754432593
2021-07-08,momentum_60,120,-0.07307283970873861
2021-07-09,momentum_60,120,-0.07092742159183617
2021-07-12,momentum_60,120,-0.06887721506725185
2021-07-13,momentum_60,120,-0.06410480049617855
2021-07-14,momentum_60,120,-0.058117699817790795
2021-07-15,momentum_60,120,-0.05392725177139592
2021-07-16,momentum_60,120,-0.0520065001801517
2021-07-19,momentum_60,120,-0.05172676432814442
2021-07-20,momentum_60,120,-0.05224140690677728
2021-07-21,momentum_60,120,-0.053379695544180525
2021-07-22,momentum_60,120,-0.05142469715700329
2021-07-23,momentum_60,120,-0.04925903365906728
2021-07-26,momentum_60,120,-0.04723508463959206
2021-07-27,momentum_60,120,-0.047698373111491804
2021-07-28,momentum_60,120,-0.045415413394308525
2021-07-29,momentum_60,120,-0.04556512659045153
2021-07-30,momentum_60,120,-0.04617531844068674
2021-08-02,momentum_60,120,-0.049432263789695556
2021-08-03,momentum_60,120,-0.05169493932120284
2021-08-04,momentum_60,120,-0.05528213635035594
2021-08-05,momentum_60,120,-0.056031714676863145
2021-08-06,momentum_60,120,-0.055084792607922164
2021-08-09,momentum_60,120,-0.05291865332497882
2021-08-10,momentum_60,120,-0.0513052050458135
2021-08-11,momentum_60,120,-0.04915868984071781
2021-08-12,momentum_60,120,-0.04764163666038841
2021-08-13,momentum_60,120,-0.04535453172150707
2021-08-16,momentum_60,120,-0.04146657627698738
2021-08-17,momentum_60,120,-0.0368172797166238
2021-08-18,momentum_60,120,-0.035238607232728314
2021-08-19,momentum_60,120,-0.032169290423387994
2021-08-20,momentum_60,120,-0.02866443314567507
2021-08-23,momentum_60,120,-0.02424124082719821
2021-08-24,momentum_60,120,-0.020328682762053116
2021-08-25,momentum_60,120,-0.017936025093210062
2021-08-26,momentum_60,120,-0.015336266323039728
2021-08-27,momentum_60,120,-0.016782321099553965
2021-08-30,momentum_60,120,-0.02203518679572651
2021-08-31,momentum_60,120,-0.026148368885287574
2021-09-01,momentum_60,120,-0.026632803875334118
2021-09-02,momentum_60,120,-0.02949092559622179
2021-09-03,momentum_60,120,-0.02951524834443068
2021-09-06,momentum_60,120,-0.030226779586262412
2021-09-07,momentum_60,120,-0.03163323695495235
2021-09-08,momentum_60,120,-0.03048486249336705
2021-09-09,momentum_60,120,-0.03014408328200011
2021-09-10,momentum_60,120,-0.031830556838880954
2021-09-13,momentum_60,120,-0.031682565690050034
2021-09-14,momentum_60,120,-0.03291550616047812
2021-09-15,momentum_60,120,-0.035658022977181035
2021-09-16,momentum_60,120,-0.03906819183772544
2021-09-17,momentum_60,120,-0.041250471446223166
2021-09-22,momentum_60,120,-0.04457083929480405
2021-09-23,momentum_60,120,-0.04629340674210151
2021-09-24,momentum_60,120,-0.04909391497809
2021-09-27,momentum_60,120,-0.05021286914388808
2021-09-28,momentum_60,120,-0.05317926967252898
2021-09-29,momentum_60,120,-0.05457886648511239
2021-09-30,momentum_60,120,-0.05641400442065287
2021-10-08,momentum_60,120,-0.057065480288749734
2021-10-11,momentum_60,120,-0.05616122486128504
2021-10-12,momentum_60,120,-0.05289591791427268
2021-10-13,momentum_60,120,-0.04938978348913299
2021-10-14,momentum_60,120,-0.04563928529814685
2021-10-15,momentum_60,120,-0.04313021015840471
2021-10-18,momentum_60,120,-0.04164736268409982
2021-10-19,momentum_60,120,-0.04024584728574145
2021-10-20,momentum_60,120,-0.03851200413811341
2021-10-21,momentum_60,120,-0.03858658019252534
2021-10-22,momentum_60,120,-0.03679936608811087
2021-10-25,momentum_60,120,-0.03578700650773843
2021-10-26,momentum_60,120,-0.03515926409417751
2021-10-27,momentum_60,120,-0.03657057103477075
2021-10-28,momentum_60,120,-0.038556689956363105
2021-10-29,momentum_60,120,-0.04044326320840115
2021-11-01,momentum_60,120,-0.04146910185371948
2021-11-02,momentum_60,120,-0.04318109128500241
2021-11-03,momentum_60,120,-0.044707888865140336
2021-11-04,momentum_60,120,-0.04394161587290259
2021-11-05,momentum_60,120,-0.04244748499356142
2021-11-08,momentum_60,120,-0.042362383547550085
2021-11-09,momentum_60,120,-0.041227016090599984
2021-11-10,momentum_60,120,-0.041365029029525595
2021-11-11,momentum_60,120,-0.04186571200144169
2021-11-12,momentum_60,120,-0.04113209117503173
2021-11-15,momentum_60,120,-0.03908449897083521
2021-11-16,momentum_60,120,-0.03884278581335257
2021-11-17,momentum_60,120,-0.03819825717744337
2021-11-18,momentum_60,120,-0.03811256700924069
2021-11-19,momentum_60,120,-0.038165999878465945
2021-11-22,momentum_60,120,-0.03652098151275559
2021-11-23,momentum_60,120,-0.035155516660356004
2021-11-24,momentum_60,120,-0.03377577844111475
2021-11-25,momentum_60,120,-0.03311721859181567
2021-11-26,momentum_60,120,-0.031928053199971156
2021-11-29,momentum_60,120,-0.031208997133884926
2021-11-30,momentum_60,120,-0.03170338886107067
2021-12-01,momentum_60,120,-0.030378467547801727
2021-12-02,momentum_60,120,-0.029069492946789864
2021-12-03,momentum_60,120,-0.027383123398442673
2021-12-06,momentum_60,120,-0.027915617579535965
2021-12-07,momentum_60,120,-0.029028681461047052
2021-12-08,momentum_60,120,-0.03225651780252576
2021-12-09,momentum_60,120,-0.034418442211145456
2021-12-10,momentum_60,120,-0.037607593544927286
2021-12-13,momentum_60,120,-0.03893717143152932
2021-12-14,momentum_60,120,-0.040568986587389805
2021-12-15,momentum_60,120,-0.040809190122170505
2021-12-16,momentum_60,120,-0.04066058243082457
2021-12-17,momentum_60,120,-0.04119030566333619
2021-12-20,momentum_60,120,-0.04225695367352654
2021-12-21,momentum_60,120,-0.043043130392279576
2021-12-22,momentum_60,120,-0.04490050044990584
2021-12-23,momentum_60,120,-0.04645847823211417
2021-12-24,momentum_60,120,-0.04883351445792796
2021-12-27,momentum_60,120,-0.05117608222890028
2021-12-28,momentum_60,120,-0.0530925862331981
2021-12-29,momentum_60,120,-0.05621749039808648
2021-12-30,momentum_60,120,-0.061074005905562744
2021-12-31,momentum_60,120,-0.06529324119105889
2022-01-04,momentum_60,120,-0.06818398061381642
2022-01-05,momentum_60,120,-0.07101660699523515
2022-01-06,momentum_60,120,-0.07236340921200664
2022-01-07,momentum_60,120,-0.07386275942600527
2022-01-10,momentum_60,120,-0.07543925822783892
2022-01-11,momentum_60,120,-0.07727239247666379
2022-01-12,momentum_60,120,-0.080396572027736
2022-01-13,momentum_60,120,-0.08434666764549509
2022-01-14,momentum_60,120,-0.08896285706953622
2022-01-17,momentum_60,120,-0.09138342059809448
2022-01-18,momentum_60,120,-0.09418693097183878
2022-01-19,momentum_60,120,-0.09678735794974273
2022-01-20,momentum_60,120,-0.09805390907105783
2022-01-21,momentum_60,120,-0.09847458411128795
2022-01-24,momentum_60,120,-0.1018533490280891
2022-01-25,momentum_60,120,-0.10332327029492903
2022-01-26,momentum_60,120,-0.10357854047445794
2022-01-27,momentum_60,120,-0.10177049876673709
2022-01-28,momentum_60,120,-0.10029293259712321
2022-02-07,momentum_60,120,-0.09688872054214034
2022-02-08,momentum_60,120,-0.09526594101478993
2022-02-09,momentum_60,120,-0.09330824076981027
2022-02-10,momentum_60,120,-0.09306434659079144
2022-02-11,momentum_60,120,-0.0933961044043762
2022-02-14,momentum_60,120,-0.0933423699298478
2022-02-15,momentum_60,120,-0.09185169160515062
2022-02-16,momentum_60,120,-0.09184183403985477
2022-02-17,momentum_60,120,-0.09296725546259257
2022-02-18,momentum_60,120,-0.09534128696128279
2022-02-21,momentum_60,120,-0.09741424105040285
2022-02-22,momentum_60,120,-0.10016650673252839
2022-02-23,momentum_60,120,-0.10110557721152173
2022-02-24,momentum_60,120,-0.10057694166543366
2022-02-25,momentum_60,120,-0.10056088689099399
2022-02-28,momentum_60,120,-0.09877910614865584
2022-03-01,momentum_60,120,-0.09721375885616618
2022-03-02,momentum_60,120,-0.09406932498204221
2022-03-03,momentum_60,120,-0.09008867813497737
2022-03-04,momentum_60,120,-0.08620627100636688
2022-03-07,momentum_60,120,-0.08404176656028464
2022-03-08,momentum_60,120,-0.0810614681475191
2022-03-09,momentum_60,120,-0.07939272922494472
2022-03-10,momentum_60,120,-0.07818316685432267
2022-03-11,momentum_60,120,-0.07513874743907688
2022-03-14,momentum_60,120,-0.0763612942158049
2022-03-15,momentum_60,120,-0.07631347872963407
2022-03-16,momentum_60,120,-0.07623949374778309
2022-03-17,momentum_60,120,-0.0752979001260267
2022-03-18,momentum_60,120,-0.07474567026381115
2022-03-21,momentum_60,120,-0.07252690825490159
2022-03-22,momentum_60,120,-0.06802371973225754
2022-03-23,momentum_60,120,-0.06437054851103624
2022-03-24,momentum_60,120,-0.0602631600455876
2022-03-25,momentum_60,120,-0.05797710831046321
2022-03-28,momentum_60,120,-0.054629271099080404
2022-03-29,momentum_60,120,-0.05304267611449383
2022-03-30,momentum_60,120,-0.048766416958158934
2022-03-31,momentum_60,120,-0.045279483966516806
2022-04-01,momentum_60,120,-0.04098561686793245
2022-04-06,momentum_60,120,-0.03863429432953515
2022-04-07,momentum_60,120,-0.03761277552024209
2022-04-08,momentum_60,120,-0.03832006254520158
2022-04-11,momentum_60,120,-0.042149128298459786
2022-04-12,momentum_60,120,-0.04499646667093937
2022-04-13,momentum_60,120,-0.047384024237567254
2022-04-14,momentum_60,120,-0.04898896466460348
2022-04-15,momentum_60,120,-0.05080296785978524
2022-04-18,momentum_60,120,-0.05166993237826233
2022-04-19,momentum_60,120,-0.0515857193242172
2022-04-20,momentum_60,120,-0.05192253613189758
2022-04-21,momentum_60,120,-0.05137749842566553
2022-04-22,momentum_60,120,-0.05123328267331516
2022-04-25,momentum_60,120,-0.05030391611212735
2022-04-26,momentum_60,120,-0.051142308675679815
2022-04-27,momentum_60,120,-0.05151831752618243
2022-04-28,momentum_60,120,-0.05311948707899774
2022-04-29,momentum_60,120,-0.053310304182071326
2022-05-05,momentum_60,120,-0.05390931909587535
2022-05-06,momentum_60,120,-0.05364887365458427
2022-05-09,momentum_60,120,-0.054361188413564236
2022-05-10,momentum_60,120,-0.05314084869719075
2022-05-11,momentum_60,120,-0.05314565612326884
2022-05-12,momentum_60,120,-0.05261771756185872
2022-05-13,momentum_60,120,-0.053952397713807956
2022-05-16,momentum_60,120,-0.05501257833704811
2022-05-17,momentum_60,120,-0.05659825006503582
2022-05-18,momentum_60,120,-0.05534580023740676
2022-05-19,momentum_60,120,-0.05434953364060076
2022-05-20,momentum_60,120,-0.05131465423650341
2022-05-23,momentum_60,120,-0.04922472510238538
2022-05-24,momentum_60,120,-0.04938200528972028
2022-05-25,momentum_60,120,-0.050342067764175866
2022-05-26,momentum_60,120,-0.05230331597488109
2022-05-27,momentum_60,120,-0.05509350000368485
2022-05-30,momentum_60,120,-0.05872055841381849
2022-05-31,momentum_60,120,-0.06124146150010634
2022-06-01,momentum_60,120,-0.060641160971455575
2022-06-02,momentum_60,120,-0.05971708807136332
2022-06-06,momentum_60,120,-0.057944289003182194
2022-06-07,momentum_60,120,-0.055109290221979856
2022-06-08,momentum_60,120,-0.051979942136339455
2022-06-09,momentum_60,120,-0.05149182564508321
2022-06-10,momentum_60,120,-0.05034911559429486
2022-06-13,momentum_60,120,-0.05120118806022579
2022-06-14,momentum_60,120,-0.05225897125729316
2022-06-15,momentum_60,120,-0.052098872251394694
2022-06-16,momentum_60,120,-0.05060095440639027
2022-06-17,momentum_60,120,-0.05006437958455779
2022-06-20,momentum_60,120,-0.05038740497688789
2022-06-21,momentum_60,120,-0.0508632577076604
2022-06-22,momentum_60,120,-0.05188107762135771
2022-06-23,momentum_60,120,-0.05342865298657537
2022-06-24,momentum_60,120,-0.05312005759147728
2022-06-27,momentum_60,120,-0.05134256266287156
2022-06-28,momentum_60,120,-0.048908259900735204
2022-06-29,momentum_60,120,-0.04514825148370565
2022-06-30,momentum_60,120,-0.04111765187271159
2022-07-01,momentum_60,120,-0.03841697644668759
2022-07-04,momentum_60,120,-0.03524559517198305
2022-07-05,momentum_60,120,-0.03272721494635943
2022-07-06,momentum_60,120,-0.03110590403806767
2022-07-07,momentum_60,120,-0.029535642095493857
2022-07-08,momentum_60,120,-0.02505738024250511
2022-07-11,momentum_60,120,-0.022358101757780604
2022-07-12,momentum_60,120,-0.02128934347718909
2022-07-13,momentum_60,120,-0.01996175157865575
2022-07-14,momentum_60,120,-0.01891206898154423
2022-07-15,momentum_60,120,-0.01876945121633466
2022-07-18,momentum_60,120,-0.01800286592730236
2022-07-19,momentum_60,120,-0.016251965375172577
2022-07-20,momentum_60,120,-0.015076962656443654
2022-07-21,momentum_60,120,-0.014232597279609743
2022-07-22,momentum_60,120,-0.01341318084812382
2022-07-25,momentum_60,120,-0.010649952542130985
2022-07-26,momentum_60,120,-0.008691821852534077
2022-07-27,momentum_60,120,-0.008677185477512934
2022-07-28,momentum_60,120,-0.009923136544760723
2022-07-29,momentum_60,120,-0.01206453998780304
2022-08-01,momentum_60,120,-0.014725891569801395
2022-08-02,momentum_60,120,-0.01730576428735988
2022-08-03,momentum_60,120,-0.015811746649654915
2022-08-04,momentum_60,120,-0.014242938997915084
2022-08-05,momentum_60,120,-0.011998233869781235
2022-08-08,momentum_60,120,-0.008685008496630727
2022-08-09,momentum_60,120,-0.005644360602475917
2022-08-10,momentum_60,120,-0.006153244851619196
2022-08-11,momentum_60,120,-0.0035850680500342565
2022-08-12,momentum_60,120,-0.0017580348214045257
2022-08-15,momentum_60,120,-0.0005417244042292074
2022-08-16,momentum_60,120,0.0008778286263323977
2022-08-17,momentum_60,120,0.0012690728721249113
2022-08-18,momentum_60,120,-0.0021585358460438566
2022-08-19,momentum_60,120,-0.006186427121364794
2022-08-22,momentum_60,120,-0.00942283622016289
2022-08-23,momentum_60,120,-0.0144005257882222
2022-08-24,momentum_60,120,-0.019880732969969336
2022-08-25,momentum_60,120,-0.024072966216980317
2022-08-26,momentum_60,120,-0.02624076100022828
2022-08-29,momentum_60,120,-0.02884954701294255
2022-08-30,momentum_60,120,-0.030062605264004793
2022-08-31,momentum_60,120,-0.02905583355093627
2022-09-01,momentum_60,120,-0.027732979128284225
2022-09-02,momentum_60,120,-0.02827546077867506
2022-09-05,momentum_60,120,-0.02970922383381986
2022-09-06,momentum_60,120,-0.03054983363219884
2022-09-07,momentum_60,120,-0.03217690660600348
2022-09-08,momentum_60,120,-0.03244181641901197
2022-09-09,momentum_60,120,-0.03361756327046207
2022-09-13,momentum_60,120,-0.0333123733686314
2022-09-14,momentum_60,120,-0.03362293408347613
2022-09-15,momentum_60,120,-0.03445603749181543
2022-09-16,momentum_60,120,-0.035394557862641896
2022-09-19,momentum_60,120,-0.035147983226580456
2022-09-20,momentum_60,120,-0.03493897515665191
2022-09-21,momentum_60,120,-0.03569998917566188
2022-09-22,momentum_60,120,-0.0363945654675346
2022-09-23,momentum_60,120,-0.03899894893497211
2022-09-26,momentum_60,120,-0.040919773446595746
2022-09-27,momentum_60,120,-0.04203815582347634
2022-09-28,momentum_60,120,-0.04253433553830509
2022-09-29,momentum_60,120,-0.04342085221809203
2022-09-30,momentum_60,120,-0.04331211219828299
2022-10-10,momentum_60,120,-0.04243927775580086
2022-10-11,momentum_60,120,-0.0439912876178877
2022-10-12,momentum_60,120,-0.04406859717749798
2022-10-13,momentum_60,120,-0.043782639937178534
2022-10-14,momentum_60,120,-0.042913238506846106
2022-10-17,momentum_60,120,-0.0426734054868858
2022-10-18,momentum_60,120,-0.042878557955461215
2022-10-19,momentum_60,120,-0.043200060219942556
2022-10-20,momentum_60,120,-0.04439971102667067
2022-10-21,momentum_60,120,-0.044545023272816744
2022-10-24,momentum_60,120,-0.04458508823643315
2022-10-25,momentum_60,120,-0.04408631423011539
2022-10-26,momentum_60,120,-0.04458434462361114
2022-10-27,momentum_60,120,-0.043676707536594514
2022-10-28,momentum_60,120,-0.04656478666696836
2022-10-31,momentum_60,120,-0.0488103595708066
2022-11-01,momentum_60,120,-0.05071897613949515
2022-11-02,momentum_60,120,-0.050978286014266044
2022-11-03,momentum_60,120,-0.0505427443889195
2022-11-04,momentum_60,120,-0.0497394066323827
2022-11-07,momentum_60,120,-0.05027493326002912
2022-11-08,momentum_60,120,-0.04990818494653126
2022-11-09,momentum_60,120,-0.0493542530619029
2022-11-10,momentum_60,120,-0.04972961172996755
2022-11-11,momentum_60,120,-0.050170203679884826
2022-11-14,momentum_60,120,-0.04942000902465588
2022-11-15,momentum_60,120,-0.049444485523055
2022-11-16,momentum_60,120,-0.050284264670122925
2022-11-17,momentum_60,120,-0.05016626330396733
2022-11-18,momentum_60,120,-0.04877480268851235
2022-11-21,momentum_60,120,-0.046701632095657475
2022-11-22,momentum_60,120,-0.04369279413649375
2022-11-23,momentum_60,120,-0.03933769975922351
2022-11-24,momentum_60,120,-0.03661797587917828
2022-11-25,momentum_60,120,-0.03659030843921642
2022-11-28,momentum_60,120,-0.03811163849072137
2022-11-29,momentum_60,120,-0.04155304537257761
2022-11-30,momentum_60,120,-0.0454140976499582
2022-12-01,momentum_60,120,-0.04816702288835432
2022-12-02,momentum_60,120,-0.048911594642485394
2022-12-05,momentum_60,120,-0.04846606490273645
2022-12-06,momentum_60,120,-0.046370841860910346
2022-12-07,momentum_60,120,-0.042876741226776025
2022-12-08,momentum_60,120,-0.04109124705021856
2022-12-09,momentum_60,120,-0.03988545650726951
2022-12-12,momentum_60,120,-0.04033371775445557
2022-12-13,momentum_60,120,-0.04218447777055819
2022-12-14,momentum_60,120,-0.042942584934620665
2022-12-15,momentum_60,120,-0.040790434031344226
2022-12-16,momentum_60,120,-0.04057392712352402
2022-12-19,momentum_60,120,-0.041016733075106816
2022-12-20,momentum_60,120,-0.0430789968037183
2022-12-21,momentum_60,120,-0.045191352312855024
2022-12-22,momentum_60,120,-0.04924021683422692
2022-12-23,momentum_60,120,-0.05303268407761711
2022-12-26,momentum_60,120,-0.05477502683185075
2022-12-27,momentum_60,120,-0.05374099274144261
2022-12-28,momentum_60,120,-0.05331090346992721
2022-12-29,momentum_60,120,-0.05407706997267882
2022-12-30,momentum_60,120,-0.05484804730433846
2023-01-03,momentum_60,120,-0.05763259109936744
2023-01-04,momentum_60,120,-0.06083964676926658
2023-01-05,momentum_60,120,-0.063756128981182
2023-01-06,momentum_60,120,-0.06509887106419526
2023-01-09,momentum_60,120,-0.06486975640686583
2023-01-10,momentum_60,120,-0.06437874153886344
2023-01-11,momentum_60,120,-0.06358744292372305
2023-01-12,momentum_60,120,-0.06370297397189068
2023-01-13,momentum_60,120,-0.06563324546487403
2023-01-16,momentum_60,120,-0.06747797612928164
2023-01-17,momentum_60,120,-0.07070709558710445
2023-01-18,momentum_60,120,-0.07496713468809592
2023-01-19,momentum_60,120,-0.07854100250737228
2023-01-20,momentum_60,120,-0.08054414915145298
2023-01-30,momentum_60,120,-0.0810149494823631
2023-01-31,momentum_60,120,-0.0808565033695811
2023-02-01,momentum_60,120,-0.08120987318315027
2023-02-02,momentum_60,120,-0.08137462847802863
2023-02-03,momentum_60,120,-0.08326400835931304
2023-02-06,momentum_60,120,-0.08539624235192943
2023-02-07,momentum_60,120,-0.08595867472770682
2023-02-08,momentum_60,120,-0.08778186589914118
2023-02-09,momentum_60,120,-0.08944980833465886
2023-02-10,momentum_60,120,-0.09025203789480106
2023-02-13,momentum_60,120,-0.09265917372496588
2023-02-14,momentum_60,120,-0.09548438391210366
2023-02-15,momentum_60,120,-0.09631717661249711
2023-02-16,momentum_60,120,-0.09701769682327482
2023-02-17,momentum_60,120,-0.0952116122001543
2023-02-20,momentum_60,120,-0.09212518316517342
2023-02-21,momentum_60,120,-0.09010795220612829
2023-02-22,momentum_60,120,-0.08931047591077228
2023-02-23,momentum_60,120,-0.0868450420678426
2023-02-24,momentum_60,120,-0.08416030211625351
2023-02-27,momentum_60,120,-0.08308800994527217
2023-02-28,momentum_60,120,-0.08247042105870213
2023-03-01,momentum_60,120,-0.0810131116975315
2023-03-02,momentum_60,120,-0.08167248882496032
2023-03-03,momentum_60,120,-0.08374345723522622
2023-03-06,momentum_60,120,-0.0847463715023983
2023-03-07,momentum_60,120,-0.08341716270939943
2023-03-08,momentum_60,120,-0.08334852707434037
2023-03-09,momentum_60,120,-0.08276934197900682
2023-03-10,momentum_60,120,-0.08060237017747036
2023-03-13,momentum_60,120,-0.0787144199256652
2023-03-14,momentum_60,120,-0.0788726533565412
2023-03-15,momentum_60,120,-0.07896273003149427
2023-03-16,momentum_60,120,-0.07834315428686403
2023-03-17,momentum_60,120,-0.07832088784853254
2023-03-20,momentum_60,120,-0.07779271310512047
2023-03-21,momentum_60,120,-0.07685834552382209
2023-03-22,momentum_60,120,-0.07544130912882191
2023-03-23,momentum_60,120,-0.07497943173660022
2023-03-24,momentum_60,120,-0.07356083971656296
2023-03-27,momentum_60,120,-0.07168026958521548
2023-03-28,momentum_60,120,-0.07015902601599823
2023-03-29,momentum_60,120,-0.06888177030987833
2023-03-30,momentum_60,120,-0.06737527619746268
2023-03-31,momentum_60,120,-0.0672034891128519
2023-04-03,momentum_60,120,-0.06687769170335232
2023-04-04,momentum_60,120,-0.06544070984945992
2023-04-06,momentum_60,120,-0.06464314929193296
2023-04-07,momentum_60,120,-0.06379206054865806
2023-04-10,momentum_60,120,-0.06345145255189749
2023-04-11,momentum_60,120,-0.06396087276071734
2023-04-12,momentum_60,120,-0.06583481906204963
2023-04-13,momentum_60,120,-0.06515499961177515
2023-04-14,momentum_60,120,-0.06613829004426462
2023-04-17,momentum_60,120,-0.06530605219783904
2023-04-18,momentum_60,120,-0.06467608235151422
2023-04-19,momentum_60,120,-0.0659141659099003
2023-04-20,momentum_60,120,-0.06672979783400648
2023-04-21,momentum_60,120,-0.06515234081427929
2023-04-24,momentum_60,120,-0.06399802740567341
2023-04-25,momentum_60,120,-0.06029578152200954
2023-04-26,momentum_60,120,-0.05548882638601822
2023-04-27,momentum_60,120,-0.052172054063172935
2023-04-28,momentum_60,120,-0.05073756433350634
2023-05-04,momentum_60,120,-0.05016592211082716
2023-05-05,momentum_60,120,-0.04969834177228568
2023-05-08,momentum_60,120,-0.05067475531857498
2023-05-09,momentum_60,120,-0.05179605787464938
2023-05-10,momentum_60,120,-0.0522152489995977
2023-05-11,momentum_60,120,-0.05117529691919362
2023-05-12,momentum_60,120,-0.05187098141952527
2023-05-15,momentum_60,120,-0.05209488415049275
2023-05-16,momentum_60,120,-0.054431281666763275
2023-05-17,momentum_60,120,-0.05546955192271203
2023-05-18,momentum_60,120,-0.05730871094883475
2023-05-19,momentum_60,120,-0.05814893649351978
2023-05-22,momentum_60,120,-0.055968024419332914
2023-05-23,momentum_60,120,-0.05274157463990805
2023-05-24,momentum_60,120,-0.05025522666321891
2023-05-25,momentum_60,120,-0.0467417289281828
2023-05-26,momentum_60,120,-0.04400271352476041
2023-05-29,momentum_60,120,-0.04146402124809624
2023-05-30,momentum_60,120,-0.03861438849203598
2023-05-31,momentum_60,120,-0.036117147261411665
2023-06-01,momentum_60,120,-0.034033363883017934
2023-06-02,momentum_60,120,-0.029479290582232955
2023-06-05,momentum_60,120,-0.028448702278989848
2023-06-06,momentum_60,120,-0.02743241218635743
2023-06-07,momentum_60,120,-0.027901659108800988
2023-06-08,momentum_60,120,-0.029545259073074447
2023-06-09,momentum_60,120,-0.03315372441453619
2023-06-12,momentum_60,120,-0.03278564514390088
2023-06-13,momentum_60,120,-0.031177807617018327
2023-06-14,momentum_60,120,-0.03088581347796005
2023-06-15,momentum_60,120,-0.032058519162263106
2023-06-16,momentum_60,120,-0.031490911768370135
2023-06-19,momentum_60,120,-0.03164786732073575
2023-06-20,momentum_60,120,-0.030673202407324286
2023-06-21,momentum_60,120,-0.030692754842202
2023-06-26,momentum_60,120,-0.030692985873129835
2023-06-27,momentum_60,120,-0.03034953560107683
2023-06-28,momentum_60,120,-0.030630629013207605
2023-06-29,momentum_60,120,-0.0337316375354671
2023-06-30,momentum_60,120,-0.034978356189664175
2023-07-03,momentum_60,120,-0.03382850320621405
2023-07-04,momentum_60,120,-0.03249007346655192
2023-07-05,momentum_60,120,-0.03305673314466405
2023-07-06,momentum_60,120,-0.03296109897522575
2023-07-07,momentum_60,120,-0.0328559162660503
2023-07-10,momentum_60,120,-0.03264563774605691
2023-07-11,momentum_60,120,-0.03264776282098613
2023-07-12,momentum_60,120,-0.031915569086619675
2023-07-13,momentum_60,120,-0.03105395168392409
2023-07-14,momentum_60,120,-0.03123436687016766
2023-07-17,momentum_60,120,-0.030513005396796355
2023-07-18,momentum_60,120,-0.02989637261346846
2023-07-19,momentum_60,120,-0.028995786095835
2023-07-20,momentum_60,120,-0.02753281572865183
2023-07-21,momentum_60,120,-0.0259750284829122
2023-07-24,momentum_60,120,-0.025278755755886576
2023-07-25,momentum_60,120,-0.02641636849716793
2023-07-26,momentum_60,120,-0.025818316229171488
2023-07-27,momentum_60,120,-0.026222600959545803
2023-07-28,momentum_60,120,-0.026960274157347423
2023-07-31,momentum_60,120,-0.026276384262976182
2023-08-01,momentum_60,120,-0.025575227774383428
2023-08-02,momentum_60,120,-0.026532787288069647
2023-08-03,momentum_60,120,-0.025525058184619354
2023-08-04,momentum_60,120,-0.024372313626370976
2023-08-07,momentum_60,120,-0.023373343427896535
2023-08-08,momentum_60,120,-0.02326912815135213
2023-08-09,momentum_60,120,-0.02118461303494087
2023-08-10,momentum_60,120,-0.019517753903420525
2023-08-11,momentum_60,120,-0.01849411227877568
2023-08-14,momentum_60,120,-0.017742655000826394
2023-08-15,momentum_60,120,-0.016915712364084713
2023-08-16,momentum_60,120,-0.01597738794622461
2023-08-17,momentum_60,120,-0.014902657579907632
2023-08-18,momentum_60,120,-0.014321129585105672
2023-08-21,momentum_60,120,-0.013200764680589191
2023-08-22,momentum_60,120,-0.012118496213993222
2023-08-23,momentum_60,120,-0.01312480483697576
2023-08-24,momentum_60,120,-0.013390547776540425
2023-08-25,momentum_60,120,-0.013075761524036448
2023-08-28,momentum_60,120,-0.014019069401553246
2023-08-29,momentum_60,120,-0.015631084213614425
2023-08-30,momentum_60,120,-0.016604395758216674
2023-08-31,momentum_60,120,-0.01661931281650679
2023-09-01,momentum_60,120,-0.016868015446778562
2023-09-04,momentum_60,120,-0.018138125019101163
2023-09-05,momentum_60,120,-0.019359184642942038
2023-09-06,momentum_60,120,-0.018641514218872637
2023-09-07,momentum_60,120,-0.01790152700419152
2023-09-08,momentum_60,120,-0.01898452759901601
2023-09-11,momentum_60,120,-0.018887022911503747
2023-09-12,momentum_60,120,-0.018148893980048045
2023-09-13,momentum_60,120,-0.0176984048629878
2023-09-14,momentum_60,120,-0.01698399826333152
2023-09-15,momentum_60,120,-0.01717640209143643
2023-09-18,momentum_60,120,-0.016904690137990352
2023-09-19,momentum_60,120,-0.018032776397446337
2023-09-20,momentum_60,120,-0.02114243534316977
2023-09-21,momentum_60,120,-0.02565886155923438
2023-09-22,momentum_60,120,-0.029255598200186576
2023-09-25,momentum_60,120,-0.03096911444995929
2023-09-26,momentum_60,120,-0.03259303300297843
2023-09-27,momentum_60,120,-0.03354854412569255
2023-09-28,momentum_60,120,-0.031426543500496694
2023-10-09,momentum_60,120,-0.028310652686460554
2023-10-10,momentum_60,120,-0.02484030485313211
2023-10-11,momentum_60,120,-0.021173241440757783
2023-10-12,momentum_60,120,-0.017833353047458683
2023-10-13,momentum_60,120,-0.019479721602473236
2023-10-16,momentum_60,120,-0.019434886196740872
2023-10-17,momentum_60,120,-0.01997353191742896
2023-10-18,momentum_60,120,-0.02163208293639949
2023-10-19,momentum_60,120,-0.019095259674465345
2023-10-20,momentum_60,120,-0.016555169675834598
2023-10-23,momentum_60,120,-0.016973870978110428
2023-10-24,momentum_60,120,-0.017501799453619824
2023-10-25,momentum_60,120,-0.018788058808283
2023-10-26,momentum_60,120,-0.021684284427400388
2023-10-27,momentum_60,120,-0.023090958242892718
2023-10-30,momentum_60,120,-0.024972600318678224
2023-10-31,momentum_60,120,-0.026854647724117785
2023-11-01,momentum_60,120,-0.028048472548115145
2023-11-02,momentum_60,120,-0.02904782320367222
2023-11-03,momentum_60,120,-0.02810218404078763
2023-11-06,momentum_60,120,-0.02757558926746874
2023-11-07,momentum_60,120,-0.028948485275622902
2023-11-08,momentum_60,120,-0.029858047498983097
2023-11-09,momentum_60,120,-0.028967733738576838
2023-11-10,momentum_60,120,-0.02670511684019943
2023-11-13,momentum_60,120,-0.02477012426451854
2023-11-14,momentum_60,120,-0.02260889273878686
2023-11-15,momentum_60,120,-0.02117760065208505
2023-11-16,momentum_60,120,-0.022276638773344435
2023-11-17,momentum_60,120,-0.025931346004862584
2023-11-20,momentum_60,120,-0.02816545302764743
2023-11-21,momentum_60,120,-0.028888982305859665
2023-11-22,momentum_60,120,-0.02820775308089283
2023-11-23,momentum_60,120,-0.02693938170255659
2023-11-24,momentum_60,120,-0.025573552389162126
2023-11-27,momentum_60,120,-0.025165944901830547
2023-11-28,momentum_60,120,-0.02512116408971638
2023-11-29,momentum_60,120,-0.02850432960764703
2023-11-30,momentum_60,120,-0.029953091369552615
2023-12-01,momentum_60,120,-0.032116696028423236
2023-12-04,momentum_60,120,-0.03263977275828453
2023-12-05,momentum_60,120,-0.03147732809885728
2023-12-06,momentum_60,120,-0.027954269193930594
2023-12-07,momentum_60,120,-0.02645665899189237
2023-12-08,momentum_60,120,-0.025877234597634417
2023-12-11,momentum_60,120,-0.024386350745575158
2023-12-12,momentum_60,120,-0.02368057991070936
2023-12-13,momentum_60,120,-0.022825882860710706
2023-12-14,momentum_60,120,-0.0225891654977631
2023-12-15,momentum_60,120,-0.023326915363296164
2023-12-18,momentum_60,120,-0.023771058757167954
2023-12-19,momentum_60,120,-0.023701850902814323
2023-12-20,momentum_60,120,-0.024204304583351786
2023-12-21,momentum_60,120,-0.025092141078201523
2023-12-22,momentum_60,120,-0.02346005425972271
2023-12-25,momentum_60,120,-0.021806797769646995
2023-12-26,momentum_60,120,-0.02105627682187524
2023-12-27,momentum_60,120,-0.02041409138908486
2023-12-28,momentum_60,120,-0.018006251432971482
2023-12-29,momentum_60,120,-0.016392263185423677
2024-01-02,momentum_60,120,-0.014110981232411144
2024-01-03,momentum_60,120,-0.013520933457882337
2024-01-04,momentum_60,120,-0.014553290148946674
2024-01-05,momentum_60,120,-0.015447333884202543
2024-01-08,momentum_60,120,-0.016334210445023787
2024-01-09,momentum_60,120,-0.017158685633220833
2024-01-10,momentum_60,120,-0.016035122857124294
2024-01-11,momentum_60,120,-0.01503046858211459
2024-01-12,momentum_60,120,-0.013046625409104971
2024-01-15,momentum_60,120,-0.013373317067639064
2024-01-16,momentum_60,120,-0.013866930689736667
2024-01-17,momentum_60,120,-0.012928443705431445
2024-01-18,momentum_60,120,-0.011771370692654768
2024-01-19,momentum_60,120,-0.010865118539146557
2024-01-22,momentum_60,120,-0.009325186934871854
2024-01-23,momentum_60,120,-0.006917893306879049
2024-01-24,momentum_60,120,-0.006301865511782898
2024-01-25,momentum_60,120,-0.005943799508710701
2024-01-26,momentum_60,120,-0.005234252108642735
2024-01-29,momentum_60,120,-0.004884015720259366
2024-01-30,momentum_60,120,-0.005288084090675729
2024-01-31,momentum_60,120,-0.004255981164519094
2024-02-01,momentum_60,120,-0.00318118745571014
2024-02-02,momentum_60,120,-0.004231357036229736
2024-02-05,momentum_60,120,-0.008302841457326631
2024-02-06,momentum_60,120,-0.01457701590212895
2024-02-07,momentum_60,120,-0.022852046299450944
2024-02-08,momentum_60,120,-0.02961088193758664
2024-02-19,momentum_60,120,-0.03644022258641304
2024-02-20,momentum_60,120,-0.04259850715508137
2024-02-21,momentum_60,120,-0.046382116855373585
2024-02-22,momentum_60,120,-0.04929697344096014
2024-02-23,momentum_60,120,-0.04942764392154959
2024-02-26,momentum_60,120,-0.04683954874789011
2024-02-27,momentum_60,120,-0.04344605225267901
2024-02-28,momentum_60,120,-0.04432460258669671
2024-02-29,momentum_60,120,-0.043601201862157206
2024-03-01,momentum_60,120,-0.042648491748399055
2024-03-04,momentum_60,120,-0.042426393040744644
2024-03-05,momentum_60,120,-0.04579909410177864
2024-03-06,momentum_60,120,-0.049164943922195406
2024-03-07,momentum_60,120,-0.05183429829088195
2024-03-08,momentum_60,120,-0.0548471200544459
2024-03-11,momentum_60,120,-0.05921714486817411
2024-03-12,momentum_60,120,-0.06267194560827233
2024-03-13,momentum_60,120,-0.06532096857408144
2024-03-14,momentum_60,120,-0.06980448390990984
2024-03-15,momentum_60,120,-0.07453163155604643
2024-03-18,momentum_60,120,-0.07739726322476649
2024-03-19,momentum_60,120,-0.07989023282904831
2024-03-20,momentum_60,120,-0.07913770140518232
2024-03-21,momentum_60,120,-0.07932346246376534
2024-03-22,momentum_60,120,-0.07865752604919067
2024-03-25,momentum_60,120,-0.07750775186663222
2024-03-26,momentum_60,120,-0.0763152645380283
2024-03-27,momentum_60,120,-0.07719863883074554
2024-03-28,momentum_60,120,-0.07683933169233789
2024-03-29,momentum_60,120,-0.07704557642189457
2024-04-01,momentum_60,120,-0.0763858483527393
2024-04-02,momentum_60,120,-0.07571835279059763
2024-04-03,momentum_60,120,-0.07754710732282605
2024-04-08,momentum_60,120,-0.07816743239322589
2024-04-09,momentum_60,120,-0.07721885283363233
2024-04-10,momentum_60,120,-0.07675481879582072
2024-04-11,momentum_60,120,-0.07312786559013369
2024-04-12,momentum_60,120,-0.06924757532031968
2024-04-15,momentum_60,120,-0.06761905649292717
2024-04-16,momentum_60,120,-0.07140557054915456
2024-04-17,momentum_60,120,-0.07455421596023505
2024-04-18,momentum_60,120,-0.07861043369632367
2024-04-19,momentum_60,120,-0.081978239896478
2024-04-22,momentum_60,120,-0.08649427341485628
2024-04-23,momentum_60,120,-0.08812075717251308
2024-04-24,momentum_60,120,-0.08845848251476121
2024-04-25,momentum_60,120,-0.08888697497156847
2024-04-26,momentum_60,120,-0.08831825742088238
2024-04-29,momentum_60,120,-0.08678598689278211
2024-04-30,momentum_60,120,-0.08536812782105148
2024-05-06,momentum_60,120,-0.08116097471343012
2024-05-07,momentum_60,120,-0.07975113299821389
2024-05-08,momentum_60,120,-0.07944933946991913
2024-05-09,momentum_60,120,-0.07931680042726427
2024-05-10,momentum_60,120,-0.07892784986322823
2024-05-13,momentum_60,120,-0.0811883597637191
2024-05-14,momentum_60,120,-0.0830766461223908
2024-05-15,momentum_60,120,-0.08529002249197025
2024-05-16,momentum_60,120,-0.0865234448631234
2024-05-17,momentum_60,120,-0.08688680054229977
2024-05-20,momentum_60,120,-0.08715859180477814
2024-05-21,momentum_60,120,-0.08715527977469398
2024-05-22,momentum_60,120,-0.08756642771890774
2024-05-23,momentum_60,120,-0.08903592090599842
2024-05-24,momentum_60,120,-0.09227941979150404
2024-05-27,momentum_60,120,-0.09524668299581393
2024-05-28,momentum_60,120,-0.09652262290935708
2024-05-29,momentum_60,120,-0.09791729755525944
2024-05-30,momentum_60,120,-0.09805346142319465
2024-05-31,momentum_60,120,-0.09645750284945488
2024-06-03,momentum_60,120,-0.09447491031568823
2024-06-04,momentum_60,120,-0.09472007649447751
2024-06-05,momentum_60,120,-0.09459614692536451
2024-06-06,momentum_60,120,-0.09692246294177746
2024-06-07,momentum_60,120,-0.09928941344153074
2024-06-11,momentum_60,120,-0.10127033123404648
2024-06-12,momentum_60,120,-0.10135738653929192
2024-06-13,momentum_60,120,-0.10175433718093632
2024-06-14,momentum_60,120,-0.10159822587787154
2024-06-17,momentum_60,120,-0.10063656104918087
2024-06-18,momentum_60,120,-0.09750987369049184
2024-06-19,momentum_60,120,-0.0949302981434779
2024-06-20,momentum_60,120,-0.0928906652275948
2024-06-21,momentum_60,120,-0.08952972929875774
2024-06-24,momentum_60,120,-0.08811225710978329
2024-06-25,momentum_60,120,-0.08698521741203283
2024-06-26,momentum_60,120,-0.08677083683798144
2024-06-27,momentum_60,120,-0.08690326091828185
2024-06-28,momentum_60,120,-0.08796090882561086
2024-07-01,momentum_60,120,-0.08818625016349661
2024-07-02,momentum_60,120,-0.08806291728463839
2024-07-03,momentum_60,120,-0.08642078993298871
2024-07-04,momentum_60,120,-0.08722519553405891
2024-07-05,momentum_60,120,-0.0876763827022115
2024-07-08,momentum_60,120,-0.08660370312119561
2024-07-09,momentum_60,120,-0.08681987669400197
2024-07-10,momentum_60,120,-0.08790051388051519
2024-07-11,momentum_60,120,-0.08670203670373863
2024-07-12,momentum_60,120,-0.08811491031603058
2024-07-15,momentum_60,120,-0.0895321330977489
2024-07-16,momentum_60,120,-0.09018640779437859
2024-07-17,momentum_60,120,-0.0885372421380656
2024-07-18,momentum_60,120,-0.08721410805822376
2024-07-19,momentum_60,120,-0.0875306182750527
2024-07-22,momentum_60,120,-0.08750353674148956
2024-07-23,momentum_60,120,-0.08890365940504251
2024-07-24,momentum_60,120,-0.09214274979795184
2024-07-25,momentum_60,120,-0.09497546522088027
2024-07-26,momentum_60,120,-0.09762822442348579
2024-07-29,momentum_60,120,-0.10033494667504152
2024-07-30,momentum_60,120,-0.10314204184291084
2024-07-31,momentum_60,120,-0.10424623536872203
2024-08-01,momentum_60,120,-0.10607023850839194
2024-08-02,momentum_60,120,-0.10756743276777596
2024-08-05,momentum_60,120,-0.10906203339154838
2024-08-06,momentum_60,120,-0.1087581475305253
2024-08-07,momentum_60,120,-0.1057088443788894
2024-08-08,momentum_60,120,-0.09889964673596983
2024-08-09,momentum_60,120,-0.09018406635032288
2024-08-12,momentum_60,120,-0.08329612675068909
2024-08-13,momentum_60,120,-0.07533581640601686
2024-08-14,momentum_60,120,-0.06860633780955834
2024-08-15,momentum_60,120,-0.06428851910521365
2024-08-16,momentum_60,120,-0.06175975911673917
2024-08-19,momentum_60,120,-0.0621369134371937
2024-08-20,momentum_60,120,-0.0640720784039003
2024-08-21,momentum_60,120,-0.06796592149309952
2024-08-22,momentum_60,120,-0.06786853281582436
2024-08-23,momentum_60,120,-0.06992659227444092
2024-08-26,momentum_60,120,-0.0704436850810534
2024-08-27,momentum_60,120,-0.07172213065452024
2024-08-28,momentum_60,120,-0.0698057706544247
2024-08-29,momentum_60,120,-0.06606590819409358
2024-08-30,momentum_60,120,-0.06149202655478057
2024-09-02,momentum_60,120,-0.05726121332840991
2024-09-03,momentum_60,120,-0.05137303247011685
2024-09-04,momentum_60,120,-0.0474774310294827
2024-09-05,momentum_60,120,-0.04359571586116325
2024-09-06,momentum_60,120,-0.03860294237450123
2024-09-09,momentum_60,120,-0.03615675446439242
2024-09-10,momentum_60,120,-0.03599728054241394
2024-09-11,momentum_60,120,-0.035211700695986226
2024-09-12,momentum_60,120,-0.035449765658215886
2024-09-13,momentum_60,120,-0.037666747935942026
2024-09-18,momentum_60,120,-0.03886027599512973
2024-09-19,momentum_60,120,-0.04091222700877552
2024-09-20,momentum_60,120,-0.043556475103749964
2024-09-23,momentum_60,120,-0.04511335486595288
2024-09-24,momentum_60,120,-0.046968306460267166
2024-09-25,momentum_60,120,-0.04765700612365174
2024-09-26,momentum_60,120,-0.049342599625514204
2024-09-27,momentum_60,120,-0.05100545130438683
2024-09-30,momentum_60,120,-0.05055212817080331
2024-10-08,momentum_60,120,-0.05532582074976387
2024-10-09,momentum_60,120,-0.06052565692395277
2024-10-10,momentum_60,120,-0.06341247230104198
2024-10-11,momentum_60,120,-0.06521185471501525
2024-10-14,momentum_60,120,-0.06685878361725445
2024-10-15,momentum_60,120,-0.06816894232244977
2024-10-16,momentum_60,120,-0.06411391598551491
2024-10-17,momentum_60,120,-0.06338649928466736
2024-10-18,momentum_60,120,-0.06154067939503698
2024-10-21,momentum_60,120,-0.059436162935570525
2024-10-22,momentum_60,120,-0.05419097111609376
2024-10-23,momentum_60,120,-0.05007757765537357
2024-10-24,momentum_60,120,-0.04632239081674413
2024-10-25,momentum_60,120,-0.04493266563329552
2024-10-28,momentum_60,120,-0.04452955318970994
2024-10-29,momentum_60,120,-0.045131031489809126
2024-10-30,momentum_60,120,-0.04664637557654532
2024-10-31,momentum_60,120,-0.04963865908254001
2024-11-01,momentum_60,120,-0.05047013959230926
2024-11-04,momentum_60,120,-0.050172176083956896
2024-11-05,momentum_60,120,-0.049707916462111625
2024-11-06,momentum_60,120,-0.04935008357141837
2024-11-07,momentum_60,120,-0.04943436560082152
2024-11-08,momentum_60,120,-0.05090569492906232
2024-11-11,momentum_60,120,-0.05392238771115842
2024-11-12,momentum_60,120,-0.05560560060290953
2024-11-13,momentum_60,120,-0.05843404357752092
2024-11-14,momentum_60,120,-0.061099150767754316
2024-11-15,momentum_60,120,-0.06145320396460153
2024-11-18,momentum_60,120,-0.06162748171867752
2024-11-19,momentum_60,120,-0.06349198643460066
2024-11-20,momentum_60,120,-0.06363635075218023
2024-11-21,momentum_60,120,-0.06411505513225903
2024-11-22,momentum_60,120,-0.06542923959240383
2024-11-25,momentum_60,120,-0.06457547552063396
2024-11-26,momentum_60,120,-0.06360939896250502
2024-11-27,momentum_60,120,-0.0644417792424382
2024-11-28,momentum_60,120,-0.06433923468157851
2024-11-29,momentum_60,120,-0.06256796043442042
2024-12-02,momentum_60,120,-0.06291835507206502
2024-12-03,momentum_60,120,-0.06103421523947576
2024-12-04,momentum_60,120,-0.05912458499632028
2024-12-05,momentum_60,120,-0.06005993674015368
2024-12-06,momentum_60,120,-0.06153374695331193
2024-12-09,momentum_60,120,-0.06393819152088068
2024-12-10,momentum_60,120,-0.06828231683257982
2024-12-11,momentum_60,120,-0.07312859422462346
2024-12-12,momentum_60,120,-0.07726653413299589
2024-12-13,momentum_60,120,-0.08004992728579897
2024-12-16,momentum_60,120,-0.08270659345435605
2024-12-17,momentum_60,120,-0.0851283063328141
2024-12-18,momentum_60,120,-0.08679425924539257
2024-12-19,momentum_60,120,-0.08725247109961866
2024-12-20,momentum_60,120,-0.08975943285984438
2024-12-23,momentum_60,120,-0.09130499462265401
2024-12-24,momentum_60,120,-0.09314925092414833
2024-12-25,momentum_60,120,-0.09622264701109755
2024-12-26,momentum_60,120,-0.10189885567982887
2024-12-27,momentum_60,120,-0.10740886500860825
2024-12-30,momentum_60,120,-0.1084567626849967
2024-12-31,momentum_60,120,-0.10763234864048285
2025-01-02,momentum_60,120,-0.10741928194892555
2025-01-03,momentum_60,120,-0.1055765509523984
2025-01-06,momentum_60,120,-0.10274590533463188
2025-01-07,momentum_60,120,-0.10236036669459178
2025-01-08,momentum_60,120,-0.10103082111806778
2025-01-09,momentum_60,120,-0.0991600875903972
2025-01-10,momentum_60,120,-0.0974197856586488
2025-01-13,momentum_60,120,-0.0965936231293845
2025-01-14,momentum_60,120,-0.09521922147709977
2025-01-15,momentum_60,120,-0.09428885439872844
2025-01-16,momentum_60,120,-0.09383903098680858
2025-01-17,momentum_60,120,-0.09206053999892795
2025-01-20,momentum_60,120,-0.08811259888605034
2025-01-21,momentum_60,120,-0.08729030149058979
2025-01-22,momentum_60,120,-0.08662685372905261
2025-01-23,momentum_60,120,-0.08567204050710962
2025-01-24,momentum_60,120,-0.08435149410008831
2025-01-27,momentum_60,120,-0.08415474005082475
2025-02-05,momentum_60,120,-0.08191334592754615
2025-02-06,momentum_60,120,-0.08250430408365267
2025-02-07,momentum_60,120,-0.08280865819297127
2025-02-10,momentum_60,120,-0.08220696831946575
2025-02-11,momentum_60,120,-0.08256690540295786
2025-02-12,momentum_60,120,-0.08362812687015929
2025-02-13,momentum_60,120,-0.08445674897589697
2025-02-14,momentum_60,120,-0.08427202343865267
2025-02-17,momentum_60,120,-0.08562034923268157
2025-02-18,momentum_60,120,-0.08570218749161852
2025-02-19,momentum_60,120,-0.08664055431811783
2025-02-20,momentum_60,120,-0.08868379434668244
2025-02-21,momentum_60,120,-0.0904713528425461
2025-02-24,momentum_60,120,-0.09170448402132667
2025-02-25,momentum_60,120,-0.09307639604150546
2025-02-26,momentum_60,120,-0.09353824185152639
2025-02-27,momentum_60,120,-0.0908284076219195
2025-02-28,momentum_60,120,-0.08936919561817776
2025-03-03,momentum_60,120,-0.08723646674410011
2025-03-04,momentum_60,120,-0.08594529383614505
2025-03-05,momentum_60,120,-0.08698858732352874
2025-03-06,momentum_60,120,-0.09044966494911458
2025-03-07,momentum_60,120,-0.09411665559303692
2025-03-10,momentum_60,120,-0.09852622414361176
2025-03-11,momentum_60,120,-0.10105351692855474
2025-03-12,momentum_60,120,-0.10324538337829696
2025-03-13,momentum_60,120,-0.1054816917499327
2025-03-14,momentum_60,120,-0.10654725556859485
2025-03-17,momentum_60,120,-0.10716881197734016
2025-03-18,momentum_60,120,-0.10983936551842984
2025-03-19,momentum_60,120,-0.11202323868923279
2025-03-20,momentum_60,120,-0.11264359885378718
2025-03-21,momentum_60,120,-0.11191814550627406
2025-03-24,momentum_60,120,-0.10934087734192323
2025-03-25,momentum_60,120,-0.10547951301313657
2025-03-26,momentum_60,120,-0.10239761657225163
2025-03-27,momentum_60,120,-0.10061382460546348
2025-03-28,momentum_60,120,-0.09883944995102535
2025-03-31,momentum_60,120,-0.09859140669960581
2025-04-01,momentum_60,120,-0.09967941634260957
2025-04-02,momentum_60,120,-0.10211441470067943
2025-04-03,momentum_60,120,-0.1001721731395022
2025-04-07,momentum_60,120,-0.10045602323277435
2025-04-08,momentum_60,120,-0.10109530635551166
2025-04-09,momentum_60,120,-0.10401415398407578
2025-04-10,momentum_60,120,-0.10711534214851494
2025-04-11,momentum_60,120,-0.10960063714897282
2025-04-14,momentum_60,120,-0.11062988947491545
2025-04-15,momentum_60,120,-0.11074376446977043
2025-04-16,momentum_60,120,-0.11016804424661775
2025-04-17,momentum_60,120,-0.10997177688510444
2025-04-18,momentum_60,120,-0.11187338832096157
2025-04-21,momentum_60,120,-0.11468170868683646
2025-04-22,momentum_60,120,-0.11753483206337348
2025-04-23,momentum_60,120,-0.11791623520315975
2025-04-24,momentum_60,120,-0.11877352020577397
2025-04-25,momentum_60,120,-0.11899896598812108
2025-04-28,momentum_60,120,-0.11924504990099723
2025-04-29,momentum_60,120,-0.11938414670502438
2025-04-30,momentum_60,120,-0.12022113797320137
2025-05-06,momentum_60,120,-0.12173842309827518
2025-05-07,momentum_60,120,-0.12287501089282962
2025-05-08,momentum_60,120,-0.12194959871178421
2025-05-09,momentum_60,120,-0.12013821196132553
2025-05-12,momentum_60,120,-0.11710318222206376
2025-05-13,momentum_60,120,-0.1116876567554522
2025-05-14,momentum_60,120,-0.10725713564164326
2025-05-15,momentum_60,120,-0.10455977076226576
2025-05-16,momentum_60,120,-0.1021109720002084
2025-05-19,momentum_60,120,-0.10098886902067934
2025-05-20,momentum_60,120,-0.10103851379261362
2025-05-21,momentum_60,120,-0.09930907212280429
2025-05-22,momentum_60,120,-0.09881831667100875
2025-05-23,momentum_60,120,-0.09743823120730734
2025-05-26,momentum_60,120,-0.09556353765797998
2025-05-27,momentum_60,120,-0.09542333074185537
2025-05-28,momentum_60,120,-0.09795609536941098
2025-05-29,momentum_60,120,-0.09775417209305438
2025-05-30,momentum_60,120,-0.09985644362580216
2025-06-03,momentum_60,120,-0.10136997373887348
2025-06-04,momentum_60,120,-0.10210655830891645
2025-06-05,momentum_60,120,-0.10148178011366678
2025-06-06,momentum_60,120,-0.10166592081240428
2025-06-09,momentum_60,120,-0.09993750215349988
2025-06-10,momentum_60,120,-0.09983085270515751
2025-06-11,momentum_60,120,-0.10020599624453394
2025-06-12,momentum_60,120,-0.09975615055392667
2025-06-13,momentum_60,120,-0.09914830633352241
2025-06-16,momentum_60,120,-0.0987307933370805
2025-06-17,momentum_60,120,-0.10003946166833341
2025-06-18,momentum_60,120,-0.10051292968957304
2025-06-19,momentum_60,120,-0.10250754451078288
2025-06-20,momentum_60,120,-0.10420948750239463
2025-06-23,momentum_60,120,-0.10609645010605077
2025-06-24,momentum_60,120,-0.10427352107385626
2025-06-25,momentum_60,120,-0.10277345665422485
2025-06-26,momentum_60,120,-0.09993206350218764
2025-06-27,momentum_60,120,-0.0959342792670694
2025-06-30,momentum_60,120,-0.0913211760157198
2025-07-01,momentum_60,120,-0.08844980223806315
2025-07-02,momentum_60,120,-0.0877369746219138
2025-07-03,momentum_60,120,-0.08940118864392814
2025-07-04,momentum_60,120,-0.09052113138566949
2025-07-07,momentum_60,120,-0.09112381884981016
2025-07-08,momentum_60,120,-0.09234337969382327
2025-07-09,momentum_60,120,-0.09309423907630719
2025-07-10,momentum_60,120,-0.09333971592370899
2025-07-11,momentum_60,120,-0.09308038407700862
2025-07-14,momentum_60,120,-0.09389497835484045
2025-07-15,momentum_60,120,-0.0951890527186198
2025-07-16,momentum_60,120,-0.09689332030981725
2025-07-17,momentum_60,120,-0.0982323600079849
2025-07-18,momentum_60,120,-0.09909814055232434
2025-07-21,momentum_60,120,-0.10026369487691765
2025-07-22,momentum_60,120,-0.10084991478988233
2025-07-23,momentum_60,120,-0.0993207054185629
2025-07-24,momentum_60,120,-0.09723576581647629
2025-07-25,momentum_60,120,-0.09439476336024316
2025-07-28,momentum_60,120,-0.09159281707399389
2025-07-29,momentum_60,120,-0.09127032743128151
2025-07-30,momentum_60,120,-0.09197291106636357
2025-07-31,momentum_60,120,-0.09067377180962047
2025-08-01,momentum_60,120,-0.0896520943571879
2025-08-04,momentum_60,120,-0.09037464223684664
2025-08-05,momentum_60,120,-0.09055220618628583
2025-08-06,momentum_60,120,-0.09018200985470506
2025-08-07,momentum_60,120,-0.0910250141770811
2025-08-08,momentum_60,120,-0.09171239408965712
2025-08-11,momentum_60,120,-0.09205506715592136
2025-08-12,momentum_60,120,-0.0921618022166292
2025-08-13,momentum_60,120,-0.09303594919773223
2025-08-14,momentum_60,120,-0.09222200813877111
2025-08-15,momentum_60,120,-0.09121191935405835
2025-08-18,momentum_60,120,-0.09028107680315446
2025-08-19,momentum_60,120,-0.09021100115326933
2025-08-20,momentum_60,120,-0.08964992344965225
2025-08-21,momentum_60,120,-0.0895825596770918
2025-08-22,momentum_60,120,-0.09088618388944229
2025-08-25,momentum_60,120,-0.09160448253024671
2025-08-26,momentum_60,120,-0.09187231806646996
2025-08-27,momentum_60,120,-0.09177318606623966
2025-08-28,momentum_60,120,-0.09202625051361456
2025-08-29,momentum_60,120,-0.09079585370886437
2025-09-01,momentum_60,120,-0.08994688737046849
2025-09-02,momentum_60,120,-0.08955079485993593
2025-09-03,momentum_60,120,-0.08908242390452256
2025-09-04,momentum_60,120,-0.08631382862749136
2025-09-05,momentum_60,120,-0.08515452639411085
2025-09-08,momentum_60,120,-0.08416770818524795
2025-09-09,momentum_60,120,-0.08167785725606296
2025-09-10,momentum_60,120,-0.0797899048803133
2025-09-11,momentum_60,120,-0.07778042846533058
2025-09-12,momentum_60,120,-0.07744545779916621
2025-09-15,momentum_60,120,-0.0763252107986461
2025-09-16,momentum_60,120,-0.07534615103966091
2025-09-17,momentum_60,120,-0.0740289911736681
2025-09-18,momentum_60,120,-0.07281841672397982
2025-09-19,momentum_60,120,-0.07213624862076765
2025-09-22,momentum_60,120,-0.0707255764165917
2025-09-23,momentum_60,120,-0.06960747896901982
2025-09-24,momentum_60,120,-0.06918272726566406
2025-09-25,momentum_60,120,-0.0704678299146307
2025-09-26,momentum_60,120,-0.06944208681660533
2025-09-29,momentum_60,120,-0.07122489818437969
2025-09-30,momentum_60,120,-0.07228822195484
2025-10-09,momentum_60,120,-0.07432741830918774
2025-10-10,momentum_60,120,-0.07560336486192189
2025-10-13,momentum_60,120,-0.07758141461475174
2025-10-14,momentum_60,120,-0.07799437504698702
2025-10-15,momentum_60,120,-0.07906942552319579
2025-10-16,momentum_60,120,-0.07954774938960368
2025-10-17,momentum_60,120,-0.07801287935870722
2025-10-20,momentum_60,120,-0.07520518434898178
2025-10-21,momentum_60,120,-0.0733837280973629
2025-10-22,momentum_60,120,-0.07150246133782631
2025-10-23,momentum_60,120,-0.06913337278909996
2025-10-24,momentum_60,120,-0.06938540527329548
2025-10-27,momentum_60,120,-0.07015507858249234
2025-10-28,momentum_60,120,-0.07068948982506364
2025-10-29,momentum_60,120,-0.0708892963978104
2025-10-30,momentum_60,120,-0.07011954847299892
2025-10-31,momentum_60,120,-0.0674642950371371
2025-11-03,momentum_60,120,-0.06644182957825473
2025-11-04,momentum_60,120,-0.0656281288257631
2025-11-05,momentum_60,120,-0.06617549809815017
2025-11-06,momentum_60,120,-0.06807922112299887
2025-11-07,momentum_60,120,-0.07058114831965946
2025-11-10,momentum_60,120,-0.07148957546633512
2025-11-11,momentum_60,120,-0.07308019615340929
2025-11-12,momentum_60,120,-0.07392583759551835
2025-11-13,momentum_60,120,-0.0746791645524228
2025-11-14,momentum_60,120,-0.07660941281636353
2025-11-17,momentum_60,120,-0.07751096261780634
2025-11-18,momentum_60,120,-0.07843697886524614
2025-11-19,momentum_60,120,-0.08035808605061959
2025-11-20,momentum_60,120,-0.08234093186106119
2025-11-21,momentum_60,120,-0.08189671223975782
2025-11-24,momentum_60,120,-0.08214150756592997
2025-11-25,momentum_60,120,-0.08139534277623282
2025-11-26,momentum_60,120,-0.08113576594430469
2025-11-27,momentum_60,120,-0.08075570262620665
2025-11-28,momentum_60,120,-0.08163523707466598
2025-12-01,momentum_60,120,-0.0819358123219903
2025-12-02,momentum_60,120,-0.08242584327997496
2025-12-03,momentum_60,120,-0.08191107591419293
2025-12-04,momentum_60,120,-0.08027951487523821
2025-12-05,momentum_60,120,-0.07793939186227224
2025-12-08,momentum_60,120,-0.07600695776110682
2025-12-09,momentum_60,120,-0.07561720387336755
2025-12-10,momentum_60,120,-0.07351041156989388
2025-12-11,momentum_60,120,-0.07199879464662766
2025-12-12,momentum_60,120,-0.07076592073616064
2025-12-15,momentum_60,120,-0.06893004988853729
2025-12-16,momentum_60,120,-0.06524498293391663
2025-12-17,momentum_60,120,-0.06355621189386941
2025-12-18,momentum_60,120,-0.06285876052632072
2025-12-19,momentum_60,120,-0.06157191588028011
2025-12-22,momentum_60,120,-0.0621282399676868
2025-12-23,momentum_60,120,-0.06361163088196412
2025-12-24,momentum_60,120,-0.06397090181944011
2018-01-30,volatility_20,60,
2018-01-31,volatility_20,60,
2018-02-01,volatility_20,60,
2018-02-02,volatility_20,60,
2018-02-05,volatility_20,60,
2018-02-06,volatility_20,60,
2018-02-07,volatility_20,60,
2018-02-08,volatility_20,60,
2018-02-09,volatility_20,60,
2018-02-12,volatility_20,60,
2018-02-13,volatility_20,60,
2018-02-14,volatility_20,60,
2018-02-22,volatility_20,60,
2018-02-23,volatility_20,60,
2018-02-26,volatility_20,60,
2018-02-27,volatility_20,60,
2018-02-28,volatility_20,60,
2018-03-01,volatility_20,60,
2018-03-02,volatility_20,60,
2018-03-05,volatility_20,60,
2018-03-06,volatility_20,60,
2018-03-07,volatility_20,60,
2018-03-08,volatility_20,60,
2018-03-09,volatility_20,60,
2018-03-12,volatility_20,60,
2018-03-13,volatility_20,60,
2018-03-14,volatility_20,60,
2018-03-15,volatility_20,60,
2018-03-16,volatility_20,60,
2018-03-19,volatility_20,60,
2018-03-20,volatility_20,60,
2018-03-21,volatility_20,60,
2018-03-22,volatility_20,60,
2018-03-23,volatility_20,60,
2018-03-26,volatility_20,60,
2018-03-27,volatility_20,60,
2018-03-28,volatility_20,60,
2018-03-29,volatility_20,60,
2018-03-30,volatility_20,60,
2018-04-02,volatility_20,60,
2018-04-03,volatility_20,60,
2018-04-04,volatility_20,60,
2018-04-09,volatility_20,60,
2018-04-10,volatility_20,60,
2018-04-11,volatility_20,60,
2018-04-12,volatility_20,60,
2018-04-13,volatility_20,60,
2018-04-16,volatility_20,60,
2018-04-17,volatility_20,60,
2018-04-18,volatility_20,60,
2018-04-19,volatility_20,60,
2018-04-20,volatility_20,60,
2018-04-23,volatility_20,60,
2018-04-24,volatility_20,60,
2018-04-25,volatility_20,60,
2018-04-26,volatility_20,60,
2018-04-27,volatility_20,60,
2018-05-02,volatility_20,60,
2018-05-03,volatility_20,60,
2018-05-04,volatility_20,60,-0.04102847038694973
2018-05-07,volatility_20,60,-0.04127251763153539
2018-05-08,volatility_20,60,-0.04714610729185787
2018-05-09,volatility_20,60,-0.0488103775766916
2018-05-10,volatility_20,60,-0.04685670347350137
2018-05-11,volatility_20,60,-0.04447323798795504
2018-05-14,volatility_20,60,-0.043249537836227786
2018-05-15,volatility_20,60,-0.04215839802451683
2018-05-16,volatility_20,60,-0.043011633772456134
2018-05-17,volatility_20,60,-0.0451943015448909
2018-05-18,volatility_20,60,-0.04325533595252543
2018-05-21,volatility_20,60,-0.03818746334694903
2018-05-22,volatility_20,60,-0.02887020712568478
2018-05-23,volatility_20,60,-0.019828370396773137
2018-05-24,volatility_20,60,-0.01109528078609521
2018-05-25,volatility_20,60,-0.0014696311012487825
2018-05-28,volatility_20,60,0.005166615617062647
2018-05-29,volatility_20,60,0.008618330171565896
2018-05-30,volatility_20,60,0.0071301481271658475
2018-05-31,volatility_20,60,0.010730724044824306
2018-06-01,volatility_20,60,0.009726501424280509
2018-06-04,volatility_20,60,0.009587328230966483
2018-06-05,volatility_20,60,0.011873420330175282
2018-06-06,volatility_20,60,0.015746332461014787
2018-06-07,volatility_20,60,0.014266863214998446
2018-06-08,volatility_20,60,0.013012645272054627
2018-06-11,volatility_20,60,0.013047241997532467
2018-06-12,volatility_20,60,0.010071108369528538
2018-06-13,volatility_20,60,0.008750168854927014
2018-06-14,volatility_20,60,0.005778032829760368
2018-06-15,volatility_20,60,0.0010541323797012246
2018-06-19,volatility_20,60,-0.0041342690965465905
2018-06-20,volatility_20,60,-0.006646602388782545
2018-06-21,volatility_20,60,-0.008472263826888508
2018-06-22,volatility_20,60,-0.006739520588351577
2018-06-25,volatility_20,60,-0.003014689635437684
2018-06-26,volatility_20,60,-0.0026397220403337907
2018-06-27,volatility_20,60,-0.001650158975271474
2018-06-28,volatility_20,60,0.003268969005250852
2018-06-29,volatility_20,60,0.008730393847649493
2018-07-02,volatility_20,60,0.007982654130739553
2018-07-03,volatility_20,60,0.009720679565003491
2018-07-04,volatility_20,60,0.01182482867571131
2018-07-05,volatility_20,60,0.006466536846883255
2018-07-06,volatility_20,60,-0.0027301395583767497
2018-07-09,volatility_20,60,-0.007725241938633803
2018-07-10,volatility_20,60,-0.009323214528165303
2018-07-11,volatility_20,60,-0.012557744237018494
2018-07-12,volatility_20,60,-0.013739426866816886
2018-07-13,volatility_20,60,-0.008367142494817844
2018-07-16,volatility_20,60,-0.004052481167767034
2018-07-17,volatility_20,60,0.0010038300400954955
2018-07-18,volatility_20,60,0.0059399764683472555
2018-07-19,volatility_20,60,0.011909026621602774
2018-07-20,volatility_20,60,0.018399126455599744
2018-07-23,volatility_20,60,0.022104926229533365
2018-07-24,volatility_20,60,0.03092638265090412
2018-07-25,volatility_20,60,0.04240525263994008
2018-07-26,volatility_20,60,0.053061732406516765
2018-07-27,volatility_20,60,0.06141270808184833
2018-07-30,volatility_20,60,0.06989065061030483
2018-07-31,volatility_20,60,0.07152210439825807
2018-08-01,volatility_20,60,0.07453445165645542
2018-08-02,volatility_20,60,0.07411293117189423
2018-08-03,volatility_20,60,0.07267991170007876
2018-08-06,volatility_20,60,0.0714234844108217
2018-08-07,volatility_20,60,0.0759906725044542
2018-08-08,volatility_20,60,0.07762402885219369
2018-08-09,volatility_20,60,0.08227186304989943
2018-08-10,volatility_20,60,0.0902354583709995
2018-08-13,volatility_20,60,0.0982693120356459
2018-08-14,volatility_20,60,0.10327556472554564
2018-08-15,volatility_20,60,0.10275013737101409
2018-08-16,volatility_20,60,0.09874408692467848
2018-08-17,volatility_20,60,0.09334916186685412
2018-08-20,volatility_20,60,0.08476368649623756
2018-08-21,volatility_20,60,0.07805462455794586
2018-08-22,volatility_20,60,0.0759957871272393
2018-08-23,volatility_20,60,0.08070852246672544
2018-08-24,volatility_20,60,0.08452807380680717
2018-08-27,volatility_20,60,0.09372554796283983
2018-08-28,volatility_20,60,0.09874336631360295
2018-08-29,volatility_20,60,0.10177580782342499
2018-08-30,volatility_20,60,0.10279280594314606
2018-08-31,volatility_20,60,0.10416499969717101
2018-09-03,volatility_20,60,0.10629630500112669
2018-09-04,volatility_20,60,0.10663598163922566
2018-09-05,volatility_20,60,0.1066389332366509
2018-09-06,volatility_20,60,0.10541345058097612
2018-09-07,volatility_20,60,0.10642164154910302
2018-09-10,volatility_20,60,0.10874769685184571
2018-09-11,volatility_20,60,0.11338830208752729
2018-09-12,volatility_20,60,0.11590319108194232
2018-09-13,volatility_20,60,0.12043301431716692
2018-09-14,volatility_20,60,0.12520704948086242
2018-09-17,volatility_20,60,0.12426158126797131
2018-09-18,volatility_20,60,0.12970092845696457
2018-09-19,volatility_20,60,0.13514498724867532
2018-09-20,volatility_20,60,0.13610206957920498
2018-09-21,volatility_20,60,0.13672798506601344
2018-09-25,volatility_20,60,0.14147716348137418
2018-09-26,volatility_20,60,0.14497667121701607
2018-09-27,volatility_20,60,0.14888608892142238
2018-09-28,volatility_20,60,0.15742468555307285
2018-10-08,volatility_20,60,0.16345023354845747
2018-10-09,volatility_20,60,0.16812251536490425
2018-10-10,volatility_20,60,0.16933679536894292
2018-10-11,volatility_20,60,0.17120261687898225
2018-10-12,volatility_20,60,0.16872461574362507
2018-10-15,volatility_20,60,0.16135984853774454
2018-10-16,volatility_20,60,0.15302857740865383
2018-10-17,volatility_20,60,0.14592072114540705
2018-10-18,volatility_20,60,0.14209261253327304
2018-10-19,volatility_20,60,0.13799080297195226
2018-10-22,volatility_20,60,0.13579310607986866
2018-10-23,volatility_20,60,0.13244405830610909
2018-10-24,volatility_20,60,0.12617582558281268
2018-10-25,volatility_20,60,0.11565785661772614
2018-10-26,volatility_20,60,0.10311978641255932
2018-10-29,volatility_20,60,0.0914424421301949
2018-10-30,volatility_20,60,0.08013808011843374
2018-10-31,volatility_20,60,0.07365369007288254
2018-11-01,volatility_20,60,0.06943246257863858
2018-11-02,volatility_20,60,0.06796317921626041
2018-11-05,volatility_20,60,0.06486447753145078
2018-11-06,volatility_20,60,0.06605859504664799
2018-11-07,volatility_20,60,0.06323972055658492
2018-11-08,volatility_20,60,0.06158659540550106
2018-11-09,volatility_20,60,0.05739192370373768
2018-11-12,volatility_20,60,0.051909035626290595
2018-11-13,volatility_20,60,0.04925742053616446
2018-11-14,volatility_20,60,0.04976563296330275
2018-11-15,volatility_20,60,0.05221601421423851
2018-11-16,volatility_20,60,0.05798673311381593
2018-11-19,volatility_20,60,0.06395210805905709
2018-11-20,volatility_20,60,0.07092651884597721
2018-11-21,volatility_20,60,0.07646993226927003
2018-11-22,volatility_20,60,0.0819084378853887
2018-11-23,volatility_20,60,0.08139196826259189
2018-11-26,volatility_20,60,0.07757020097622178
2018-11-27,volatility_20,60,0.07104035791870028
2018-11-28,volatility_20,60,0.0678568804896275
2018-11-29,volatility_20,60,0.0647813068253507
2018-11-30,volatility_20,60,0.059781071171786895
2018-12-03,volatility_20,60,0.05935217351672381
2018-12-04,volatility_20,60,0.05584784202034274
2018-12-05,volatility_20,60,0.05252501444872192
2018-12-06,volatility_20,60,0.04825709976803402
2018-12-07,volatility_20,60,0.049187939688831964
2018-12-10,volatility_20,60,0.0485224418041571
2018-12-11,volatility_20,60,0.049858794179981424
2018-12-12,volatility_20,60,0.05337484905965507
2018-12-13,volatility_20,60,0.055551359363828615
2018-12-14,volatility_20,60,0.053623128358435794
2018-12-17,volatility_20,60,0.05408322213679032
2018-12-18,volatility_20,60,0.05908618944166413
2018-12-19,volatility_20,60,0.05741803087509933
2018-12-20,volatility_20,60,0.05495292178239577
2018-12-21,volatility_20,60,0.05317168996660358
2018-12-24,volatility_20,60,0.04890084826393563
2018-12-25,volatility_20,60,0.04741904863360449
2018-12-26,volatility_20,60,0.04443810938269944
2018-12-27,volatility_20,60,0.04219227045713396
2018-12-28,volatility_20,60,0.041556998796476015
2019-01-02,volatility_20,60,0.04513662711409283
2019-01-03,volatility_20,60,0.04434333700210472
2019-01-04,volatility_20,60,0.0437857281767742
2019-01-07,volatility_20,60,0.041934993445580514
2019-01-08,volatility_20,60,0.03908117339119522
2019-01-09,volatility_20,60,0.040425606656061916
2019-01-10,volatility_20,60,0.045425403344700764
2019-01-11,volatility_20,60,0.04878260287528929
2019-01-14,volatility_20,60,0.0495777993208233
2019-01-15,volatility_20,60,0.0509716665476622
2019-01-16,volatility_20,60,0.047127541963964396
2019-01-17,volatility_20,60,0.041868714766449204
2019-01-18,volatility_20,60,0.040876375421668706
2019-01-21,volatility_20,60,0.04362881698098439
2019-01-22,volatility_20,60,0.05013710575850838
2019-01-23,volatility_20,60,0.05566499690255819
2019-01-24,volatility_20,60,0.059662182813595706
2019-01-25,volatility_20,60,0.060954833720730385
2019-01-28,volatility_20,60,0.05947297443955464
2019-01-29,volatility_20,60,0.055220139772386566
2019-01-30,volatility_20,60,0.05259757363298729
2019-01-31,volatility_20,60,0.04772038742068201
2019-02-01,volatility_20,60,0.044580865255458936
2019-02-11,volatility_20,60,0.041440843176844634
2019-02-12,volatility_20,60,0.03747089691409437
2019-02-13,volatility_20,60,0.033458144120975246
2019-02-14,volatility_20,60,0.02713869979609169
2019-02-15,volatility_20,60,0.01760490128176755
2019-02-18,volatility_20,60,0.009160868375722294
2019-02-19,volatility_20,60,0.002126898968696936
2019-02-20,volatility_20,60,-0.0036795844203774564
2019-02-21,volatility_20,60,-0.007981859939153447
2019-02-22,volatility_20,60,-0.010563229748635128
2019-02-25,volatility_20,60,-0.010047651632608774
2019-02-26,volatility_20,60,-0.014615394222809748
2019-02-27,volatility_20,60,-0.015758275803493434
2019-02-28,volatility_20,60,-0.01812067192189333
2019-03-01,volatility_20,60,-0.021248932566948226
2019-03-04,volatility_20,60,-0.023737645683997787
2019-03-05,volatility_20,60,-0.024122368371771025
2019-03-06,volatility_20,60,-0.025487023517089504
2019-03-07,volatility_20,60,-0.025334842848135617
2019-03-08,volatility_20,60,-0.024384163091919146
2019-03-11,volatility_20,60,-0.019471839032761513
2019-03-12,volatility_20,60,-0.018612684294549257
2019-03-13,volatility_20,60,-0.01728532664957468
2019-03-14,volatility_20,60,-0.018572464068852403
2019-03-15,volatility_20,60,-0.019223091214800963
2019-03-18,volatility_20,60,-0.01584074844675961
2019-03-19,volatility_20,60,-0.00877445415509273
2019-03-20,volatility_20,60,-0.0034151716774554587
2019-03-21,volatility_20,60,0.0006827726736388975
2019-03-22,volatility_20,60,0.004615904580423573
2019-03-25,volatility_20,60,0.00261354750782724
2019-03-26,volatility_20,60,0.001294404464534739
2019-03-27,volatility_20,60,5.2141420837627124e-05
2019-03-28,volatility_20,60,-0.004056114284695455
2019-03-29,volatility_20,60,-0.004952831763289807
2019-04-01,volatility_20,60,-0.0044596040572236284
2019-04-02,volatility_20,60,-0.00492779736755356
2019-04-03,volatility_20,60,-0.005358990486679919
2019-04-04,volatility_20,60,-0.0015102379933446106
2019-04-08,volatility_20,60,0.003998721410582097
2019-04-09,volatility_20,60,0.009820163257940835
2019-04-10,volatility_20,60,0.01412953283195258
2019-04-11,volatility_20,60,0.01628956190755794
2019-04-12,volatility_20,60,0.016150255384765874
2019-04-15,volatility_20,60,0.014904035123203574
2019-04-16,volatility_20,60,0.01490655788257462
2019-04-17,volatility_20,60,0.014291211157519143
2019-04-18,volatility_20,60,0.020043300643583842
2019-04-19,volatility_20,60,0.026102255205167103
2019-04-22,volatility_20,60,0.02999155740826095
2019-04-23,volatility_20,60,0.03237958664762133
2019-04-24,volatility_20,60,0.03791977364089587
2019-04-25,volatility_20,60,0.042529087312193056
2019-04-26,volatility_20,60,0.048191332779641334
2019-04-29,volatility_20,60,0.052997174252897426
2019-04-30,volatility_20,60,0.059140265229268074
2019-05-06,volatility_20,60,0.06100568226561214
2019-05-07,volatility_20,60,0.06343803355915484
2019-05-08,volatility_20,60,0.06415573005407244
2019-05-09,volatility_20,60,0.06808628843374069
2019-05-10,volatility_20,60,0.07700986290025304
2019-05-13,volatility_20,60,0.08577305975378012
2019-05-14,volatility_20,60,0.09148066493181341
2019-05-15,volatility_20,60,0.0963276365486308
2019-05-16,volatility_20,60,0.10582637563758283
2019-05-17,volatility_20,60,0.11128387278320366
2019-05-20,volatility_20,60,0.11329611476813435
2019-05-21,volatility_20,60,0.11740276195899976
2019-05-22,volatility_20,60,0.12045842330433222
2019-05-23,volatility_20,60,0.1182296577836568
2019-05-24,volatility_20,60,0.11192235286944989
2019-05-27,volatility_20,60,0.11694377933697875
2019-05-28,volatility_20,60,0.121116504048458
2019-05-29,volatility_20,60,0.12659102906445244
2019-05-30,volatility_20,60,0.13157106958799947
2019-05-31,volatility_20,60,0.13516263235027068
2019-06-03,volatility_20,60,0.13476144168876683
2019-06-04,volatility_20,60,0.13273943947299027
2019-06-05,volatility_20,60,0.13137793423190358
2019-06-06,volatility_20,60,0.1299209107799978
2019-06-10,volatility_20,60,0.13208966198585792
2019-06-11,volatility_20,60,0.1356336349696846
2019-06-12,volatility_20,60,0.1387021921206379
2019-06-13,volatility_20,60,0.14234241440594744
2019-06-14,volatility_20,60,0.13911266310920561
2019-06-17,volatility_20,60,0.13332352326415278
2019-06-18,volatility_20,60,0.1271206234710447
2019-06-19,volatility_20,60,0.12318012957976616
2019-06-20,volatility_20,60,0.11636637169477528
2019-06-21,volatility_20,60,0.11717325049536796
2019-06-24,volatility_20,60,0.11904200292447525
2019-06-25,volatility_20,60,0.11987595388484402
2019-06-26,volatility_20,60,0.11984611837286632
2019-06-27,volatility_20,60,0.12117767773823047
2019-06-28,volatility_20,60,0.11900922695403589
2019-07-01,volatility_20,60,0.12065937775249733
2019-07-02,volatility_20,60,0.1229318345731029
2019-07-03,volatility_20,60,0.12526670387162767
2019-07-04,volatility_20,60,0.12544311106575848
2019-07-05,volatility_20,60,0.12479700345255479
2019-07-08,volatility_20,60,0.12034652608870429
2019-07-09,volatility_20,60,0.12033888658971649
2019-07-10,volatility_20,60,0.12051013412552607
2019-07-11,volatility_20,60,0.12097748125651281
2019-07-12,volatility_20,60,0.12108005625738985
2019-07-15,volatility_20,60,0.12341433008595624
2019-07-16,volatility_20,60,0.12329152524262407
2019-07-17,volatility_20,60,0.1180775207168556
2019-07-18,volatility_20,60,0.11089697486534358
2019-07-19,volatility_20,60,0.10491049610654239
2019-07-22,volatility_20,60,0.09881174917477228
2019-07-23,volatility_20,60,0.09068681831161808
2019-07-24,volatility_20,60,0.08525527545179235
2019-07-25,volatility_20,60,0.07904716977833441
2019-07-26,volatility_20,60,0.0751826001414202
2019-07-29,volatility_20,60,0.0740324584065414
2019-07-30,volatility_20,60,0.07633412072361555
2019-07-31,volatility_20,60,0.0792259967781964
2019-08-01,volatility_20,60,0.08588449665331403
2019-08-02,volatility_20,60,0.08973268385143944
2019-08-05,volatility_20,60,0.08434224692277358
2019-08-06,volatility_20,60,0.08007280785694514
2019-08-07,volatility_20,60,0.07675110074372363
2019-08-08,volatility_20,60,0.07271593993305815
2019-08-09,volatility_20,60,0.06618542190769011
2019-08-12,volatility_20,60,0.06101470863680389
2019-08-13,volatility_20,60,0.057631584929553364
2019-08-14,volatility_20,60,0.05194017993533253
2019-08-15,volatility_20,60,0.04962626394826903
2019-08-16,volatility_20,60,0.051043594198767535
2019-08-19,volatility_20,60,0.0543637060998994
2019-08-20,volatility_20,60,0.05528371168428558
2019-08-21,volatility_20,60,0.056446911833542675
2019-08-22,volatility_20,60,0.05898058350258262
2019-08-23,volatility_20,60,0.05982967158024817
2019-08-26,volatility_20,60,0.05958139065380063
2019-08-27,volatility_20,60,0.060902133634278995
2019-08-28,volatility_20,60,0.061074861351476245
2019-08-29,volatility_20,60,0.05852356830716036
2019-08-30,volatility_20,60,0.0554326675907567
2019-09-02,volatility_20,60,0.04647897290372337
2019-09-03,volatility_20,60,0.03713338111959327
2019-09-04,volatility_20,60,0.02904322067704666
2019-09-05,volatility_20,60,0.02239716687891742
2019-09-06,volatility_20,60,0.02206835731625952
2019-09-09,volatility_20,60,0.027983106429812755
2019-09-10,volatility_20,60,0.03145226364280164
2019-09-11,volatility_20,60,0.02895291207354788
2019-09-12,volatility_20,60,0.031249504463437557
2019-09-16,volatility_20,60,0.027036092112515096
2019-09-17,volatility_20,60,0.024116939551601775
2019-09-18,volatility_20,60,0.02549147425572557
2019-09-19,volatility_20,60,0.03170088125455816
2019-09-20,volatility_20,60,0.03483458381238622
2019-09-23,volatility_20,60,0.04131886260134542
2019-09-24,volatility_20,60,0.04481085387856536
2019-09-25,volatility_20,60,0.04695841199204967
2019-09-26,volatility_20,60,0.04216320783644624
2019-09-27,volatility_20,60,0.042671021296728937
2019-09-30,volatility_20,60,0.039725515409847034
2019-10-08,volatility_20,60,0.040032198203308056
2019-10-09,volatility_20,60,0.03977496457815006
2019-10-10,volatility_20,60,0.04144149999563694
2019-10-11,volatility_20,60,0.041492151073657654
2019-10-14,volatility_20,60,0.043566486482404215
2019-10-15,volatility_20,60,0.04228879519617749
2019-10-16,volatility_20,60,0.044071239058078554
2019-10-17,volatility_20,60,0.04814173884790569
2019-10-18,volatility_20,60,0.055661390935447766
2019-10-21,volatility_20,60,0.05771646953960353
2019-10-22,volatility_20,60,0.06220109201562062
2019-10-23,volatility_20,60,0.06642644065792629
2019-10-24,volatility_20,60,0.06711150119931993
2019-10-25,volatility_20,60,0.06893117234274292
2019-10-28,volatility_20,60,0.07016466804176626
2019-10-29,volatility_20,60,0.0685303827989117
2019-10-30,volatility_20,60,0.06791442290931655
2019-10-31,volatility_20,60,0.06507912900132093
2019-11-01,volatility_20,60,0.06007693323645977
2019-11-04,volatility_20,60,0.057253166459375435
2019-11-05,volatility_20,60,0.057167179084573964
2019-11-06,volatility_20,60,0.05409965088020264
2019-11-07,volatility_20,60,0.051860432538036606
2019-11-08,volatility_20,60,0.05081257291614554
2019-11-11,volatility_20,60,0.05045502810594742
2019-11-12,volatility_20,60,0.051302171278666146
2019-11-13,volatility_20,60,0.05330872424745123
2019-11-14,volatility_20,60,0.05685685919425524
2019-11-15,volatility_20,60,0.05862242257540345
2019-11-18,volatility_20,60,0.060801718837401
2019-11-19,volatility_20,60,0.06405639476644072
2019-11-20,volatility_20,60,0.06645078340069288
2019-11-21,volatility_20,60,0.06741083647117566
2019-11-22,volatility_20,60,0.06820561263137394
2019-11-25,volatility_20,60,0.06668422309115864
2019-11-26,volatility_20,60,0.06576303156215711
2019-11-27,volatility_20,60,0.06757546467727778
2019-11-28,volatility_20,60,0.06887004280009504
2019-11-29,volatility_20,60,0.06673632660301344
2019-12-02,volatility_20,60,0.06514252276876507
2019-12-03,volatility_20,60,0.06471679339958421
2019-12-04,volatility_20,60,0.0638230593754553
2019-12-05,volatility_20,60,0.06283142559209423
2019-12-06,volatility_20,60,0.0620368637240118
2019-12-09,volatility_20,60,0.05974225447764256
2019-12-10,volatility_20,60,0.0544091498522798
2019-12-11,volatility_20,60,0.0496928969345864
2019-12-12,volatility_20,60,0.050818617603994795
2019-12-13,volatility_20,60,0.05195440502144512
2019-12-16,volatility_20,60,0.05740124685006932
2019-12-17,volatility_20,60,0.06195137672923159
2019-12-18,volatility_20,60,0.06163417083706736
2019-12-19,volatility_20,60,0.05810543397583683
2019-12-20,volatility_20,60,0.05507784315831167
2019-12-23,volatility_20,60,0.0515914505602922
2019-12-24,volatility_20,60,0.04794157423485348
2019-12-25,volatility_20,60,0.04582803005832454
2019-12-26,volatility_20,60,0.05082106176073067
2019-12-27,volatility_20,60,0.04791375365714948
2019-12-30,volatility_20,60,0.045281617538724575
2019-12-31,volatility_20,60,0.04115846605617138
2020-01-02,volatility_20,60,0.03619204565756703
2020-01-03,volatility_20,60,0.0298686065927737
2020-01-06,volatility_20,60,0.02507803888277364
2020-01-07,volatility_20,60,0.021000461600071733
2020-01-08,volatility_20,60,0.016553365480038967
2020-01-09,volatility_20,60,0.010188965615582647
2020-01-10,volatility_20,60,0.003572388684097533
2020-01-13,volatility_20,60,-0.0022947970759832847
2020-01-14,volatility_20,60,-0.003000778529133024
2020-01-15,volatility_20,60,-0.005167064363864564
2020-01-16,volatility_20,60,-0.005793245447579073
2020-01-17,volatility_20,60,-0.003706176914519168
2020-01-20,volatility_20,60,-0.003706095670389256
2020-01-21,volatility_20,60,-0.005176546512265608
2020-01-22,volatility_20,60,-0.006657007080285459
2020-01-23,volatility_20,60,-0.008349521509876038
2020-02-03,volatility_20,60,-0.0100745059938917
2020-02-04,volatility_20,60,-0.012422087396978025
2020-02-05,volatility_20,60,-0.018230638990645653
2020-02-06,volatility_20,60,-0.022123736405711535
2020-02-07,volatility_20,60,-0.021575390725457742
2020-02-10,volatility_20,60,-0.020629450574070844
2020-02-11,volatility_20,60,-0.02312821559080673
2020-02-12,volatility_20,60,-0.022046818550011657
2020-02-13,volatility_20,60,-0.020323720315118015
2020-02-14,volatility_20,60,-0.021237512830888827
2020-02-17,volatility_20,60,-0.024416546563976464
2020-02-18,volatility_20,60,-0.02769226906781229
2020-02-19,volatility_20,60,-0.03041934817298814
2020-02-20,volatility_20,60,-0.03253158805976892
2020-02-21,volatility_20,60,-0.03141062261200942
2020-02-24,volatility_20,60,-0.02828892403246025
2020-02-25,volatility_20,60,-0.02522085572326692
2020-02-26,volatility_20,60,-0.020083514998876076
2020-02-27,volatility_20,60,-0.015660710617212994
2020-02-28,volatility_20,60,-0.018018364130731473
2020-03-02,volatility_20,60,-0.01350578677550625
2020-03-03,volatility_20,60,-0.003964421916136139
2020-03-04,volatility_20,60,0.004065759566164407
2020-03-05,volatility_20,60,0.012818869010200788
2020-03-06,volatility_20,60,0.018681278293167833
2020-03-09,volatility_20,60,0.024463942406207848
2020-03-10,volatility_20,60,0.03192168316776373
2020-03-11,volatility_20,60,0.03834629867825931
2020-03-12,volatility_20,60,0.03780042509145974
2020-03-13,volatility_20,60,0.041600470086089705
2020-03-16,volatility_20,60,0.04261093605362034
2020-03-17,volatility_20,60,0.04289004251126179
2020-03-18,volatility_20,60,0.040627321098490585
2020-03-19,volatility_20,60,0.043487797562493664
2020-03-20,volatility_20,60,0.047181214200546766
2020-03-23,volatility_20,60,0.04822048409951258
2020-03-24,volatility_20,60,0.05032139520954461
2020-03-25,volatility_20,60,0.04977894181597975
2020-03-26,volatility_20,60,0.044703839718131605
2020-03-27,volatility_20,60,0.04062879421565419
2020-03-30,volatility_20,60,0.030323744635320112
2020-03-31,volatility_20,60,0.029028382017928588
2020-04-01,volatility_20,60,0.030677803766202365
2020-04-02,volatility_20,60,0.0391691461821086
2020-04-03,volatility_20,60,0.04639429973220709
2020-04-07,volatility_20,60,0.05339502034228235
2020-04-08,volatility_20,60,0.058829861055578817
2020-04-09,volatility_20,60,0.06186130160636973
2020-04-10,volatility_20,60,0.06230156659682164
2020-04-13,volatility_20,60,0.06225820775086233
2020-04-14,volatility_20,60,0.06368920371363049
2020-04-15,volatility_20,60,0.06188577437979396
2020-04-16,volatility_20,60,0.060626730700549254
2020-04-17,volatility_20,60,0.06152077530764583
2020-04-20,volatility_20,60,0.06249339966655239
2020-04-21,volatility_20,60,0.06126292206377568
2020-04-22,volatility_20,60,0.06312796468387877
2020-04-23,volatility_20,60,0.06400180249393249
2020-04-24,volatility_20,60,0.06310056707861415
2020-04-27,volatility_20,60,0.06234920072736014
2020-04-28,volatility_20,60,0.06304827796517566
2020-04-29,volatility_20,60,0.0635388068659324
2020-04-30,volatility_20,60,0.06214010003336082
2020-05-06,volatility_20,60,0.06356919427488336
2020-05-07,volatility_20,60,0.06390553352556545
2020-05-08,volatility_20,60,0.06512641336599435
2020-05-11,volatility_20,60,0.07128950352784358
2020-05-12,volatility_20,60,0.07377001663561272
2020-05-13,volatility_20,60,0.07656641592756849
2020-05-14,volatility_20,60,0.07960525244138232
2020-05-15,volatility_20,60,0.08426374756851693
2020-05-18,volatility_20,60,0.09010594587176052
2020-05-19,volatility_20,60,0.09370050365132297
2020-05-20,volatility_20,60,0.09600110429022027
2020-05-21,volatility_20,60,0.09538161554722131
2020-05-22,volatility_20,60,0.09384411018485644
2020-05-25,volatility_20,60,0.08827212594679959
2020-05-26,volatility_20,60,0.08385450503567589
2020-05-27,volatility_20,60,0.07974473285144253
2020-05-28,volatility_20,60,0.07893556790677082
2020-05-29,volatility_20,60,0.07410930012080755
2020-06-01,volatility_20,60,0.0707949168505543
2020-06-02,volatility_20,60,0.07002756456445344
2020-06-03,volatility_20,60,0.06854844679490073
2020-06-04,volatility_20,60,0.0681585120767095
2020-06-05,volatility_20,60,0.06542281376838198
2020-06-08,volatility_20,60,0.059928943546416126
2020-06-09,volatility_20,60,0.05356560140096703
2020-06-10,volatility_20,60,0.05307347405363267
2020-06-11,volatility_20,60,0.04987863229278059
2020-06-12,volatility_20,60,0.045621888243148764
2020-06-15,volatility_20,60,0.03808262186192647
2020-06-16,volatility_20,60,0.03370956309964693
2020-06-17,volatility_20,60,0.025190430914898764
2020-06-18,volatility_20,60,0.016609557986974527
2020-06-19,volatility_20,60,0.009632345111282237
2020-06-22,volatility_20,60,0.004473382686145619
2020-06-23,volatility_20,60,0.002046469399707988
2020-06-24,volatility_20,60,0.004143403734109219
2020-06-29,volatility_20,60,0.007009150860399499
2020-06-30,volatility_20,60,0.013348031329949243
2020-07-01,volatility_20,60,0.014877332636623691
2020-07-02,volatility_20,60,0.01537914566574773
2020-07-03,volatility_20,60,0.006564917174426322
2020-07-06,volatility_20,60,-0.0013309175558685808
2020-07-07,volatility_20,60,-0.004598756085394987
2020-07-08,volatility_20,60,-0.004694486021058519
2020-07-09,volatility_20,60,-0.00261027716510831
2020-07-10,volatility_20,60,0.004069015194080714
2020-07-13,volatility_20,60,0.010319131751699321
2020-07-14,volatility_20,60,0.014185560054043188
2020-07-15,volatility_20,60,0.017118307112217797
2020-07-16,volatility_20,60,0.01741578641411316
2020-07-17,volatility_20,60,0.018991857862506668
2020-07-20,volatility_20,60,0.01932207570918406
2020-07-21,volatility_20,60,0.020647682120373198
2020-07-22,volatility_20,60,0.021628309917431386
2020-07-23,volatility_20,60,0.02562958222743429
2020-07-24,volatility_20,60,0.026910151513138313
2020-07-27,volatility_20,60,0.025728771870924174
2020-07-28,volatility_20,60,0.024995813083906415
2020-07-29,volatility_20,60,0.026592730633554218
2020-07-30,volatility_20,60,0.030559161477124695
2020-07-31,volatility_20,60,0.0337199300737914
2020-08-03,volatility_20,60,0.03820365559075336
2020-08-04,volatility_20,60,0.042411201701652704
2020-08-05,volatility_20,60,0.04763959995418553
2020-08-06,volatility_20,60,0.0538580714967511
2020-08-07,volatility_20,60,0.05888923149818863
2020-08-10,volatility_20,60,0.05958027496763025
2020-08-11,volatility_20,60,0.057969507608969996
2020-08-12,volatility_20,60,0.05570402225025892
2020-08-13,volatility_20,60,0.05645312997500252
2020-08-14,volatility_20,60,0.055692031041815165
2020-08-17,volatility_20,60,0.057104146290549065
2020-08-18,volatility_20,60,0.05831026383885317
2020-08-19,volatility_20,60,0.060443840584835415
2020-08-20,volatility_20,60,0.05915854613231935
2020-08-21,volatility_20,60,0.05862013299235413
2020-08-24,volatility_20,60,0.06095707317921626
2020-08-25,volatility_20,60,0.06162697572626777
2020-08-26,volatility_20,60,0.06055590078825178
2020-08-27,volatility_20,60,0.0587084695320141
2020-08-28,volatility_20,60,0.058534699189484285
2020-08-31,volatility_20,60,0.06082044965649533
2020-09-01,volatility_20,60,0.06512152953059566
2020-09-02,volatility_20,60,0.06980830744229037
2020-09-03,volatility_20,60,0.07783482424865223
2020-09-04,volatility_20,60,0.08374301538263303
2020-09-07,volatility_20,60,0.08497595670398699
2020-09-08,volatility_20,60,0.0867535192474774
2020-09-09,volatility_20,60,0.0893592481247373
2020-09-10,volatility_20,60,0.08385988509857942
2020-09-11,volatility_20,60,0.08267427599553469
2020-09-14,volatility_20,60,0.08773310037017894
2020-09-15,volatility_20,60,0.09461407683817684
2020-09-16,volatility_20,60,0.09563946064661505
2020-09-17,volatility_20,60,0.09972260735317147
2020-09-18,volatility_20,60,0.10163715150202059
2020-09-21,volatility_20,60,0.1035618860252694
2020-09-22,volatility_20,60,0.10375326440895188
2020-09-23,volatility_20,60,0.10720819943292641
2020-09-24,volatility_20,60,0.10630222192489748
2020-09-25,volatility_20,60,0.10516585609169724
2020-09-28,volatility_20,60,0.10034747239920998
2020-09-29,volatility_20,60,0.09330812515154634
2020-09-30,volatility_20,60,0.0835150684934352
2020-10-09,volatility_20,60,0.07483866603742585
2020-10-12,volatility_20,60,0.06822032542151175
2020-10-13,volatility_20,60,0.06302270336440906
2020-10-14,volatility_20,60,0.06189409200129551
2020-10-15,volatility_20,60,0.0635241004094815
2020-10-16,volatility_20,60,0.0694101681195744
2020-10-19,volatility_20,60,0.07154567994094516
2020-10-20,volatility_20,60,0.07293719466493113
2020-10-21,volatility_20,60,0.06918551184025959
2020-10-22,volatility_20,60,0.06647167186696284
2020-10-23,volatility_20,60,0.06498730466219194
2020-10-26,volatility_20,60,0.06683858070867213
2020-10-27,volatility_20,60,0.07088575636305318
2020-10-28,volatility_20,60,0.07459165262463863
2020-10-29,volatility_20,60,0.07563633142694952
2020-10-30,volatility_20,60,0.07564708001567692
2020-11-02,volatility_20,60,0.07434066254097754
2020-11-03,volatility_20,60,0.07287433944426383
2020-11-04,volatility_20,60,0.074191102380652
2020-11-05,volatility_20,60,0.07342652558071154
2020-11-06,volatility_20,60,0.0701511647975439
2020-11-09,volatility_20,60,0.06829179162390621
2020-11-10,volatility_20,60,0.07147940713140293
2020-11-11,volatility_20,60,0.07602952086058004
2020-11-12,volatility_20,60,0.07989081667507822
2020-11-13,volatility_20,60,0.08112756800214814
2020-11-16,volatility_20,60,0.08184623834175841
2020-11-17,volatility_20,60,0.07692798471399068
2020-11-18,volatility_20,60,0.07264069886427972
2020-11-19,volatility_20,60,0.07046395270709804
2020-11-20,volatility_20,60,0.07309133613905013
2020-11-23,volatility_20,60,0.07594049702219069
2020-11-24,volatility_20,60,0.07721909363285945
2020-11-25,volatility_20,60,0.07726338036435186
2020-11-26,volatility_20,60,0.07896295760428966
2020-11-27,volatility_20,60,0.07902099463767678
2020-11-30,volatility_20,60,0.07663376297244455
2020-12-01,volatility_20,60,0.07242382485104344
2020-12-02,volatility_20,60,0.06824344185901116
2020-12-03,volatility_20,60,0.06150918647933961
2020-12-04,volatility_20,60,0.056173187938118346
2020-12-07,volatility_20,60,0.05051909356785113
2020-12-08,volatility_20,60,0.04827223170428046
2020-12-09,volatility_20,60,0.0478607386303546
2020-12-10,volatility_20,60,0.04953865268558497
2020-12-11,volatility_20,60,0.05368822668861997
2020-12-14,volatility_20,60,0.05459806975338324
2020-12-15,volatility_20,60,0.05077297646328543
2020-12-16,volatility_20,60,0.0448051332746453
2020-12-17,volatility_20,60,0.04457293128371959
2020-12-18,volatility_20,60,0.04091067916868059
2020-12-21,volatility_20,60,0.03772138507854537
2020-12-22,volatility_20,60,0.03332017922574021
2020-12-23,volatility_20,60,0.03309864166974928
2020-12-24,volatility_20,60,0.029647289767005557
2020-12-25,volatility_20,60,0.030599080474836126
2020-12-28,volatility_20,60,0.035509615170815426
2020-12-29,volatility_20,60,0.041080770227448576
2020-12-30,volatility_20,60,0.044700969804546936
2020-12-31,volatility_20,60,0.049872053037490253
2021-01-04,volatility_20,60,0.0544060776134104
2021-01-05,volatility_20,60,0.055237107643815044
2021-01-06,volatility_20,60,0.05656740705438931
2021-01-07,volatility_20,60,0.057139942124072925
2021-01-08,volatility_20,60,0.05906320575146962
2021-01-11,volatility_20,60,0.05615450191879951
2021-01-12,volatility_20,60,0.05594146621193739
2021-01-13,volatility_20,60,0.05510983806716222
2021-01-14,volatility_20,60,0.057252367386498096
2021-01-15,volatility_20,60,0.05723319158794788
2021-01-18,volatility_20,60,0.056545970826571444
2021-01-19,volatility_20,60,0.05674991240732871
2021-01-20,volatility_20,60,0.057538816686617006
2021-01-21,volatility_20,60,0.05874773182606726
2021-01-22,volatility_20,60,0.062217434820368595
2021-01-25,volatility_20,60,0.06693751790850833
2021-01-26,volatility_20,60,0.0672663744639996
2021-01-27,volatility_20,60,0.06826504307211252
2021-01-28,volatility_20,60,0.06536806498097389
2021-01-29,volatility_20,60,0.06364096072135819
2021-02-01,volatility_20,60,0.06470796747071078
2021-02-02,volatility_20,60,0.06487596809734629
2021-02-03,volatility_20,60,0.062022626839579174
2021-02-04,volatility_20,60,0.05920601466105499
2021-02-05,volatility_20,60,0.05389925446917855
2021-02-08,volatility_20,60,0.05023076245780067
2021-02-09,volatility_20,60,0.048383819430945794
2021-02-10,volatility_20,60,0.04981711380622397
2021-02-18,volatility_20,60,0.053396118474475326
2021-02-19,volatility_20,60,0.056706300359352646
2021-02-22,volatility_20,60,0.054080056303920924
2021-02-23,volatility_20,60,0.0522112378998689
2021-02-24,volatility_20,60,0.050195030937208694
2021-02-25,volatility_20,60,0.05027493767100015
2021-02-26,volatility_20,60,0.049136497138265435
2021-03-01,volatility_20,60,0.053414398397855334
2021-03-02,volatility_20,60,0.05793333069571331
2021-03-03,volatility_20,60,0.06388900202012351
2021-03-04,volatility_20,60,0.06750792756733821
2021-03-05,volatility_20,60,0.0729737500991391
2021-03-08,volatility_20,60,0.07483176152064981
2021-03-09,volatility_20,60,0.07660604162186027
2021-03-10,volatility_20,60,0.07843106347246163
2021-03-11,volatility_20,60,0.0817336506717607
2021-03-12,volatility_20,60,0.08468600813460674
2021-03-15,volatility_20,60,0.08666879835374415
2021-03-16,volatility_20,60,0.08892917197808277
2021-03-17,volatility_20,60,0.09326135347011383
2021-03-18,volatility_20,60,0.09829423957607093
2021-03-19,volatility_20,60,0.10073473427240603
2021-03-22,volatility_20,60,0.10158319018230186
2021-03-23,volatility_20,60,0.10014388756414758
2021-03-24,volatility_20,60,0.09730159953261588
2021-03-25,volatility_20,60,0.09160461992632542
2021-03-26,volatility_20,60,0.08844249161882144
2021-03-29,volatility_20,60,0.08712274116144904
2021-03-30,volatility_20,60,0.08720873766507739
2021-03-31,volatility_20,60,0.08947108234864248
2021-04-01,volatility_20,60,0.09401547242593102
2021-04-02,volatility_20,60,0.09800108385904975
2021-04-06,volatility_20,60,0.10069761119992854
2021-04-07,volatility_20,60,0.10508259182057018
2021-04-08,volatility_20,60,0.10884997161071591
2021-04-09,volatility_20,60,0.10939616961688829
2021-04-12,volatility_20,60,0.10736418293739657
2021-04-13,volatility_20,60,0.10633090141514392
2021-04-14,volatility_20,60,0.10621920601058198
2021-04-15,volatility_20,60,0.1053942916324181
2021-04-16,volatility_20,60,0.10610995394015538
2021-04-19,volatility_20,60,0.10839592297454806
2021-04-20,volatility_20,60,0.11072820316543149
2021-04-21,volatility_20,60,0.11150860579728165
2021-04-22,volatility_20,60,0.11334274870427477
2021-04-23,volatility_20,60,0.11304116452769783
2021-04-26,volatility_20,60,0.11160120816991229
2021-04-27,volatility_20,60,0.11061744807134562
2021-04-28,volatility_20,60,0.11294711881069114
2021-04-29,volatility_20,60,0.11214238918412843
2021-04-30,volatility_20,60,0.11193463448532702
2021-05-06,volatility_20,60,0.10813560156864234
2021-05-07,volatility_20,60,0.10220122126069418
2021-05-10,volatility_20,60,0.09723498171531578
2021-05-11,volatility_20,60,0.09470516259106194
2021-05-12,volatility_20,60,0.0931592675516357
2021-05-13,volatility_20,60,0.09268716694037947
2021-05-14,volatility_20,60,0.09026989900261292
2021-05-17,volatility_20,60,0.08717164292042369
2021-05-18,volatility_20,60,0.08534196293194493
2021-05-19,volatility_20,60,0.07982999808907515
2021-05-20,volatility_20,60,0.07568091096439836
2021-05-21,volatility_20,60,0.07769738426041556
2021-05-24,volatility_20,60,0.0768061999162813
2021-05-25,volatility_20,60,0.07521245212507978
2021-05-26,volatility_20,60,0.07469132480963762
2021-05-27,volatility_20,60,0.07475292879392495
2021-05-28,volatility_20,60,0.07055473637774724
2021-05-31,volatility_20,60,0.0683963945902871
2021-06-01,volatility_20,60,0.06734113959964598
2021-06-02,volatility_20,60,0.06746408519937774
2021-06-03,volatility_20,60,0.06558972316569499
2021-06-04,volatility_20,60,0.06569201734166848
2021-06-07,volatility_20,60,0.06669798315729465
2021-06-08,volatility_20,60,0.06893071282714461
2021-06-09,volatility_20,60,0.06657787173231584
2021-06-10,volatility_20,60,0.06318609450371812
2021-06-11,volatility_20,60,0.06088651829150456
2021-06-15,volatility_20,60,0.0579131431366356
2021-06-16,volatility_20,60,0.05173353378084145
2021-06-17,volatility_20,60,0.04966311773756626
2021-06-18,volatility_20,60,0.048429805079421163
2021-06-21,volatility_20,60,0.04748036080335228
2021-06-22,volatility_20,60,0.04978995138889252
2021-06-23,volatility_20,60,0.051898234049345786
2021-06-24,volatility_20,60,0.055183988557977015
2021-06-25,volatility_20,60,0.05727484638901624
2021-06-28,volatility_20,60,0.059109261532397046
2021-06-29,volatility_20,60,0.06058091405829503
2021-06-30,volatility_20,60,0.06054599304023349
2021-07-01,volatility_20,60,0.05549220590889447
2021-07-02,volatility_20,60,0.051270523085504074
2021-07-05,volatility_20,60,0.04638049437440498
2021-07-06,volatility_20,60,0.04065278540351293
2021-07-07,volatility_20,60,0.03744069316249966
2021-07-08,volatility_20,60,0.03549767842905605
2021-07-09,volatility_20,60,0.033946438981095395
2021-07-12,volatility_20,60,0.03382220813726861
2021-07-13,volatility_20,60,0.029031602605856452
2021-07-14,volatility_20,60,0.023778674505891544
2021-07-15,volatility_20,60,0.020594847564537992
2021-07-16,volatility_20,60,0.016790839272333238
2021-07-19,volatility_20,60,0.012592380347237515
2021-07-20,volatility_20,60,0.011455613503707007
2021-07-21,volatility_20,60,0.01123739110185949
2021-07-22,volatility_20,60,0.008495372539012839
2021-07-23,volatility_20,60,0.006647531835963649
2021-07-26,volatility_20,60,0.004505125100251921
2021-07-27,volatility_20,60,0.0016207141270198212
2021-07-28,volatility_20,60,-0.0032629325550533584
2021-07-29,volatility_20,60,-0.004255275233432636
2021-07-30,volatility_20,60,-0.005845492872144477
2021-08-02,volatility_20,60,-0.004126047207508265
2021-08-03,volatility_20,60,-0.006977833279158048
2021-08-04,volatility_20,60,-0.007163645428171312
2021-08-05,volatility_20,60,-0.007715473386398454
2021-08-06,volatility_20,60,-0.006948264050759596
2021-08-09,volatility_20,60,-0.005799429738557929
2021-08-10,volatility_20,60,-0.0023338354235990077
2021-08-11,volatility_20,60,0.0010976437463306927
2021-08-12,volatility_20,60,0.004381103379780462
2021-08-13,volatility_20,60,0.007311024512259507
2021-08-16,volatility_20,60,0.005792814725115656
2021-08-17,volatility_20,60,0.0049914907766677044
2021-08-18,volatility_20,60,0.005181325386851237
2021-08-19,volatility_20,60,0.0041025657789802135
2021-08-20,volatility_20,60,0.002194808868665584
2021-08-23,volatility_20,60,0.0003896526613204982
2021-08-24,volatility_20,60,-0.00101114124197799
2021-08-25,volatility_20,60,-0.003222934900134855
2021-08-26,volatility_20,60,-0.007672036785919462
2021-08-27,volatility_20,60,-0.008601610041221714
2021-08-30,volatility_20,60,-0.007340698028160899
2021-08-31,volatility_20,60,-0.007065460079239128
2021-09-01,volatility_20,60,-0.008656484773441098
2021-09-02,volatility_20,60,-0.004307882272684146
2021-09-03,volatility_20,60,-0.00021556259692603283
2021-09-06,volatility_20,60,0.00925584400267343
2021-09-07,volatility_20,60,0.01774659107108244
2021-09-08,volatility_20,60,0.02245902662013198
2021-09-09,volatility_20,60,0.024592333363005252
2021-09-10,volatility_20,60,0.028643527522360938
2021-09-13,volatility_20,60,0.03035678779855108
2021-09-14,volatility_20,60,0.033531731734396594
2021-09-15,volatility_20,60,0.037710052334677585
2021-09-16,volatility_20,60,0.03999881071838999
2021-09-17,volatility_20,60,0.042570038122810815
2021-09-22,volatility_20,60,0.046972409908806065
2021-09-23,volatility_20,60,0.046934710459809896
2021-09-24,volatility_20,60,0.051705081082375565
2021-09-27,volatility_20,60,0.06061346110739829
2021-09-28,volatility_20,60,0.06868031819518255
2021-09-29,volatility_20,60,0.0730905608483604
2021-09-30,volatility_20,60,0.07964665831689666
2021-10-08,volatility_20,60,0.08188140680846279
2021-10-11,volatility_20,60,0.0806429520029321
2021-10-12,volatility_20,60,0.07840774495771813
2021-10-13,volatility_20,60,0.07321632632894652
2021-10-14,volatility_20,60,0.0695460990065338
2021-10-15,volatility_20,60,0.06762124296127245
2021-10-18,volatility_20,60,0.06550344514137381
2021-10-19,volatility_20,60,0.06340925384129628
2021-10-20,volatility_20,60,0.05954057247131938
2021-10-21,volatility_20,60,0.05669122033158112
2021-10-22,volatility_20,60,0.05110925376813476
2021-10-25,volatility_20,60,0.050712080699240755
2021-10-26,volatility_20,60,0.05081538996212733
2021-10-27,volatility_20,60,0.0516484395755663
2021-10-28,volatility_20,60,0.05068620437284973
2021-10-29,volatility_20,60,0.05294793060778872
2021-11-01,volatility_20,60,0.051842661685352995
2021-11-02,volatility_20,60,0.051920799281865465
2021-11-03,volatility_20,60,0.05100707699416267
2021-11-04,volatility_20,60,0.055160805687287436
2021-11-05,volatility_20,60,0.05465903196368547
2021-11-08,volatility_20,60,0.05537723498632557
2021-11-09,volatility_20,60,0.05566170838018046
2021-11-10,volatility_20,60,0.056206405023521484
2021-11-11,volatility_20,60,0.05235191134182226
2021-11-12,volatility_20,60,0.04737307730854579
2021-11-15,volatility_20,60,0.04168225240614854
2021-11-16,volatility_20,60,0.037710099816510585
2021-11-17,volatility_20,60,0.03865023473345081
2021-11-18,volatility_20,60,0.04164459705339471
2021-11-19,volatility_20,60,0.043998524264102654
2021-11-22,volatility_20,60,0.045354388067304456
2021-11-23,volatility_20,60,0.0490062764111038
2021-11-24,volatility_20,60,0.051772520807181505
2021-11-25,volatility_20,60,0.0541727488456686
2021-11-26,volatility_20,60,0.055575231548665824
2021-11-29,volatility_20,60,0.05976103614595815
2021-11-30,volatility_20,60,0.06371104352910101
2021-12-01,volatility_20,60,0.06259874833763164
2021-12-02,volatility_20,60,0.06304571199876584
2021-12-03,volatility_20,60,0.06288869779863313
2021-12-06,volatility_20,60,0.060454690429499726
2021-12-07,volatility_20,60,0.05671091693293973
2021-12-08,volatility_20,60,0.05248428213327352
2021-12-09,volatility_20,60,0.047135844548158626
2021-12-10,volatility_20,60,0.04987433446461315
2021-12-13,volatility_20,60,0.05266371916107486
2021-12-14,volatility_20,60,0.05414774659842419
2021-12-15,volatility_20,60,0.057936068034186224
2021-12-16,volatility_20,60,0.0586051118759151
2021-12-17,volatility_20,60,0.05929701305877031
2021-12-20,volatility_20,60,0.06173453749026079
2021-12-21,volatility_20,60,0.0618532610061244
2021-12-22,volatility_20,60,0.06088207557325841
2021-12-23,volatility_20,60,0.06226200853385484
2021-12-24,volatility_20,60,0.059722844198692
2021-12-27,volatility_20,60,0.057528931693762046
2021-12-28,volatility_20,60,0.055211388262103055
2021-12-29,volatility_20,60,0.05688417943118081
2021-12-30,volatility_20,60,0.05940244725317553
2021-12-31,volatility_20,60,0.06296426015315743
2022-01-04,volatility_20,60,0.0692553239005486
2022-01-05,volatility_20,60,0.07506092091512837
2022-01-06,volatility_20,60,0.08294648813368904
2022-01-07,volatility_20,60,0.08926933169191356
2022-01-10,volatility_20,60,0.09379963439696425
2022-01-11,volatility_20,60,0.09806192928710504
2022-01-12,volatility_20,60,0.10393019143148913
2022-01-13,volatility_20,60,0.11121602676512997
2022-01-14,volatility_20,60,0.11900511199390966
2022-01-17,volatility_20,60,0.12384315755392022
2022-01-18,volatility_20,60,0.12687604724879115
2022-01-19,volatility_20,60,0.12872051442165974
2022-01-20,volatility_20,60,0.12877854695066598
2022-01-21,volatility_20,60,0.13055394126679862
2022-01-24,volatility_20,60,0.13492820167608396
2022-01-25,volatility_20,60,0.13883788805817573
2022-01-26,volatility_20,60,0.1416271756245597
2022-01-27,volatility_20,60,0.14344048242421295
2022-01-28,volatility_20,60,0.14450845429816644
2022-02-07,volatility_20,60,0.1451127802265043
2022-02-08,volatility_20,60,0.14358114294744165
2022-02-09,volatility_20,60,0.14361386093649828
2022-02-10,volatility_20,60,0.14184312607689353
2022-02-11,volatility_20,60,0.14048981665555269
2022-02-14,volatility_20,60,0.13946096430968088
2022-02-15,volatility_20,60,0.14026994861308023
2022-02-16,volatility_20,60,0.13956129161752268
2022-02-17,volatility_20,60,0.13748111748574418
2022-02-18,volatility_20,60,0.13426874408275793
2022-02-21,volatility_20,60,0.1336301367863912
2022-02-22,volatility_20,60,0.13345363508931693
2022-02-23,volatility_20,60,0.1303171707727261
2022-02-24,volatility_20,60,0.1268229049077166
2022-02-25,volatility_20,60,0.12292665779788296
2022-02-28,volatility_20,60,0.11894860438480565
2022-03-01,volatility_20,60,0.11576113563008801
2022-03-02,volatility_20,60,0.11162703155216568
2022-03-03,volatility_20,60,0.10850368734025692
2022-03-04,volatility_20,60,0.10532016063742913
2022-03-07,volatility_20,60,0.1041872333320065
2022-03-08,volatility_20,60,0.10071429704297816
2022-03-09,volatility_20,60,0.10094354911999705
2022-03-10,volatility_20,60,0.09751263995309853
2022-03-11,volatility_20,60,0.09550988032464411
2022-03-14,volatility_20,60,0.08975797002259044
2022-03-15,volatility_20,60,0.08468307790468534
2022-03-16,volatility_20,60,0.07993541612795275
2022-03-17,volatility_20,60,0.07711603744968808
2022-03-18,volatility_20,60,0.07572657639219327
2022-03-21,volatility_20,60,0.07554503599855283
2022-03-22,volatility_20,60,0.07307438878498487
2022-03-23,volatility_20,60,0.07193770893737718
2022-03-24,volatility_20,60,0.07299990620629367
2022-03-25,volatility_20,60,0.0735195389565631
2022-03-28,volatility_20,60,0.07543415463805792
2022-03-29,volatility_20,60,0.07597092002047748
2022-03-30,volatility_20,60,0.07571830139519393
2022-03-31,volatility_20,60,0.07445143950599092
2022-04-01,volatility_20,60,0.07003949712714647
2022-04-06,volatility_20,60,0.06720757190268571
2022-04-07,volatility_20,60,0.06393806486650079
2022-04-08,volatility_20,60,0.0641011974843238
2022-04-11,volatility_20,60,0.06482477147634907
2022-04-12,volatility_20,60,0.06504783363728348
2022-04-13,volatility_20,60,0.0673027674373321
2022-04-14,volatility_20,60,0.07094185010954225
2022-04-15,volatility_20,60,0.0733770746070824
2022-04-18,volatility_20,60,0.07462747909347837
2022-04-19,volatility_20,60,0.07196064527914835
2022-04-20,volatility_20,60,0.06901979926629535
2022-04-21,volatility_20,60,0.06540172296710871
2022-04-22,volatility_20,60,0.06125158693602471
2022-04-25,volatility_20,60,0.059174883625551004
2022-04-26,volatility_20,60,0.05923342905264886
2022-04-27,volatility_20,60,0.056264269904670844
2022-04-28,volatility_20,60,0.051959824684744915
2022-04-29,volatility_20,60,0.04631307393250029
2022-05-05,volatility_20,60,0.040362197451012376
2022-05-06,volatility_20,60,0.03623335557849397
2022-05-09,volatility_20,60,0.034628236251566
2022-05-10,volatility_20,60,0.03185964977212755
2022-05-11,volatility_20,60,0.029805084780488465
2022-05-12,volatility_20,60,0.030410850692497816
2022-05-13,volatility_20,60,0.03250248859553223
2022-05-16,volatility_20,60,0.03375403192484113
2022-05-17,volatility_20,60,0.03567806219543588
2022-05-18,volatility_20,60,0.03827189734071235
2022-05-19,volatility_20,60,0.04122092803479485
2022-05-20,volatility_20,60,0.0455183895405527
2022-05-23,volatility_20,60,0.04984822917884872
2022-05-24,volatility_20,60,0.05476960039253464
2022-05-25,volatility_20,60,0.05911571793743329
2022-05-26,volatility_20,60,0.06443411118008371
2022-05-27,volatility_20,60,0.06751116104513905
2022-05-30,volatility_20,60,0.06901837302867914
2022-05-31,volatility_20,60,0.07022232463500604
2022-06-01,volatility_20,60,0.070187020401506
2022-06-02,volatility_20,60,0.07065201270803895
2022-06-06,volatility_20,60,0.07182138704217193
2022-06-07,volatility_20,60,0.07289422942118746
2022-06-08,volatility_20,60,0.07595141374705602
2022-06-09,volatility_20,60,0.07713176606577504
2022-06-10,volatility_20,60,0.0792970797443621
2022-06-13,volatility_20,60,0.08115499423045508
2022-06-14,volatility_20,60,0.08333711597889133
2022-06-15,volatility_20,60,0.08018281902242644
2022-06-16,volatility_20,60,0.07672291827795981
2022-06-17,volatility_20,60,0.07098508323887677
2022-06-20,volatility_20,60,0.06628726855010716
2022-06-21,volatility_20,60,0.059053375018696695
2022-06-22,volatility_20,60,0.05859604129316343
2022-06-23,volatility_20,60,0.058161781886914475
2022-06-24,volatility_20,60,0.056211048877038775
2022-06-27,volatility_20,60,0.05556407064678339
2022-06-28,volatility_20,60,0.05497692363379755
2022-06-29,volatility_20,60,0.051324000708027256
2022-06-30,volatility_20,60,0.04765914470174139
2022-07-01,volatility_20,60,0.04694559066907402
2022-07-04,volatility_20,60,0.04752230237237053
2022-07-05,volatility_20,60,0.048626610771595975
2022-07-06,volatility_20,60,0.04889852605743117
2022-07-07,volatility_20,60,0.047081454867234376
2022-07-08,volatility_20,60,0.038905016402283596
2022-07-11,volatility_20,60,0.0334205729025379
2022-07-12,volatility_20,60,0.027947095675477367
2022-07-13,volatility_20,60,0.021071814127608772
2022-07-14,volatility_20,60,0.016410622638185993
2022-07-15,volatility_20,60,0.015415033539468754
2022-07-18,volatility_20,60,0.01686010047064314
2022-07-19,volatility_20,60,0.018781241268627076
2022-07-20,volatility_20,60,0.020704454829201788
2022-07-21,volatility_20,60,0.024636744910823422
2022-07-22,volatility_20,60,0.025956082672326044
2022-07-25,volatility_20,60,0.024408821643163096
2022-07-26,volatility_20,60,0.025305466080150642
2022-07-27,volatility_20,60,0.029211662540917283
2022-07-28,volatility_20,60,0.03485667073741586
2022-07-29,volatility_20,60,0.0423813509325779
2022-08-01,volatility_20,60,0.04606986884219998
2022-08-02,volatility_20,60,0.0469701535172377
2022-08-03,volatility_20,60,0.046190316742249944
2022-08-04,volatility_20,60,0.044845053020814284
2022-08-05,volatility_20,60,0.04316444965317998
2022-08-08,volatility_20,60,0.041357277993190916
2022-08-09,volatility_20,60,0.03952574619090997
2022-08-10,volatility_20,60,0.04120913006469011
2022-08-11,volatility_20,60,0.037824428479361516
2022-08-12,volatility_20,60,0.03319828105277033
2022-08-15,volatility_20,60,0.03051611391999453
2022-08-16,volatility_20,60,0.026666243757992293
2022-08-17,volatility_20,60,0.023831130802871008
2022-08-18,volatility_20,60,0.02436459709210493
2022-08-19,volatility_20,60,0.025231700582289796
2022-08-22,volatility_20,60,0.026772750456203927
2022-08-23,volatility_20,60,0.03146111905171935
2022-08-24,volatility_20,60,0.03648230909884613
2022-08-25,volatility_20,60,0.04245845964637037
2022-08-26,volatility_20,60,0.047688286607935004
2022-08-29,volatility_20,60,0.05302565664001401
2022-08-30,volatility_20,60,0.055801845504659456
2022-08-31,volatility_20,60,0.04977236897018554
2022-09-01,volatility_20,60,0.043964996128992566
2022-09-02,volatility_20,60,0.043086775000016106
2022-09-05,volatility_20,60,0.04288094220970416
2022-09-06,volatility_20,60,0.046197584997654875
2022-09-07,volatility_20,60,0.05635201404617773
2022-09-08,volatility_20,60,0.06546425187311183
2022-09-09,volatility_20,60,0.07272908360954414
2022-09-13,volatility_20,60,0.07600034552528423
2022-09-14,volatility_20,60,0.08117535667241585
2022-09-15,volatility_20,60,0.0759410430943773
2022-09-16,volatility_20,60,0.07478733994905683
2022-09-19,volatility_20,60,0.07040988790674588
2022-09-20,volatility_20,60,0.06869567492853407
2022-09-21,volatility_20,60,0.06933951867450533
2022-09-22,volatility_20,60,0.07216139641940598
2022-09-23,volatility_20,60,0.0761749164935825
2022-09-26,volatility_20,60,0.08104293711385117
2022-09-27,volatility_20,60,0.08227178372776754
2022-09-28,volatility_20,60,0.07801050328713072
2022-09-29,volatility_20,60,0.07589560668266628
2022-09-30,volatility_20,60,0.07206453031437274
2022-10-10,volatility_20,60,0.07502681240667611
2022-10-11,volatility_20,60,0.07802220982855504
2022-10-12,volatility_20,60,0.08219122971096542
2022-10-13,volatility_20,60,0.08530572151483626
2022-10-14,volatility_20,60,0.08662995449929171
2022-10-17,volatility_20,60,0.08310151735050979
2022-10-18,volatility_20,60,0.0788253960740277
2022-10-19,volatility_20,60,0.07636469342370159
2022-10-20,volatility_20,60,0.07648530702717891
2022-10-21,volatility_20,60,0.07546999587590363
2022-10-24,volatility_20,60,0.07789161203228998
2022-10-25,volatility_20,60,0.08079899778067542
2022-10-26,volatility_20,60,0.08024438100551509
2022-10-27,volatility_20,60,0.07451606133303372
2022-10-28,volatility_20,60,0.07036315910982308
2022-10-31,volatility_20,60,0.06357618775653726
2022-11-01,volatility_20,60,0.05897024697592715
2022-11-02,volatility_20,60,0.057379216404194064
2022-11-03,volatility_20,60,0.062346206566160835
2022-11-04,volatility_20,60,0.06759697417830982
2022-11-07,volatility_20,60,0.07442257552442186
2022-11-08,volatility_20,60,0.08044321309605572
2022-11-09,volatility_20,60,0.08758668350672685
2022-11-10,volatility_20,60,0.09004502711292091
2022-11-11,volatility_20,60,0.09550913981010994
2022-11-14,volatility_20,60,0.09808557639480801
2022-11-15,volatility_20,60,0.10329077011671142
2022-11-16,volatility_20,60,0.10583653807452943
2022-11-17,volatility_20,60,0.1047143714414818
2022-11-18,volatility_20,60,0.10332711944896714
2022-11-21,volatility_20,60,0.10319795843588787
2022-11-22,volatility_20,60,0.10147889662144112
2022-11-23,volatility_20,60,0.09815722670009747
2022-11-24,volatility_20,60,0.09288843927877781
2022-11-25,volatility_20,60,0.08523511592203244
2022-11-28,volatility_20,60,0.08219466646446018
2022-11-29,volatility_20,60,0.07998085461241485
2022-11-30,volatility_20,60,0.07874042586408583
2022-12-01,volatility_20,60,0.085591979975338
2022-12-02,volatility_20,60,0.09203945543771037
2022-12-05,volatility_20,60,0.089595598429309
2022-12-06,volatility_20,60,0.08995538844896388
2022-12-07,volatility_20,60,0.086869079527987
2022-12-08,volatility_20,60,0.07922276604933341
2022-12-09,volatility_20,60,0.07466353307329639
2022-12-12,volatility_20,60,0.0755762704176343
2022-12-13,volatility_20,60,0.07717702928338922
2022-12-14,volatility_20,60,0.07873077079782502
2022-12-15,volatility_20,60,0.08596240874698312
2022-12-16,volatility_20,60,0.08926570545759721
2022-12-19,volatility_20,60,0.09208470307776989
2022-12-20,volatility_20,60,0.09321041094855519
2022-12-21,volatility_20,60,0.09106697143678348
2022-12-22,volatility_20,60,0.0886553989856136
2022-12-23,volatility_20,60,0.08570063959793767
2022-12-26,volatility_20,60,0.07923985272184002
2022-12-27,volatility_20,60,0.07480329243228574
2022-12-28,volatility_20,60,0.07460732379760507
2022-12-29,volatility_20,60,0.07315908541855548
2022-12-30,volatility_20,60,0.07372520893169443
2023-01-03,volatility_20,60,0.07278111504862704
2023-01-04,volatility_20,60,0.07350487438524338
2023-01-05,volatility_20,60,0.07367492460825249
2023-01-06,volatility_20,60,0.07549592116183139
2023-01-09,volatility_20,60,0.07617629764391715
2023-01-10,volatility_20,60,0.08214443133883716
2023-01-11,volatility_20,60,0.08683066188800599
2023-01-12,volatility_20,60,0.09224860593854554
2023-01-13,volatility_20,60,0.09522807200133351
2023-01-16,volatility_20,60,0.09728547594543796
2023-01-17,volatility_20,60,0.09701935330055203
2023-01-18,volatility_20,60,0.09608916884611772
2023-01-19,volatility_20,60,0.09578480479000356
2023-01-20,volatility_20,60,0.09818793908115665
2023-01-30,volatility_20,60,0.10048333819462742
2023-01-31,volatility_20,60,0.10378803567559626
2023-02-01,volatility_20,60,0.10633409536044015
2023-02-02,volatility_20,60,0.10848152904453925
2023-02-03,volatility_20,60,0.11088369621092048
2023-02-06,volatility_20,60,0.10967174017671319
2023-02-07,volatility_20,60,0.10636526594930741
2023-02-08,volatility_20,60,0.10421631380872451
2023-02-09,volatility_20,60,0.10397444040935785
2023-02-10,volatility_20,60,0.1041173632418233
2023-02-13,volatility_20,60,0.10547557933662507
2023-02-14,volatility_20,60,0.10908235119686568
2023-02-15,volatility_20,60,0.10593807930565342
2023-02-16,volatility_20,60,0.10566937746338434
2023-02-17,volatility_20,60,0.10653763234893929
2023-02-20,volatility_20,60,0.10758027853981608
2023-02-21,volatility_20,60,0.10506897145578281
2023-02-22,volatility_20,60,0.10506329582826275
2023-02-23,volatility_20,60,0.10280103899643535
2023-02-24,volatility_20,60,0.10156595957631445
2023-02-27,volatility_20,60,0.10131125385579944
2023-02-28,volatility_20,60,0.10106215016258649
2023-03-01,volatility_20,60,0.09866449703330393
2023-03-02,volatility_20,60,0.09730132732347858
2023-03-03,volatility_20,60,0.09433637015553814
2023-03-06,volatility_20,60,0.0929965739975802
2023-03-07,volatility_20,60,0.09378126668034964
2023-03-08,volatility_20,60,0.09509900042315546
2023-03-09,volatility_20,60,0.09759293199502395
2023-03-10,volatility_20,60,0.10021736882123636
2023-03-13,volatility_20,60,0.1019117650770342
2023-03-14,volatility_20,60,0.09943667036006779
2023-03-15,volatility_20,60,0.09659760157798904
2023-03-16,volatility_20,60,0.09146863463312632
2023-03-17,volatility_20,60,0.08651783091940103
2023-03-20,volatility_20,60,0.0813273608741358
2023-03-21,volatility_20,60,0.07937573400003028
2023-03-22,volatility_20,60,0.07622120189874873
2023-03-23,volatility_20,60,0.07616945161802773
2023-03-24,volatility_20,60,0.07697259411150435
2023-03-27,volatility_20,60,0.0755559335061272
2023-03-28,volatility_20,60,0.07364340164849166
2023-03-29,volatility_20,60,0.07125018852688628
2023-03-30,volatility_20,60,0.06679383896880703
2023-03-31,volatility_20,60,0.06498011005768822
2023-04-03,volatility_20,60,0.0648417821788619
2023-04-04,volatility_20,60,0.06482298817769967
2023-04-06,volatility_20,60,0.06588450732693309
2023-04-07,volatility_20,60,0.06549818357312578
2023-04-10,volatility_20,60,0.06590789485730567
2023-04-11,volatility_20,60,0.06490181687789902
2023-04-12,volatility_20,60,0.06140756558711695
2023-04-13,volatility_20,60,0.0563051968089767
2023-04-14,volatility_20,60,0.05446035133936481
2023-04-17,volatility_20,60,0.05174708248878186
2023-04-18,volatility_20,60,0.051878662221041476
2023-04-19,volatility_20,60,0.05496038103063338
2023-04-20,volatility_20,60,0.060532029106553524
2023-04-21,volatility_20,60,0.06519274842185596
2023-04-24,volatility_20,60,0.07158637787406273
2023-04-25,volatility_20,60,0.07765756901731287
2023-04-26,volatility_20,60,0.08201245915339493
2023-04-27,volatility_20,60,0.08822327771948665
2023-04-28,volatility_20,60,0.09467956113592454
2023-05-04,volatility_20,60,0.09467848805517848
2023-05-05,volatility_20,60,0.09528602993161096
2023-05-08,volatility_20,60,0.09572014436073197
2023-05-09,volatility_20,60,0.09289267987771697
2023-05-10,volatility_20,60,0.08759556081018452
2023-05-11,volatility_20,60,0.08036261297465395
2023-05-12,volatility_20,60,0.07250755670105634
2023-05-15,volatility_20,60,0.06774728019272844
2023-05-16,volatility_20,60,0.06538540442779316
2023-05-17,volatility_20,60,0.061262308987036586
2023-05-18,volatility_20,60,0.06020567541074213
2023-05-19,volatility_20,60,0.056331194535419425
2023-05-22,volatility_20,60,0.052659822226211496
2023-05-23,volatility_20,60,0.047401449678295134
2023-05-24,volatility_20,60,0.04518495022996918
2023-05-25,volatility_20,60,0.04244082330348617
2023-05-26,volatility_20,60,0.041388215944822074
2023-05-29,volatility_20,60,0.037844285792537034
2023-05-30,volatility_20,60,0.03681470501752459
2023-05-31,volatility_20,60,0.03620692034825541
2023-06-01,volatility_20,60,0.039105532818276084
2023-06-02,volatility_20,60,0.037829899765408154
2023-06-05,volatility_20,60,0.04051865924404895
2023-06-06,volatility_20,60,0.038820377857390995
2023-06-07,volatility_20,60,0.03734779242259338
2023-06-08,volatility_20,60,0.03476950413824927
2023-06-09,volatility_20,60,0.0324343940271773
2023-06-12,volatility_20,60,0.02660746968886153
2023-06-13,volatility_20,60,0.02339039657405987
2023-06-14,volatility_20,60,0.025437651852827585
2023-06-15,volatility_20,60,0.028541809187488176
2023-06-16,volatility_20,60,0.033250895491340186
2023-06-19,volatility_20,60,0.038837113902147884
2023-06-20,volatility_20,60,0.045571567755194754
2023-06-21,volatility_20,60,0.04968824916705609
2023-06-26,volatility_20,60,0.0540747069598257
2023-06-27,volatility_20,60,0.05828915539196858
2023-06-28,volatility_20,60,0.06194794435819442
2023-06-29,volatility_20,60,0.06633436218140272
2023-06-30,volatility_20,60,0.07466303407643049
2023-07-03,volatility_20,60,0.08070753010000042
2023-07-04,volatility_20,60,0.08611150897684043
2023-07-05,volatility_20,60,0.09411365587097846
2023-07-06,volatility_20,60,0.09874559889607117
2023-07-07,volatility_20,60,0.10175823645230672
2023-07-10,volatility_20,60,0.10271066407503716
2023-07-11,volatility_20,60,0.10659616900100893
2023-07-12,volatility_20,60,0.10810498588769465
2023-07-13,volatility_20,60,0.11570132695418399
2023-07-14,volatility_20,60,0.12172680919996791
2023-07-17,volatility_20,60,0.12858816640565027
2023-07-18,volatility_20,60,0.1332091702753737
2023-07-19,volatility_20,60,0.13589087224516422
2023-07-20,volatility_20,60,0.13702013125695173
2023-07-21,volatility_20,60,0.13803520208981646
2023-07-24,volatility_20,60,0.13835971005448833
2023-07-25,volatility_20,60,0.13866642008559127
2023-07-26,volatility_20,60,0.13668196445236216
2023-07-27,volatility_20,60,0.1319931759308621
2023-07-28,volatility_20,60,0.12368045890373759
2023-07-31,volatility_20,60,0.1167674512878214
2023-08-01,volatility_20,60,0.11139375824481816
2023-08-02,volatility_20,60,0.10721894770255723
2023-08-03,volatility_20,60,0.10819162570217974
2023-08-04,volatility_20,60,0.1115144346534886
2023-08-07,volatility_20,60,0.11649240129159683
2023-08-08,volatility_20,60,0.12154404312786724
2023-08-09,volatility_20,60,0.12509728977793097
2023-08-10,volatility_20,60,0.12593236104408922
2023-08-11,volatility_20,60,0.12945634247123422
2023-08-14,volatility_20,60,0.1309316351041179
2023-08-15,volatility_20,60,0.13127456267600238
2023-08-16,volatility_20,60,0.13356458172480068
2023-08-17,volatility_20,60,0.13732744026973806
2023-08-18,volatility_20,60,0.14211509509466466
2023-08-21,volatility_20,60,0.14599411063254658
2023-08-22,volatility_20,60,0.14771056800131638
2023-08-23,volatility_20,60,0.14815097919193007
2023-08-24,volatility_20,60,0.1455565439216123
2023-08-25,volatility_20,60,0.14133290578840507
2023-08-28,volatility_20,60,0.1356172681807841
2023-08-29,volatility_20,60,0.13668871503345548
2023-08-30,volatility_20,60,0.13550324320811546
2023-08-31,volatility_20,60,0.13827228509172898
2023-09-01,volatility_20,60,0.13822494180539774
2023-09-04,volatility_20,60,0.1406411872929504
2023-09-05,volatility_20,60,0.14086615327587387
2023-09-06,volatility_20,60,0.14950883593722003
2023-09-07,volatility_20,60,0.15744446212749538
2023-09-08,volatility_20,60,0.1630775924451687
2023-09-11,volatility_20,60,0.16784542783544312
2023-09-12,volatility_20,60,0.17060787117216666
2023-09-13,volatility_20,60,0.17125637408479522
2023-09-14,volatility_20,60,0.16862203334414227
2023-09-15,volatility_20,60,0.16357586510591604
2023-09-18,volatility_20,60,0.15900031035403794
2023-09-19,volatility_20,60,0.15316380446290906
2023-09-20,volatility_20,60,0.14950111914658185
2023-09-21,volatility_20,60,0.14485647597447976
2023-09-22,volatility_20,60,0.138150650925198
2023-09-25,volatility_20,60,0.12934521944458213
2023-09-26,volatility_20,60,0.12028391110956736
2023-09-27,volatility_20,60,0.11020037902305872
2023-09-28,volatility_20,60,0.10058531770272247
2023-10-09,volatility_20,60,0.09555327571772368
2023-10-10,volatility_20,60,0.09163111892918782
2023-10-11,volatility_20,60,0.09008798426936299
2023-10-12,volatility_20,60,0.0888701733030777
2023-10-13,volatility_20,60,0.08679035973400717
2023-10-16,volatility_20,60,0.08273647874602627
2023-10-17,volatility_20,60,0.07881955978067397
2023-10-18,volatility_20,60,0.07559131954157643
2023-10-19,volatility_20,60,0.07032297541299885
2023-10-20,volatility_20,60,0.06585472125365814
2023-10-23,volatility_20,60,0.060665716750013754
2023-10-24,volatility_20,60,0.05693364089026218
2023-10-25,volatility_20,60,0.05522539367793224
2023-10-26,volatility_20,60,0.057176767574464465
2023-10-27,volatility_20,60,0.05717955184975257
2023-10-30,volatility_20,60,0.06044040537312929
2023-10-31,volatility_20,60,0.06226980689193099
2023-11-01,volatility_20,60,0.06236925288593019
2023-11-02,volatility_20,60,0.0616323585075786
2023-11-03,volatility_20,60,0.05967081248461836
2023-11-06,volatility_20,60,0.058277291421109594
2023-11-07,volatility_20,60,0.057213372705128177
2023-11-08,volatility_20,60,0.057344782968095746
2023-11-09,volatility_20,60,0.05400068825175007
2023-11-10,volatility_20,60,0.05064477981576599
2023-11-13,volatility_20,60,0.04714334927593243
2023-11-14,volatility_20,60,0.04681268703673246
2023-11-15,volatility_20,60,0.04948202173605557
2023-11-16,volatility_20,60,0.05151625838831804
2023-11-17,volatility_20,60,0.056512404988416254
2023-11-20,volatility_20,60,0.0588204666760483
2023-11-21,volatility_20,60,0.06125291000762608
2023-11-22,volatility_20,60,0.06370275035871285
2023-11-23,volatility_20,60,0.0676042468567417
2023-11-24,volatility_20,60,0.06844256980725978
2023-11-27,volatility_20,60,0.07226632012919612
2023-11-28,volatility_20,60,0.07808467136181618
2023-11-29,volatility_20,60,0.08218373324663686
2023-11-30,volatility_20,60,0.08600757693613571
2023-12-01,volatility_20,60,0.08529069502479622
2023-12-04,volatility_20,60,0.08453057242733798
2023-12-05,volatility_20,60,0.08241626249327878
2023-12-06,volatility_20,60,0.08003630615891813
2023-12-07,volatility_20,60,0.07527421269373905
2023-12-08,volatility_20,60,0.07284554400456207
2023-12-11,volatility_20,60,0.07010063922133189
2023-12-12,volatility_20,60,0.0677797712044435
2023-12-13,volatility_20,60,0.06635476418110646
2023-12-14,volatility_20,60,0.06471390097944105
2023-12-15,volatility_20,60,0.06607250663200914
2023-12-18,volatility_20,60,0.06977405022853359
2023-12-19,volatility_20,60,0.07327997666106814
2023-12-20,volatility_20,60,0.07929808155626815
2023-12-21,volatility_20,60,0.08213935053484858
2023-12-22,volatility_20,60,0.08442531013328347
2023-12-25,volatility_20,60,0.0892564639496492
2023-12-26,volatility_20,60,0.09673370115717424
2023-12-27,volatility_20,60,0.10381738800135452
2023-12-28,volatility_20,60,0.11311116146355439
2023-12-29,volatility_20,60,0.1239596514508018
2024-01-02,volatility_20,60,0.13138550544397065
2024-01-03,volatility_20,60,0.1380681249470627
2024-01-04,volatility_20,60,0.13823021312797132
2024-01-05,volatility_20,60,0.13935960173407522
2024-01-08,volatility_20,60,0.13774564116300592
2024-01-09,volatility_20,60,0.13796700959020544
2024-01-10,volatility_20,60,0.13843450164665505
2024-01-11,volatility_20,60,0.13834252352780319
2024-01-12,volatility_20,60,0.1381439131052361
2024-01-15,volatility_20,60,0.13784965918241304
2024-01-16,volatility_20,60,0.13805154912524945
2024-01-17,volatility_20,60,0.1370763213845618
2024-01-18,volatility_20,60,0.13708192708010467
2024-01-19,volatility_20,60,0.13838046555644842
2024-01-22,volatility_20,60,0.144125514854851
2024-01-23,volatility_20,60,0.1510891133888442
2024-01-24,volatility_20,60,0.15957369061904458
2024-01-25,volatility_20,60,0.16774822427934108
2024-01-26,volatility_20,60,0.1756401562425722
2024-01-29,volatility_20,60,0.1820689906396051
2024-01-30,volatility_20,60,0.18457568284908826
2024-01-31,volatility_20,60,0.18945518646858328
2024-02-01,volatility_20,60,0.19427223069501928
2024-02-02,volatility_20,60,0.20042557361943109
2024-02-05,volatility_20,60,0.20337824125920728
2024-02-06,volatility_20,60,0.1988744500609041
2024-02-07,volatility_20,60,0.1900565691203188
2024-02-08,volatility_20,60,0.17764574072458658
2024-02-19,volatility_20,60,0.1652051511904558
2024-02-20,volatility_20,60,0.14927615107099415
2024-02-21,volatility_20,60,0.13925400710094887
2024-02-22,volatility_20,60,0.13181441666278454
2024-02-23,volatility_20,60,0.1306238984134917
2024-02-26,volatility_20,60,0.13100360378481396
2024-02-27,volatility_20,60,0.1391356552067285
2024-02-28,volatility_20,60,0.1336996515397725
2024-02-29,volatility_20,60,0.12753821450314975
2024-03-01,volatility_20,60,0.12126955737424187
2024-03-04,volatility_20,60,0.11792942557457334
2024-03-05,volatility_20,60,0.11089118423202884
2024-03-06,volatility_20,60,0.10500298020432153
2024-03-07,volatility_20,60,0.10107587181439974
2024-03-08,volatility_20,60,0.09789631628203975
2024-03-11,volatility_20,60,0.08983705029393295
2024-03-12,volatility_20,60,0.08123957911482421
2024-03-13,volatility_20,60,0.0703371744798051
2024-03-14,volatility_20,60,0.06074375551316247
2024-03-15,volatility_20,60,0.053272069715569054
2024-03-18,volatility_20,60,0.050338224998582204
2024-03-19,volatility_20,60,0.04749211142566386
2024-03-20,volatility_20,60,0.050599156752199524
2024-03-21,volatility_20,60,0.05102895960292712
2024-03-22,volatility_20,60,0.05147902900332239
2024-03-25,volatility_20,60,0.05203675403150788
2024-03-26,volatility_20,60,0.055013165777187484
2024-03-27,volatility_20,60,0.05592103206403622
2024-03-28,volatility_20,60,0.0613057231885591
2024-03-29,volatility_20,60,0.06615828804259345
2024-04-01,volatility_20,60,0.06800893497674726
2024-04-02,volatility_20,60,0.06889413504319729
2024-04-03,volatility_20,60,0.06944363184373227
2024-04-08,volatility_20,60,0.06998230174281442
2024-04-09,volatility_20,60,0.07321277185628233
2024-04-10,volatility_20,60,0.07602101680173173
2024-04-11,volatility_20,60,0.07797978483653004
2024-04-12,volatility_20,60,0.07860429999290484
2024-04-15,volatility_20,60,0.07835103472913786
2024-04-16,volatility_20,60,0.07046191376568957
2024-04-17,volatility_20,60,0.06557757934480536
2024-04-18,volatility_20,60,0.059122195610635545
2024-04-19,volatility_20,60,0.054896471461971234
2024-04-22,volatility_20,60,0.04620303527323062
2024-04-23,volatility_20,60,0.03834862576074695
2024-04-24,volatility_20,60,0.030625528899031494
2024-04-25,volatility_20,60,0.02088059563750455
2024-04-26,volatility_20,60,0.010790668099989678
2024-04-29,volatility_20,60,0.003279539512794104
2024-04-30,volatility_20,60,-0.002786150162747758
2024-05-06,volatility_20,60,-0.004442509247182539
2024-05-07,volatility_20,60,-0.003522844147577907
2024-05-08,volatility_20,60,-0.0018441824217216676
2024-05-09,volatility_20,60,-0.0042867929239136906
2024-05-10,volatility_20,60,-0.012436337681431816
2024-05-13,volatility_20,60,-0.02119324126760448
2024-05-14,volatility_20,60,-0.023214576153289333
2024-05-15,volatility_20,60,-0.019988893291105383
2024-05-16,volatility_20,60,-0.013467680541271575
2024-05-17,volatility_20,60,-0.0026844506343919037
2024-05-20,volatility_20,60,0.008719163628111062
2024-05-21,volatility_20,60,0.021650718011774157
2024-05-22,volatility_20,60,0.030976377604360464
2024-05-23,volatility_20,60,0.03893071009636373
2024-05-24,volatility_20,60,0.039167129832617095
2024-05-27,volatility_20,60,0.03803867020932477
2024-05-28,volatility_20,60,0.03198321940424906
2024-05-29,volatility_20,60,0.03933367160706683
2024-05-30,volatility_20,60,0.04541150296926443
2024-05-31,volatility_20,60,0.05206001739586118
2024-06-03,volatility_20,60,0.054393077718917895
2024-06-04,volatility_20,60,0.060141330482880756
2024-06-05,volatility_20,60,0.0628165038752026
2024-06-06,volatility_20,60,0.06197756134334404
2024-06-07,volatility_20,60,0.0638546708864137
2024-06-11,volatility_20,60,0.06763960573529842
2024-06-12,volatility_20,60,0.07141398643624498
2024-06-13,volatility_20,60,0.07885184125120479
2024-06-14,volatility_20,60,0.08513749070815228
2024-06-17,volatility_20,60,0.0911551564980634
2024-06-18,volatility_20,60,0.09364724980580964
2024-06-19,volatility_20,60,0.09563492542013452
2024-06-20,volatility_20,60,0.09210545200967028
2024-06-21,volatility_20,60,0.08882328160562608
2024-06-24,volatility_20,60,0.08343729707168066
2024-06-25,volatility_20,60,0.08046286715353916
2024-06-26,volatility_20,60,0.08041080540538638
2024-06-27,volatility_20,60,0.08216222789675284
2024-06-28,volatility_20,60,0.07844444507556253
2024-07-01,volatility_20,60,0.07606957907587523
2024-07-02,volatility_20,60,0.07422826475158922
2024-07-03,volatility_20,60,0.0707497874464797
2024-07-04,volatility_20,60,0.06404917965070343
2024-07-05,volatility_20,60,0.05870921772796892
2024-07-08,volatility_20,60,0.05370575718989804
2024-07-09,volatility_20,60,0.04860975019209436
2024-07-10,volatility_20,60,0.04659072093232743
2024-07-11,volatility_20,60,0.045556342022194926
2024-07-12,volatility_20,60,0.04640237201406577
2024-07-15,volatility_20,60,0.04990697055022002
2024-07-16,volatility_20,60,0.0529259214123534
2024-07-17,volatility_20,60,0.059071159711078916
2024-07-18,volatility_20,60,0.0638527827978813
2024-07-19,volatility_20,60,0.07208787010088762
2024-07-22,volatility_20,60,0.07744001919167359
2024-07-23,volatility_20,60,0.08035243777356653
2024-07-24,volatility_20,60,0.08292056479681663
2024-07-25,volatility_20,60,0.082908581897598
2024-07-26,volatility_20,60,0.08153616395600365
2024-07-29,volatility_20,60,0.08510441010230503
2024-07-30,volatility_20,60,0.08420474575487123
2024-07-31,volatility_20,60,0.08202599041166685
2024-08-01,volatility_20,60,0.08181747863973383
2024-08-02,volatility_20,60,0.08304590613076282
2024-08-05,volatility_20,60,0.0879026229863634
2024-08-06,volatility_20,60,0.09624890269392354
2024-08-07,volatility_20,60,0.10305833209108818
2024-08-08,volatility_20,60,0.10673216338481076
2024-08-09,volatility_20,60,0.10626826451260844
2024-08-12,volatility_20,60,0.10484216823565766
2024-08-13,volatility_20,60,0.1046540151069697
2024-08-14,volatility_20,60,0.10327017087459954
2024-08-15,volatility_20,60,0.10172831070980334
2024-08-16,volatility_20,60,0.10053863635540618
2024-08-19,volatility_20,60,0.10224194672856718
2024-08-20,volatility_20,60,0.10407458680685523
2024-08-21,volatility_20,60,0.10762576067433195
2024-08-22,volatility_20,60,0.10634373726672505
2024-08-23,volatility_20,60,0.10258169083075558
2024-08-26,volatility_20,60,0.09852104420382019
2024-08-27,volatility_20,60,0.09320917652094077
2024-08-28,volatility_20,60,0.08995862552329305
2024-08-29,volatility_20,60,0.09107995134510864
2024-08-30,volatility_20,60,0.09860173775976915
2024-09-02,volatility_20,60,0.10064933973226102
2024-09-03,volatility_20,60,0.10340982072615859
2024-09-04,volatility_20,60,0.10433382442007975
2024-09-05,volatility_20,60,0.10519859663181727
2024-09-06,volatility_20,60,0.10572616455283329
2024-09-09,volatility_20,60,0.10567867235976776
2024-09-10,volatility_20,60,0.10629763273398127
2024-09-11,volatility_20,60,0.10555237657528001
2024-09-12,volatility_20,60,0.10511735128888619
2024-09-13,volatility_20,60,0.10532708865996689
2024-09-18,volatility_20,60,0.10666889750332396
2024-09-19,volatility_20,60,0.10862747729720804
2024-09-20,volatility_20,60,0.10674449462776066
2024-09-23,volatility_20,60,0.10089872091113121
2024-09-24,volatility_20,60,0.09399489112874425
2024-09-25,volatility_20,60,0.08706486044952097
2024-09-26,volatility_20,60,0.07979132369124668
2024-09-27,volatility_20,60,0.0738177120032262
2024-09-30,volatility_20,60,0.07112634572389735
2024-10-08,volatility_20,60,0.07921483274383369
2024-10-09,volatility_20,60,0.08095064713109489
2024-10-10,volatility_20,60,0.08085510303497484
2024-10-11,volatility_20,60,0.07056958029396969
2024-10-14,volatility_20,60,0.05886585808141675
2024-10-15,volatility_20,60,0.04757100545433043
2024-10-16,volatility_20,60,0.04172363170197794
2024-10-17,volatility_20,60,0.03913134872107687
2024-10-18,volatility_20,60,0.03823828341392275
2024-10-21,volatility_20,60,0.040524021364364546
2024-10-22,volatility_20,60,0.0423860897469357
2024-10-23,volatility_20,60,0.04304390180060536
2024-10-24,volatility_20,60,0.04325971507623124
2024-10-25,volatility_20,60,0.04817011207326729
2024-10-28,volatility_20,60,0.05354408031418491
2024-10-29,volatility_20,60,0.056168525629409834
2024-10-30,volatility_20,60,0.052295414791566866
2024-10-31,volatility_20,60,0.05079591643071436
2024-11-01,volatility_20,60,0.043337966023023436
2024-11-04,volatility_20,60,0.03207263780418235
2024-11-05,volatility_20,60,0.026348412203310394
2024-11-06,volatility_20,60,0.024392866412957997
2024-11-07,volatility_20,60,0.02096547521466045
2024-11-08,volatility_20,60,0.020986774677493665
2024-11-11,volatility_20,60,0.028926062642629827
2024-11-12,volatility_20,60,0.03654553305750395
2024-11-13,volatility_20,60,0.042529646368525735
2024-11-14,volatility_20,60,0.04605491376835416
2024-11-15,volatility_20,60,0.04739321290077871
2024-11-18,volatility_20,60,0.043779132380628694
2024-11-19,volatility_20,60,0.042905167604624754
2024-11-20,volatility_20,60,0.044150191074797354
2024-11-21,volatility_20,60,0.043879670654063986
2024-11-22,volatility_20,60,0.04153731128781033
2024-11-25,volatility_20,60,0.04025239840424775
2024-11-26,volatility_20,60,0.039758916782554166
2024-11-27,volatility_20,60,0.03921075415987194
2024-11-28,volatility_20,60,0.03801591906034206
2024-11-29,volatility_20,60,0.03803561320020109
2024-12-02,volatility_20,60,0.03825074859397928
2024-12-03,volatility_20,60,0.03530137295383836
2024-12-04,volatility_20,60,0.03310351824364683
2024-12-05,volatility_20,60,0.037101203118551467
2024-12-06,volatility_20,60,0.03969572515803641
2024-12-09,volatility_20,60,0.042606998599290714
2024-12-10,volatility_20,60,0.04891960284684707
2024-12-11,volatility_20,60,0.05346343221143745
2024-12-12,volatility_20,60,0.05240552405040957
2024-12-13,volatility_20,60,0.05224177094935459
2024-12-16,volatility_20,60,0.05387143055423243
2024-12-17,volatility_20,60,0.055951473002022495
2024-12-18,volatility_20,60,0.06080160075794904
2024-12-19,volatility_20,60,0.06440865907995723
2024-12-20,volatility_20,60,0.06959367406648616
2024-12-23,volatility_20,60,0.07401726714555273
2024-12-24,volatility_20,60,0.08062555228489013
2024-12-25,volatility_20,60,0.08399872146467666
2024-12-26,volatility_20,60,0.09162662853208045
2024-12-27,volatility_20,60,0.10022679351136014
2024-12-30,volatility_20,60,0.10636274602871319
2024-12-31,volatility_20,60,0.09758414222647062
2025-01-02,volatility_20,60,0.0937975617990519
2025-01-03,volatility_20,60,0.0904230719220733
2025-01-06,volatility_20,60,0.09299153079858434
2025-01-07,volatility_20,60,0.09731887557894293
2025-01-08,volatility_20,60,0.10169746453693952
2025-01-09,volatility_20,60,0.10856282688405926
2025-01-10,volatility_20,60,0.10749467832778145
2025-01-13,volatility_20,60,0.1025500821722029
2025-01-14,volatility_20,60,0.09912959972951933
2025-01-15,volatility_20,60,0.09838790694582118
2025-01-16,volatility_20,60,0.09841123379692093
2025-01-17,volatility_20,60,0.09844574786047991
2025-01-20,volatility_20,60,0.09731121106624366
2025-01-21,volatility_20,60,0.0963606926709081
2025-01-22,volatility_20,60,0.09234970565368629
2025-01-23,volatility_20,60,0.08856160117882513
2025-01-24,volatility_20,60,0.0818286851897779
2025-01-27,volatility_20,60,0.0786593586409393
2025-02-05,volatility_20,60,0.07779630043021825
2025-02-06,volatility_20,60,0.07706009548462361
2025-02-07,volatility_20,60,0.07526781362040492
2025-02-10,volatility_20,60,0.07254924353380607
2025-02-11,volatility_20,60,0.06876531607199769
2025-02-12,volatility_20,60,0.060144414964884874
2025-02-13,volatility_20,60,0.050325587255315704
2025-02-14,volatility_20,60,0.03908174821389098
2025-02-17,volatility_20,60,0.032491465724665644
2025-02-18,volatility_20,60,0.024579146928328507
2025-02-19,volatility_20,60,0.0236853316527328
2025-02-20,volatility_20,60,0.022529973000360637
2025-02-21,volatility_20,60,0.023515648948286748
2025-02-24,volatility_20,60,0.024309573199983232
2025-02-25,volatility_20,60,0.027051030491386335
2025-02-26,volatility_20,60,0.031213272439501165
2025-02-27,volatility_20,60,0.03322378176816387
2025-02-28,volatility_20,60,0.029857039675521408
2025-03-03,volatility_20,60,0.03032440669706343
2025-03-04,volatility_20,60,0.03335713062409562
2025-03-05,volatility_20,60,0.03755961174304369
2025-03-06,volatility_20,60,0.04540611487259524
2025-03-07,volatility_20,60,0.05330686653999964
2025-03-10,volatility_20,60,0.05578351353757036
2025-03-11,volatility_20,60,0.0576806787598431
2025-03-12,volatility_20,60,0.059072514870520246
2025-03-13,volatility_20,60,0.05452827625751497
2025-03-14,volatility_20,60,0.05405659652135471
2025-03-17,volatility_20,60,0.057770495930591366
2025-03-18,volatility_20,60,0.06383661715466137
2025-03-19,volatility_20,60,0.06785596391844691
2025-03-20,volatility_20,60,0.07130598692224425
2025-03-21,volatility_20,60,0.07002609870227267
2025-03-24,volatility_20,60,0.06981701989707749
2025-03-25,volatility_20,60,0.06804466963227426
2025-03-26,volatility_20,60,0.06881854116011779
2025-03-27,volatility_20,60,0.06928172688984954
2025-03-28,volatility_20,60,0.07420191135080902
2025-03-31,volatility_20,60,0.07434847278395447
2025-04-01,volatility_20,60,0.07096135027809046
2025-04-02,volatility_20,60,0.07181185868383717
2025-04-03,volatility_20,60,0.07250135558548702
2025-04-07,volatility_20,60,0.06388493900250625
2025-04-08,volatility_20,60,0.05951761002447477
2025-04-09,volatility_20,60,0.06206891568371463
2025-04-10,volatility_20,60,0.06550443313485292
2025-04-11,volatility_20,60,0.07035625640919217
2025-04-14,volatility_20,60,0.07197140598703844
2025-04-15,volatility_20,60,0.07897616390523467
2025-04-16,volatility_20,60,0.08049912289001539
2025-04-17,volatility_20,60,0.08055892720449759
2025-04-18,volatility_20,60,0.07934545981606586
2025-04-21,volatility_20,60,0.08018862872987305
2025-04-22,volatility_20,60,0.08044699483276489
2025-04-23,volatility_20,60,0.07717394654056606
2025-04-24,volatility_20,60,0.07085825778600216
2025-04-25,volatility_20,60,0.06983380279628268
2025-04-28,volatility_20,60,0.0684070872706963
2025-04-29,volatility_20,60,0.0706198315614796
2025-04-30,volatility_20,60,0.07514770453678166
2025-05-06,volatility_20,60,0.08477243937985711
2025-05-07,volatility_20,60,0.0877058309458851
2025-05-08,volatility_20,60,0.09373555168099888
2025-05-09,volatility_20,60,0.09750715606420093
2025-05-12,volatility_20,60,0.09896617510558217
2025-05-13,volatility_20,60,0.09992694684623121
2025-05-14,volatility_20,60,0.10449805313886565
2025-05-15,volatility_20,60,0.11142897579613813
2025-05-16,volatility_20,60,0.11719430605910831
2025-05-19,volatility_20,60,0.1252715082594774
2025-05-20,volatility_20,60,0.13145079419592834
2025-05-21,volatility_20,60,0.1331931900119016
2025-05-22,volatility_20,60,0.12823281083322122
2025-05-23,volatility_20,60,0.12522390852956233
2025-05-26,volatility_20,60,0.12166911564273068
2025-05-27,volatility_20,60,0.11769560981412194
2025-05-28,volatility_20,60,0.11704587567425127
2025-05-29,volatility_20,60,0.12308015868660839
2025-05-30,volatility_20,60,0.12392922480526637
2025-06-03,volatility_20,60,0.12442598485739405
2025-06-04,volatility_20,60,0.12245605576074327
2025-06-05,volatility_20,60,0.11589043585653087
2025-06-06,volatility_20,60,0.11187308280127732
2025-06-09,volatility_20,60,0.10953698184361436
2025-06-10,volatility_20,60,0.1090193845175263
2025-06-11,volatility_20,60,0.10688150416075608
2025-06-12,volatility_20,60,0.11003572991120254
2025-06-13,volatility_20,60,0.10865607507330786
2025-06-16,volatility_20,60,0.10695192835156217
2025-06-17,volatility_20,60,0.10156253852613163
2025-06-18,volatility_20,60,0.09594137722829893
2025-06-19,volatility_20,60,0.08980735773098732
2025-06-20,volatility_20,60,0.08542792006800463
2025-06-23,volatility_20,60,0.08000097486427375
2025-06-24,volatility_20,60,0.07471670726757634
2025-06-25,volatility_20,60,0.07170675928695287
2025-06-26,volatility_20,60,0.06620413025736746
2025-06-27,volatility_20,60,0.06296598745419162
2025-06-30,volatility_20,60,0.06366925537755548
2025-07-01,volatility_20,60,0.06637521841123169
2025-07-02,volatility_20,60,0.0685650720983745
2025-07-03,volatility_20,60,0.07438149235499686
2025-07-04,volatility_20,60,0.08600191870298013
2025-07-07,volatility_20,60,0.09417721026741074
2025-07-08,volatility_20,60,0.09934898899785498
2025-07-09,volatility_20,60,0.10076450980440978
2025-07-10,volatility_20,60,0.0974902319992466
2025-07-11,volatility_20,60,0.09639670430410116
2025-07-14,volatility_20,60,0.09391247891483961
2025-07-15,volatility_20,60,0.09654793801883169
2025-07-16,volatility_20,60,0.09953430308391956
2025-07-17,volatility_20,60,0.10299833653753296
2025-07-18,volatility_20,60,0.10249766899796356
2025-07-21,volatility_20,60,0.10217761150298117
2025-07-22,volatility_20,60,0.10007022454354281
2025-07-23,volatility_20,60,0.10148501786434536
2025-07-24,volatility_20,60,0.10373260187435028
2025-07-25,volatility_20,60,0.10884666283909211
2025-07-28,volatility_20,60,0.1124350114765982
2025-07-29,volatility_20,60,0.11776625305497387
2025-07-30,volatility_20,60,0.11619902370608574
2025-07-31,volatility_20,60,0.11760818850621707
2025-08-01,volatility_20,60,0.11347372161565221
2025-08-04,volatility_20,60,0.11245682364716678
2025-08-05,volatility_20,60,0.11205922903222716
2025-08-06,volatility_20,60,0.11149545874614991
2025-08-07,volatility_20,60,0.10993788136054942
2025-08-08,volatility_20,60,0.10532716682102901
2025-08-11,volatility_20,60,0.09735935128666151
2025-08-12,volatility_20,60,0.0904567931921664
2025-08-13,volatility_20,60,0.08493265242377071
2025-08-14,volatility_20,60,0.08075031239903056
2025-08-15,volatility_20,60,0.08075352961117112
2025-08-18,volatility_20,60,0.08142987530162903
2025-08-19,volatility_20,60,0.08383064824349959
2025-08-20,volatility_20,60,0.08746241163211689
2025-08-21,volatility_20,60,0.08821292048023742
2025-08-22,volatility_20,60,0.08681969244711843
2025-08-25,volatility_20,60,0.09032599867441952
2025-08-26,volatility_20,60,0.09042038417670631
2025-08-27,volatility_20,60,0.09045881870215432
2025-08-28,volatility_20,60,0.09389516814231183
2025-08-29,volatility_20,60,0.09673792527569434
2025-09-01,volatility_20,60,0.09766134400677894
2025-09-02,volatility_20,60,0.09858749424437317
2025-09-03,volatility_20,60,0.09750392884256379
2025-09-04,volatility_20,60,0.08834235719998182
2025-09-05,volatility_20,60,0.08410363970548153
2025-09-08,volatility_20,60,0.07928429068047843
2025-09-09,volatility_20,60,0.07201881248976777
2025-09-10,volatility_20,60,0.06666896274705167
2025-09-11,volatility_20,60,0.0641200870557624
2025-09-12,volatility_20,60,0.06352551529168368
2025-09-15,volatility_20,60,0.06182205827583453
2025-09-16,volatility_20,60,0.061312312693270546
2025-09-17,volatility_20,60,0.05744839139603833
2025-09-18,volatility_20,60,0.055081567062752454
2025-09-19,volatility_20,60,0.05109284767167556
2025-09-22,volatility_20,60,0.044162081704449956
2025-09-23,volatility_20,60,0.037123872831242646
2025-09-24,volatility_20,60,0.03220801979880244
2025-09-25,volatility_20,60,0.029673127633165725
2025-09-26,volatility_20,60,0.029602430685068272
2025-09-29,volatility_20,60,0.03431273160477793
2025-09-30,volatility_20,60,0.036945053986032865
2025-10-09,volatility_20,60,0.04333309527891883
2025-10-10,volatility_20,60,0.051022709033934
2025-10-13,volatility_20,60,0.05751762557193112
2025-10-14,volatility_20,60,0.060070085914658906
2025-10-15,volatility_20,60,0.06429760597440913
2025-10-16,volatility_20,60,0.06551478813956617
2025-10-17,volatility_20,60,0.06012071008782868
2025-10-20,volatility_20,60,0.0551802664342252
2025-10-21,volatility_20,60,0.05212345414169762
2025-10-22,volatility_20,60,0.04960264165706672
2025-10-23,volatility_20,60,0.048152369572279405
2025-10-24,volatility_20,60,0.04895748127018884
2025-10-27,volatility_20,60,0.05048681439119583
2025-10-28,volatility_20,60,0.05342134456399282
2025-10-29,volatility_20,60,0.05479687561590043
2025-10-30,volatility_20,60,0.0566735959597335
2025-10-31,volatility_20,60,0.05734882584690328
2025-11-03,volatility_20,60,0.059072999179603514
2025-11-04,volatility_20,60,0.06055140527045815
2025-11-05,volatility_20,60,0.06318691315649422
2025-11-06,volatility_20,60,0.06760957211513946
2025-11-07,volatility_20,60,0.07271079251673251
2025-11-10,volatility_20,60,0.07857060945020491
2025-11-11,volatility_20,60,0.08511856583392077
2025-11-12,volatility_20,60,0.0921426427682524
2025-11-13,volatility_20,60,0.09800669862614639
2025-11-14,volatility_20,60,0.10332264500068417
2025-11-17,volatility_20,60,0.10602683720224239
2025-11-18,volatility_20,60,0.10562960993204537
2025-11-19,volatility_20,60,0.10294599646813536
2025-11-20,volatility_20,60,0.10011104009024141
2025-11-21,volatility_20,60,0.09736088408224317
2025-11-24,volatility_20,60,0.09422935344532839
2025-11-25,volatility_20,60,0.09554619047716026
2025-11-26,volatility_20,60,0.0985023054911646
2025-11-27,volatility_20,60,0.10088826673275997
2025-11-28,volatility_20,60,0.10001475933907539
2025-12-01,volatility_20,60,0.09549325361589618
2025-12-02,volatility_20,60,0.08979171032845389
2025-12-03,volatility_20,60,0.08391583932141995
2025-12-04,volatility_20,60,0.08010626622491164
2025-12-05,volatility_20,60,0.08309856650875438
2025-12-08,volatility_20,60,0.0842016938841058
2025-12-09,volatility_20,60,0.0882418243771816
2025-12-10,volatility_20,60,0.09591711100798701
2025-12-11,volatility_20,60,0.10331570253012627
2025-12-12,volatility_20,60,0.10987851908039378
2025-12-15,volatility_20,60,0.11427403988999611
2025-12-16,volatility_20,60,0.11678761184062976
2025-12-17,volatility_20,60,0.11676347917378299
2025-12-18,volatility_20,60,0.11392101138502257
2025-12-19,volatility_20,60,0.11204915645387113
2025-12-22,volatility_20,60,0.10992638270785167
2025-12-23,volatility_20,60,0.10739248152826536
2025-12-24,volatility_20,60,0.10731719330209806
2018-01-30,volatility_20,120,
2018-01-31,volatility_20,120,
2018-02-01,volatility_20,120,
2018-02-02,volatility_20,120,
2018-02-05,volatility_20,120,
2018-02-06,volatility_20,120,
2018-02-07,volatility_20,120,
2018-02-08,volatility_20,120,
2018-02-09,volatility_20,120,
2018-02-12,volatility_20,120,
2018-02-13,volatility_20,120,
2018-02-14,volatility_20,120,
2018-02-22,volatility_20,120,
2018-02-23,volatility_20,120,
2018-02-26,volatility_20,120,
2018-02-27,volatility_20,120,
2018-02-28,volatility_20,120,
2018-03-01,volatility_20,120,
2018-03-02,volatility_20,120,
2018-03-05,volatility_20,120,
2018-03-06,volatility_20,120,
2018-03-07,volatility_20,120,
2018-03-08,volatility_20,120,
2018-03-09,volatility_20,120,
2018-03-12,volatility_20,120,
2018-03-13,volatility_20,120,
2018-03-14,volatility_20,120,
2018-03-15,volatility_20,120,
2018-03-16,volatility_20,120,
2018-03-19,volatility_20,120,
2018-03-20,volatility_20,120,
2018-03-21,volatility_20,120,
2018-03-22,volatility_20,120,
2018-03-23,volatility_20,120,
2018-03-26,volatility_20,120,
2018-03-27,volatility_20,120,
2018-03-28,volatility_20,120,
2018-03-29,volatility_20,120,
2018-03-30,volatility_20,120,
2018-04-02,volatility_20,120,
2018-04-03,volatility_20,120,
2018-04-04,volatility_20,120,
2018-04-09,volatility_20,120,
2018-04-10,volatility_20,120,
2018-04-11,volatility_20,120,
2018-04-12,volatility_20,120,
2018-04-13,volatility_20,120,
2018-04-16,volatility_20,120,
2018-04-17,volatility_20,120,
2018-04-18,volatility_20,120,
2018-04-19,volatility_20,120,
2018-04-20,volatility_20,120,
2018-04-23,volatility_20,120,
2018-04-24,volatility_20,120,
2018-04-25,volatility_20,120,
2018-04-26,volatility_20,120,
2018-04-27,volatility_20,120,
2018-05-02,volatility_20,120,
2018-05-03,volatility_20,120,
2018-05-04,volatility_20,120,
2018-05-07,volatility_20,120,
2018-05-08,volatility_20,120,
2018-05-09,volatility_20,120,
2018-05-10,volatility_20,120,
2018-05-11,volatility_20,120,
2018-05-14,volatility_20,120,
2018-05-15,volatility_20,120,
2018-05-16,volatility_20,120,
2018-05-17,volatility_20,120,
2018-05-18,volatility_20,120,
2018-05-21,volatility_20,120,
2018-05-22,volatility_20,120,
2018-05-23,volatility_20,120,
2018-05-24,volatility_20,120,
2018-05-25,volatility_20,120,
2018-05-28,volatility_20,120,
2018-05-29,volatility_20,120,
2018-05-30,volatility_20,120,
2018-05-31,volatility_20,120,
2018-06-01,volatility_20,120,
2018-06-04,volatility_20,120,
2018-06-05,volatility_20,120,
2018-06-06,volatility_20,120,
2018-06-07,volatility_20,120,
2018-06-08,volatility_20,120,
2018-06-11,volatility_20,120,
2018-06-12,volatility_20,120,
2018-06-13,volatility_20,120,
2018-06-14,volatility_20,120,
2018-06-15,volatility_20,120,
2018-06-19,volatility_20,120,
2018-06-20,volatility_20,120,
2018-06-21,volatility_20,120,
2018-06-22,volatility_20,120,
2018-06-25,volatility_20,120,
2018-06-26,volatility_20,120,
2018-06-27,volatility_20,120,
2018-06-28,volatility_20,120,
2018-06-29,volatility_20,120,
2018-07-02,volatility_20,120,
2018-07-03,volatility_20,120,
2018-07-04,volatility_20,120,
2018-07-05,volatility_20,120,
2018-07-06,volatility_20,120,
2018-07-09,volatility_20,120,
2018-07-10,volatility_20,120,
2018-07-11,volatility_20,120,
2018-07-12,volatility_20,120,
2018-07-13,volatility_20,120,
2018-07-16,volatility_20,120,
2018-07-17,volatility_20,120,
2018-07-18,volatility_20,120,
2018-07-19,volatility_20,120,
2018-07-20,volatility_20,120,
2018-07-23,volatility_20,120,
2018-07-24,volatility_20,120,
2018-07-25,volatility_20,120,
2018-07-26,volatility_20,120,
2018-07-27,volatility_20,120,
2018-07-30,volatility_20,120,0.014431090111677551
2018-07-31,volatility_20,120,0.015124793383361337
2018-08-01,volatility_20,120,0.013694172182298769
2018-08-02,volatility_20,120,0.012651276797601313
2018-08-03,volatility_20,120,0.0129116041132887
2018-08-06,volatility_20,120,0.013475123211433333
2018-08-07,volatility_20,120,0.0163705673341132
2018-08-08,volatility_20,120,0.017732815413838428
2018-08-09,volatility_20,120,0.019630114638721646
2018-08-10,volatility_20,120,0.022520578413054305
2018-08-13,volatility_20,120,0.027506988041560227
2018-08-14,volatility_20,120,0.0325440506892983
2018-08-15,volatility_20,120,0.036939965122664654
2018-08-16,volatility_20,120,0.03945785826395267
2018-08-17,volatility_20,120,0.04112694054037946
2018-08-20,volatility_20,120,0.04164702769749439
2018-08-21,volatility_20,120,0.041610620087504255
2018-08-22,volatility_20,120,0.0423070586494026
2018-08-23,volatility_20,120,0.04391933529694565
2018-08-24,volatility_20,120,0.04762939892581573
2018-08-27,volatility_20,120,0.05172602469356016
2018-08-28,volatility_20,120,0.05416534727228471
2018-08-29,volatility_20,120,0.05682461407680014
2018-08-30,volatility_20,120,0.05926956920208042
2018-08-31,volatility_20,120,0.05921593145608473
2018-09-03,volatility_20,120,0.059654475136590654
2018-09-04,volatility_20,120,0.059841611818379076
2018-09-05,volatility_20,120,0.05835502080308972
2018-09-06,volatility_20,120,0.057081809717951563
2018-09-07,volatility_20,120,0.05609983718943169
2018-09-10,volatility_20,120,0.05490091461577347
2018-09-11,volatility_20,120,0.05462701649549035
2018-09-12,volatility_20,120,0.054628294346579884
2018-09-13,volatility_20,120,0.055980375245139206
2018-09-14,volatility_20,120,0.05923376444625542
2018-09-17,volatility_20,120,0.06062344581626681
2018-09-18,volatility_20,120,0.0635306032083154
2018-09-19,volatility_20,120,0.06674741413670193
2018-09-20,volatility_20,120,0.06968551929222791
2018-09-21,volatility_20,120,0.07272918945683148
2018-09-25,volatility_20,120,0.07472990880605687
2018-09-26,volatility_20,120,0.07734867539100979
2018-09-27,volatility_20,120,0.08035545879856684
2018-09-28,volatility_20,120,0.08194561119997805
2018-10-08,volatility_20,120,0.08036004699504035
2018-10-09,volatility_20,120,0.08019863671313522
2018-10-10,volatility_20,120,0.0800067904203888
2018-10-11,volatility_20,120,0.07932243632098188
2018-10-12,volatility_20,120,0.07749259443840409
2018-10-15,volatility_20,120,0.07649635302146335
2018-10-16,volatility_20,120,0.07448804812044339
2018-10-17,volatility_20,120,0.07346227559275126
2018-10-18,volatility_20,120,0.07401629450081017
2018-10-19,volatility_20,120,0.07494991479677753
2018-10-22,volatility_20,120,0.0770961162677342
2018-10-23,volatility_20,120,0.07727449226782122
2018-10-24,volatility_20,120,0.07855110411685838
2018-10-25,volatility_20,120,0.07903155462883311
2018-10-26,volatility_20,120,0.07809075940953805
2018-10-29,volatility_20,120,0.07642757510602162
2018-10-30,volatility_20,120,0.07501436536436928
2018-10-31,volatility_20,120,0.07258789723557028
2018-11-01,volatility_20,120,0.071983457117547
2018-11-02,volatility_20,120,0.07103805519407731
2018-11-05,volatility_20,120,0.06877219461576477
2018-11-06,volatility_20,120,0.06874103972873485
2018-11-07,volatility_20,120,0.06961519653051956
2018-11-08,volatility_20,120,0.06960531212884738
2018-11-09,volatility_20,120,0.06983189337681854
2018-11-12,volatility_20,120,0.07107224699864506
2018-11-13,volatility_20,120,0.07376336628590519
2018-11-14,volatility_20,120,0.07652059884442419
2018-11-15,volatility_20,120,0.07748307579262631
2018-11-16,volatility_20,120,0.0783654100192472
2018-11-19,volatility_20,120,0.07865063496295562
2018-11-20,volatility_20,120,0.07784510267110738
2018-11-21,volatility_20,120,0.07726227841360793
2018-11-22,volatility_20,120,0.078952112506314
2018-11-23,volatility_20,120,0.08105024536465867
2018-11-26,volatility_20,120,0.08104913739151447
2018-11-27,volatility_20,120,0.08238295294077004
2018-11-28,volatility_20,120,0.08330012340161522
2018-11-29,volatility_20,120,0.08327855732438785
2018-11-30,volatility_20,120,0.08128693855746646
2018-12-03,volatility_20,120,0.08175858660694742
2018-12-04,volatility_20,120,0.08107207351073471
2018-12-05,volatility_20,120,0.0795804980439738
2018-12-06,volatility_20,120,0.07744801650234247
2018-12-07,volatility_20,120,0.07730069513490403
2018-12-10,volatility_20,120,0.07747204167663006
2018-12-11,volatility_20,120,0.07930324551591357
2018-12-12,volatility_20,120,0.08338157557359117
2018-12-13,volatility_20,120,0.08572727522288547
2018-12-14,volatility_20,120,0.08702807133780135
2018-12-17,volatility_20,120,0.08964513580882638
2018-12-18,volatility_20,120,0.09167388535481773
2018-12-19,volatility_20,120,0.09355947966603195
2018-12-20,volatility_20,120,0.09504895451553555
2018-12-21,volatility_20,120,0.09463687977290428
2018-12-24,volatility_20,120,0.09281441666497454
2018-12-25,volatility_20,120,0.09444810605748934
2018-12-26,volatility_20,120,0.09470739029985777
2018-12-27,volatility_20,120,0.09553917968927816
2018-12-28,volatility_20,120,0.09949084217477443
2019-01-02,volatility_20,120,0.10429343033127517
2019-01-03,volatility_20,120,0.10623292618350448
2019-01-04,volatility_20,120,0.10656126177285856
2019-01-07,volatility_20,120,0.10656880516228139
2019-01-08,volatility_20,120,0.10390289456741014
2019-01-09,volatility_20,120,0.10089272759690324
2019-01-10,volatility_20,120,0.0992269903766773
2019-01-11,volatility_20,120,0.09735166201034816
2019-01-14,volatility_20,120,0.09583520592704818
2019-01-15,volatility_20,120,0.09448123475980723
2019-01-16,volatility_20,120,0.09146032402191653
2019-01-17,volatility_20,120,0.08715638653627915
2019-01-18,volatility_20,120,0.08352610050224069
2019-01-21,volatility_20,120,0.07964333679935526
2019-01-22,volatility_20,120,0.07662844608553386
2019-01-23,volatility_20,120,0.07355371951637654
2019-01-24,volatility_20,120,0.06990013146601472
2019-01-25,volatility_20,120,0.06730426189680645
2019-01-28,volatility_20,120,0.0644527185090966
2019-01-29,volatility_20,120,0.06159165949432348
2019-01-30,volatility_20,120,0.05873102558221902
2019-01-31,volatility_20,120,0.056889491233665004
2019-02-01,volatility_20,120,0.05391029290602193
2019-02-11,volatility_20,120,0.05151371929117285
2019-02-12,volatility_20,120,0.04743141030891603
2019-02-13,volatility_20,120,0.042683589873632924
2019-02-14,volatility_20,120,0.03819806016612807
2019-02-15,volatility_20,120,0.033685267122535154
2019-02-18,volatility_20,120,0.0306884412949804
2019-02-19,volatility_20,120,0.03005681604125643
2019-02-20,volatility_20,120,0.030136261819339816
2019-02-21,volatility_20,120,0.031472329453411885
2019-02-22,volatility_20,120,0.03295335126031745
2019-02-25,volatility_20,120,0.03593039312638995
2019-02-26,volatility_20,120,0.033388287019891064
2019-02-27,volatility_20,120,0.030905962586364168
2019-02-28,volatility_20,120,0.026459842998403475
2019-03-01,volatility_20,120,0.023303973961339635
2019-03-04,volatility_20,120,0.020521830570676455
2019-03-05,volatility_20,120,0.017829351400007933
2019-03-06,volatility_20,120,0.01693257499981715
2019-03-07,volatility_20,120,0.015256499586103561
2019-03-08,volatility_20,120,0.01407042567840139
2019-03-11,volatility_20,120,0.014392630367636253
2019-03-12,volatility_20,120,0.015287627697141351
2019-03-13,volatility_20,120,0.015618557577291211
2019-03-14,volatility_20,120,0.01564316505556451
2019-03-15,volatility_20,120,0.017075878922427054
2019-03-18,volatility_20,120,0.0198553054585345
2019-03-19,volatility_20,120,0.02242433710167153
2019-03-20,volatility_20,120,0.025334025229667434
2019-03-21,volatility_20,120,0.029884481057651516
2019-03-22,volatility_20,120,0.03101696772776145
2019-03-25,volatility_20,120,0.028783234645111504
2019-03-26,volatility_20,120,0.027233047215569163
2019-03-27,volatility_20,120,0.024476494842386627
2019-03-28,volatility_20,120,0.021681467174454516
2019-03-29,volatility_20,120,0.019742638809704813
2019-04-01,volatility_20,120,0.018866333199955166
2019-04-02,volatility_20,120,0.018314600714461227
2019-04-03,volatility_20,120,0.01988881831370646
2019-04-04,volatility_20,120,0.021416549504380055
2019-04-08,volatility_20,120,0.02389222479367815
2019-04-09,volatility_20,120,0.02587757835176067
2019-04-10,volatility_20,120,0.0266053531115739
2019-04-11,volatility_20,120,0.028357584281809924
2019-04-12,volatility_20,120,0.030787829364733312
2019-04-15,volatility_20,120,0.03184331899924643
2019-04-16,volatility_20,120,0.03224217860169896
2019-04-17,volatility_20,120,0.03263143885259067
2019-04-18,volatility_20,120,0.033585421303774114
2019-04-19,volatility_20,120,0.03398548498580815
2019-04-22,volatility_20,120,0.03543396641496483
2019-04-23,volatility_20,120,0.03800420181430286
2019-04-24,volatility_20,120,0.044028439699702125
2019-04-25,volatility_20,120,0.04909704210737562
2019-04-26,volatility_20,120,0.05392675779661851
2019-04-29,volatility_20,120,0.056976003986813906
2019-04-30,volatility_20,120,0.05930661983441136
2019-05-06,volatility_20,120,0.058112911018999354
2019-05-07,volatility_20,120,0.05801780359607107
2019-05-08,volatility_20,120,0.05593805873737723
2019-05-09,volatility_20,120,0.05633357684459982
2019-05-10,volatility_20,120,0.059225353038548825
2019-05-13,volatility_20,120,0.061621978333937254
2019-05-14,volatility_20,120,0.06246940452639433
2019-05-15,volatility_20,120,0.06173316817236125
2019-05-16,volatility_20,120,0.06171563845967519
2019-05-17,volatility_20,120,0.06022237057946297
2019-05-20,volatility_20,120,0.05771150686841564
2019-05-21,volatility_20,120,0.056861588769311154
2019-05-22,volatility_20,120,0.05623828168258938
2019-05-23,volatility_20,120,0.05383321401751083
2019-05-24,volatility_20,120,0.05093735061842055
2019-05-27,volatility_20,120,0.051164192557084494
2019-05-28,volatility_20,120,0.05267911412248228
2019-05-29,volatility_20,120,0.05423517857127955
2019-05-30,volatility_20,120,0.055161068510525615
2019-05-31,volatility_20,120,0.05571249333313644
2019-06-03,volatility_20,120,0.05531953665849789
2019-06-04,volatility_20,120,0.05362620797795039
2019-06-05,volatility_20,120,0.053021545691883984
2019-06-06,volatility_20,120,0.052768373844039325
2019-06-10,volatility_20,120,0.05630891147654819
2019-06-11,volatility_20,120,0.05851047533756767
2019-06-12,volatility_20,120,0.0607084327355316
2019-06-13,volatility_20,120,0.06188497516854751
2019-06-14,volatility_20,120,0.05994478594720233
2019-06-17,volatility_20,120,0.05874138740869657
2019-06-18,volatility_20,120,0.05917308465797598
2019-06-19,volatility_20,120,0.05988247895115535
2019-06-20,volatility_20,120,0.058524572184207084
2019-06-21,volatility_20,120,0.06089457753789577
2019-06-24,volatility_20,120,0.06082777521615124
2019-06-25,volatility_20,120,0.06058517917468939
2019-06-26,volatility_20,120,0.05994912989685198
2019-06-27,volatility_20,120,0.058560781726767513
2019-06-28,volatility_20,120,0.05702819759537303
2019-07-01,volatility_20,120,0.05809988684763685
2019-07-02,volatility_20,120,0.05900201860277467
2019-07-03,volatility_20,120,0.05995385669247386
2019-07-04,volatility_20,120,0.06196643653620694
2019-07-05,volatility_20,120,0.06439786243156845
2019-07-08,volatility_20,120,0.06508334467332257
2019-07-09,volatility_20,120,0.06723420971083452
2019-07-10,volatility_20,120,0.06839984801654199
2019-07-11,volatility_20,120,0.06856386832063933
2019-07-12,volatility_20,120,0.06799204569029671
2019-07-15,volatility_20,120,0.06916044398426542
2019-07-16,volatility_20,120,0.0687913682000716
2019-07-17,volatility_20,120,0.06906041068021972
2019-07-18,volatility_20,120,0.06849961503525534
2019-07-19,volatility_20,120,0.06745102675740168
2019-07-22,volatility_20,120,0.06559566791119681
2019-07-23,volatility_20,120,0.06430329597625697
2019-07-24,volatility_20,120,0.0638921813819927
2019-07-25,volatility_20,120,0.06361925127898788
2019-07-26,volatility_20,120,0.06408988719715882
2019-07-29,volatility_20,120,0.06658636181790473
2019-07-30,volatility_20,120,0.06866990149461384
2019-07-31,volatility_20,120,0.07133201516867563
2019-08-01,volatility_20,120,0.07502011335369323
2019-08-02,volatility_20,120,0.07890948614259007
2019-08-05,volatility_20,120,0.0806760549115133
2019-08-06,volatility_20,120,0.08292293380536263
2019-08-07,volatility_20,120,0.08411588283776852
2019-08-08,volatility_20,120,0.08452178824084447
2019-08-09,volatility_20,120,0.08600589877263647
2019-08-12,volatility_20,120,0.08614929071000378
2019-08-13,volatility_20,120,0.08546384984884385
2019-08-14,volatility_20,120,0.08467147094716614
2019-08-15,volatility_20,120,0.08504234362630061
2019-08-16,volatility_20,120,0.08463662599121215
2019-08-19,volatility_20,120,0.08314302948467464
2019-08-20,volatility_20,120,0.08611374551063217
2019-08-21,volatility_20,120,0.08878170794100032
2019-08-22,volatility_20,120,0.09278580628351754
2019-08-23,volatility_20,120,0.09570037058412381
2019-08-26,volatility_20,120,0.09737201150203564
2019-08-27,volatility_20,120,0.0978317876615229
2019-08-28,volatility_20,120,0.09690715041223327
2019-08-29,volatility_20,120,0.09495075126953197
2019-08-30,volatility_20,120,0.09267678918537724
2019-09-02,volatility_20,120,0.08928431744479062
2019-09-03,volatility_20,120,0.08638350804463893
2019-09-04,volatility_20,120,0.08387270639884227
2019-09-05,volatility_20,120,0.08236979064243241
2019-09-06,volatility_20,120,0.08059051021273257
2019-09-09,volatility_20,120,0.08065331484698275
2019-09-10,volatility_20,120,0.07928644355692316
2019-09-11,volatility_20,120,0.07606652082665703
2019-09-12,volatility_20,120,0.0738079380791064
2019-09-16,volatility_20,120,0.07210467130394153
2019-09-17,volatility_20,120,0.07157947123803851
2019-09-18,volatility_20,120,0.07268371407028479
2019-09-19,volatility_20,120,0.07577349981371224
2019-09-20,volatility_20,120,0.07800613077530835
2019-09-23,volatility_20,120,0.08016404477769064
2019-09-24,volatility_20,120,0.08273511581553133
2019-09-25,volatility_20,120,0.08494512328257628
2019-09-26,volatility_20,120,0.08371495585403695
2019-09-27,volatility_20,120,0.0840570661812437
2019-09-30,volatility_20,120,0.08226125943120091
2019-10-08,volatility_20,120,0.08018936214600617
2019-10-09,volatility_20,120,0.08005692558393325
2019-10-10,volatility_20,120,0.08097581706058149
2019-10-11,volatility_20,120,0.08123481616508524
2019-10-14,volatility_20,120,0.08232327136989702
2019-10-15,volatility_20,120,0.08285156264106687
2019-10-16,volatility_20,120,0.08368138215035131
2019-10-17,volatility_20,120,0.08310962978238064
2019-10-18,volatility_20,120,0.08327918290039567
2019-10-21,volatility_20,120,0.08131348282307296
2019-10-22,volatility_20,120,0.08050642059519644
2019-10-23,volatility_20,120,0.07855662948477217
2019-10-24,volatility_20,120,0.07618338832555613
2019-10-25,volatility_20,120,0.07398917106053868
2019-10-28,volatility_20,120,0.07267363409159322
2019-10-29,volatility_20,120,0.07128142060272653
2019-10-30,volatility_20,120,0.07212427181646604
2019-10-31,volatility_20,120,0.07215256288975866
2019-11-01,volatility_20,120,0.07298071494488689
2019-11-04,volatility_20,120,0.07349292515540744
2019-11-05,volatility_20,120,0.07075471300367378
2019-11-06,volatility_20,120,0.06708622936857389
2019-11-07,volatility_20,120,0.06430576664088011
2019-11-08,volatility_20,120,0.06176425642460184
2019-11-11,volatility_20,120,0.05832022500681876
2019-11-12,volatility_20,120,0.05615843995773502
2019-11-13,volatility_20,120,0.0554701545885023
2019-11-14,volatility_20,120,0.05439851956479389
2019-11-15,volatility_20,120,0.05412434326183623
2019-11-18,volatility_20,120,0.055922656518084264
2019-11-19,volatility_20,120,0.059210050433170056
2019-11-20,volatility_20,120,0.060867247542489226
2019-11-21,volatility_20,120,0.061928874152359155
2019-11-22,volatility_20,120,0.06359309806697827
2019-11-25,volatility_20,120,0.0632569473357034
2019-11-26,volatility_20,120,0.06267221110797887
2019-11-27,volatility_20,120,0.06423879915577839
2019-11-28,volatility_20,120,0.06497245207578564
2019-11-29,volatility_20,120,0.06262994745508689
2019-12-02,volatility_20,120,0.06028759517976088
2019-12-03,volatility_20,120,0.05559788315165378
2019-12-04,volatility_20,120,0.050478220247524276
2019-12-05,volatility_20,120,0.04593732313457043
2019-12-06,volatility_20,120,0.04221701530146461
2019-12-09,volatility_20,120,0.04090530589695103
2019-12-10,volatility_20,120,0.04119612814104627
2019-12-11,volatility_20,120,0.04057258028869402
2019-12-12,volatility_20,120,0.03988576483877134
2019-12-13,volatility_20,120,0.041601954742441334
2019-12-16,volatility_20,120,0.0422186694812922
2019-12-17,volatility_20,120,0.043034158140416674
2019-12-18,volatility_20,120,0.04356282254639646
2019-12-19,volatility_20,120,0.04490315761519749
2019-12-20,volatility_20,120,0.04495621348534894
2019-12-23,volatility_20,120,0.0464551565808188
2019-12-24,volatility_20,120,0.046376214056709414
2019-12-25,volatility_20,120,0.046393221025187094
2019-12-26,volatility_20,120,0.04649213479858845
2019-12-27,volatility_20,120,0.0452923874769392
2019-12-30,volatility_20,120,0.0425035664742858
2019-12-31,volatility_20,120,0.04059533212973971
2020-01-02,volatility_20,120,0.037983505117858536
2020-01-03,volatility_20,120,0.035655053294205326
2020-01-06,volatility_20,120,0.03328509497821564
2020-01-07,volatility_20,120,0.03228347404123797
2020-01-08,volatility_20,120,0.02942108033810822
2020-01-09,volatility_20,120,0.0271301023368306
2020-01-10,volatility_20,120,0.02585706376600161
2020-01-13,volatility_20,120,0.026683296929732238
2020-01-14,volatility_20,120,0.027357845505235248
2020-01-15,volatility_20,120,0.028517013825878023
2020-01-16,volatility_20,120,0.0303165976051736
2020-01-17,volatility_20,120,0.031702662142400376
2020-01-20,volatility_20,120,0.03261253833617684
2020-01-21,volatility_20,120,0.03249406076475032
2020-01-22,volatility_20,120,0.030936687859313118
2020-01-23,volatility_20,120,0.029782450699720256
2020-02-03,volatility_20,120,0.027502311503714617
2020-02-04,volatility_20,120,0.023827422919740864
2020-02-05,volatility_20,120,0.019511263734364893
2020-02-06,volatility_20,120,0.017521721339431213
2020-02-07,volatility_20,120,0.01626213007737245
2020-02-10,volatility_20,120,0.015615490981982881
2020-02-11,volatility_20,120,0.013842178662669402
2020-02-12,volatility_20,120,0.014204104777967878
2020-02-13,volatility_20,120,0.015489225481774064
2020-02-14,volatility_20,120,0.016035605708281195
2020-02-17,volatility_20,120,0.01622015631513939
2020-02-18,volatility_20,120,0.015465076753795574
2020-02-19,volatility_20,120,0.015191185332206425
2020-02-20,volatility_20,120,0.0157624033533359
2020-02-21,volatility_20,120,0.017520080394341726
2020-02-24,volatility_20,120,0.019560956219357696
2020-02-25,volatility_20,120,0.021492378454053506
2020-02-26,volatility_20,120,0.023300354046141277
2020-02-27,volatility_20,120,0.02505116047247206
2020-02-28,volatility_20,120,0.024778550273273154
2020-03-02,volatility_20,120,0.02768212801229439
2020-03-03,volatility_20,120,0.03138595234343864
2020-03-04,volatility_20,120,0.034604141167464735
2020-03-05,volatility_20,120,0.038767831204892494
2020-03-06,volatility_20,120,0.041252168834311556
2020-03-09,volatility_20,120,0.04364768399915104
2020-03-10,volatility_20,120,0.04697927344588775
2020-03-11,volatility_20,120,0.04904427657795093
2020-03-12,volatility_20,120,0.04610478747186976
2020-03-13,volatility_20,120,0.04564668351033805
2020-03-16,volatility_20,120,0.046714776828807564
2020-03-17,volatility_20,120,0.04742222376635345
2020-03-18,volatility_20,120,0.04901428397427995
2020-03-19,volatility_20,120,0.052719587145862626
2020-03-20,volatility_20,120,0.05440769251880706
2020-03-23,volatility_20,120,0.0531629590376747
2020-03-24,volatility_20,120,0.05269961918392814
2020-03-25,volatility_20,120,0.05068519618813597
2020-03-26,volatility_20,120,0.04632270697649254
2020-03-27,volatility_20,120,0.04322841213698936
2020-03-30,volatility_20,120,0.04057240319802538
2020-03-31,volatility_20,120,0.03847106783753903
2020-04-01,volatility_20,120,0.037979710652463465
2020-04-02,volatility_20,120,0.04016380611913998
2020-04-03,volatility_20,120,0.041293172694887054
2020-04-07,volatility_20,120,0.04163181346752802
2020-04-08,volatility_20,120,0.04195394996917622
2020-04-09,volatility_20,120,0.041430881603220726
2020-04-10,volatility_20,120,0.0394274660384303
2020-04-13,volatility_20,120,0.03622358668322249
2020-04-14,volatility_20,120,0.03363079619886401
2020-04-15,volatility_20,120,0.029795488651905334
2020-04-16,volatility_20,120,0.02881297608570811
2020-04-17,volatility_20,120,0.028176855471890628
2020-04-20,volatility_20,120,0.028350077109486654
2020-04-21,volatility_20,120,0.028778372574628248
2020-04-22,volatility_20,120,0.029710934506744755
2020-04-23,volatility_20,120,0.029412627990833436
2020-04-24,volatility_20,120,0.028221779999164344
2020-04-27,volatility_20,120,0.026999839608742044
2020-04-28,volatility_20,120,0.026486885985641972
2020-04-29,volatility_20,120,0.025558359734477183
2020-04-30,volatility_20,120,0.021954730521357577
2020-05-06,volatility_20,120,0.02072272893458591
2020-05-07,volatility_20,120,0.02116507140005385
2020-05-08,volatility_20,120,0.02224848139596175
2020-05-11,volatility_20,120,0.024080643968518424
2020-05-12,volatility_20,120,0.025861599042800533
2020-05-13,volatility_20,120,0.02812134780622523
2020-05-14,volatility_20,120,0.02918386980524674
2020-05-15,volatility_20,120,0.029923600502270227
2020-05-18,volatility_20,120,0.031206838401974104
2020-05-19,volatility_20,120,0.03164057773916742
2020-05-20,volatility_20,120,0.03173475811522567
2020-05-21,volatility_20,120,0.03198549646760594
2020-05-22,volatility_20,120,0.03277759307619809
2020-05-25,volatility_20,120,0.03152563511176633
2020-05-26,volatility_20,120,0.031885495018399906
2020-05-27,volatility_20,120,0.03204201111711477
2020-05-28,volatility_20,120,0.030458601888019677
2020-05-29,volatility_20,120,0.030301756672650646
2020-06-01,volatility_20,120,0.033415247467209065
2020-06-02,volatility_20,120,0.037046662065308926
2020-06-03,volatility_20,120,0.04068365790255076
2020-06-04,volatility_20,120,0.043419895184938655
2020-06-05,volatility_20,120,0.04494337808729491
2020-06-08,volatility_20,120,0.04592531335708993
2020-06-09,volatility_20,120,0.04595595003961316
2020-06-10,volatility_20,120,0.045436949572546195
2020-06-11,volatility_20,120,0.04573955118943515
2020-06-12,volatility_20,120,0.04411641214838455
2020-06-15,volatility_20,120,0.04048633218659413
2020-06-16,volatility_20,120,0.037168442099068756
2020-06-17,volatility_20,120,0.03433911423869621
2020-06-18,volatility_20,120,0.03189538609376064
2020-06-19,volatility_20,120,0.028926414605397403
2020-06-22,volatility_20,120,0.027397388947845113
2020-06-23,volatility_20,120,0.025912705607843867
2020-06-24,volatility_20,120,0.024423621726120403
2020-06-29,volatility_20,120,0.023818972538026843
2020-06-30,volatility_20,120,0.021835887982634677
2020-07-01,volatility_20,120,0.021952857327276136
2020-07-02,volatility_20,120,0.023028474715975043
2020-07-03,volatility_20,120,0.02286703167826746
2020-07-06,volatility_20,120,0.022531691088169253
2020-07-07,volatility_20,120,0.024398132128443675
2020-07-08,volatility_20,120,0.027067687517260144
2020-07-09,volatility_20,120,0.029625512220630704
2020-07-10,volatility_20,120,0.03318529089545118
2020-07-13,volatility_20,120,0.036288669751280825
2020-07-14,volatility_20,120,0.038937381883836844
2020-07-15,volatility_20,120,0.03950204074600587
2020-07-16,volatility_20,120,0.0390212585573312
2020-07-17,volatility_20,120,0.040256316585076245
2020-07-20,volatility_20,120,0.04090773768786822
2020-07-21,volatility_20,120,0.04095530209207443
2020-07-22,volatility_20,120,0.042378137300655074
2020-07-23,volatility_20,120,0.04481569236068339
2020-07-24,volatility_20,120,0.04500535929587623
2020-07-27,volatility_20,120,0.04403898629914215
2020-07-28,volatility_20,120,0.04402204552454103
2020-07-29,volatility_20,120,0.04506576874974331
2020-07-30,volatility_20,120,0.04634963075524275
2020-07-31,volatility_20,120,0.04864456217433739
2020-08-03,volatility_20,120,0.0510545945581594
2020-08-04,volatility_20,120,0.05376880753382353
2020-08-05,volatility_20,120,0.05946455174101454
2020-08-06,volatility_20,120,0.06381404406618191
2020-08-07,volatility_20,120,0.06772782371287854
2020-08-10,volatility_20,120,0.06959276370450627
2020-08-11,volatility_20,120,0.07111662758874344
2020-08-12,volatility_20,120,0.0729049840610097
2020-08-13,volatility_20,120,0.07507681681316275
2020-08-14,volatility_20,120,0.07584656766601773
2020-08-17,volatility_20,120,0.07624288091888518
2020-08-18,volatility_20,120,0.0760771870118548
2020-08-19,volatility_20,120,0.07435798326581748
2020-08-20,volatility_20,120,0.0715065255839976
2020-08-21,volatility_20,120,0.06918243292189834
2020-08-24,volatility_20,120,0.06994632054299353
2020-08-25,volatility_20,120,0.06786813792353767
2020-08-26,volatility_20,120,0.06567540881940302
2020-08-27,volatility_20,120,0.06436801704823378
2020-08-28,volatility_20,120,0.0635415729921925
2020-08-31,volatility_20,120,0.06448948086660242
2020-09-01,volatility_20,120,0.06527217164948881
2020-09-02,volatility_20,120,0.06486862549435325
2020-09-03,volatility_20,120,0.06570021282480962
2020-09-04,volatility_20,120,0.06840824471813285
2020-09-07,volatility_20,120,0.06742729449838379
2020-09-08,volatility_20,120,0.06618770374531309
2020-09-09,volatility_20,120,0.06372093499333188
2020-09-10,volatility_20,120,0.058784724099113166
2020-09-11,volatility_20,120,0.05393235345521672
2020-09-14,volatility_20,120,0.052171329178576725
2020-09-15,volatility_20,120,0.05212321097472952
2020-09-16,volatility_20,120,0.05005642166638033
2020-09-17,volatility_20,120,0.050884538376439734
2020-09-18,volatility_20,120,0.05289027761806489
2020-09-21,volatility_20,120,0.055285518442834455
2020-09-22,volatility_20,120,0.05855064786945056
2020-09-23,volatility_20,120,0.06104276603477505
2020-09-24,volatility_20,120,0.060840683795322606
2020-09-25,volatility_20,120,0.05586538663306177
2020-09-28,volatility_20,120,0.0495082774216707
2020-09-29,volatility_20,120,0.044354684533075665
2020-09-30,volatility_20,120,0.03941029123618834
2020-10-09,volatility_20,120,0.03611419443615878
2020-10-12,volatility_20,120,0.03614467030779623
2020-10-13,volatility_20,120,0.036670917558054184
2020-10-14,volatility_20,120,0.038039826027669345
2020-10-15,volatility_20,120,0.04032120376084965
2020-10-16,volatility_20,120,0.043412977266843775
2020-10-19,volatility_20,120,0.04526876890172591
2020-10-20,volatility_20,120,0.046129635187057594
2020-10-21,volatility_20,120,0.04491659698031639
2020-10-22,volatility_20,120,0.04404999089219711
2020-10-23,volatility_20,120,0.045308443444813114
2020-10-26,volatility_20,120,0.04687436611090522
2020-10-27,volatility_20,120,0.04830726411698868
2020-10-28,volatility_20,120,0.049793732854272514
2020-10-29,volatility_20,120,0.05111453103025187
2020-10-30,volatility_20,120,0.053103120746400806
2020-11-02,volatility_20,120,0.054030296307384464
2020-11-03,volatility_20,120,0.055538997517508584
2020-11-04,volatility_20,120,0.058301152041152354
2020-11-05,volatility_20,120,0.060533062767448534
2020-11-06,volatility_20,120,0.06200461814714749
2020-11-09,volatility_20,120,0.0635905115610474
2020-11-10,volatility_20,120,0.06552984104951659
2020-11-11,volatility_20,120,0.06699951423477501
2020-11-12,volatility_20,120,0.06779741946266855
2020-11-13,volatility_20,120,0.06879034898857532
2020-11-16,volatility_20,120,0.06876913469178678
2020-11-17,volatility_20,120,0.06701606550226986
2020-11-18,volatility_20,120,0.06547548135156643
2020-11-19,volatility_20,120,0.06545389664596672
2020-11-20,volatility_20,120,0.06612494113568473
2020-11-23,volatility_20,120,0.06728031500727241
2020-11-24,volatility_20,120,0.06908808340603785
2020-11-25,volatility_20,120,0.06944517804530982
2020-11-26,volatility_20,120,0.06975942919627072
2020-11-27,volatility_20,120,0.06886473208484543
2020-11-30,volatility_20,120,0.06758423108096441
2020-12-01,volatility_20,120,0.06662213725376938
2020-12-02,volatility_20,120,0.06668248569480341
2020-12-03,volatility_20,120,0.06565874696081499
2020-12-04,volatility_20,120,0.06700400609338529
2020-12-07,volatility_20,120,0.06713105447524208
2020-12-08,volatility_20,120,0.0666240942041337
2020-12-09,volatility_20,120,0.06730712893891601
2020-12-10,volatility_20,120,0.06944895040516112
2020-12-11,volatility_20,120,0.06877405589359968
2020-12-14,volatility_20,120,0.06863617287445894
2020-12-15,volatility_20,120,0.06925303841673218
2020-12-16,volatility_20,120,0.06970960505641105
2020-12-17,volatility_20,120,0.0701061959651673
2020-12-18,volatility_20,120,0.07031664326092604
2020-12-21,volatility_20,120,0.06967926829028297
2020-12-22,volatility_20,120,0.0684410326255048
2020-12-23,volatility_20,120,0.06842595303935058
2020-12-24,volatility_20,120,0.06842774459996598
2020-12-25,volatility_20,120,0.0684506511998668
2020-12-28,volatility_20,120,0.07033773563125632
2020-12-29,volatility_20,120,0.07071412131332928
2020-12-30,volatility_20,120,0.06900454747804664
2020-12-31,volatility_20,120,0.06669356076546272
2021-01-04,volatility_20,120,0.06462237182541812
2021-01-05,volatility_20,120,0.061728716532663395
2021-01-06,volatility_20,120,0.059795055209399185
2021-01-07,volatility_20,120,0.05951701706268421
2021-01-08,volatility_20,120,0.06129365308047556
2021-01-11,volatility_20,120,0.06278233501918695
2021-01-12,volatility_20,120,0.06374357307644127
2021-01-13,volatility_20,120,0.06402351636604668
2021-01-14,volatility_20,120,0.06321893961337884
2021-01-15,volatility_20,120,0.06185243172745536
2021-01-18,volatility_20,120,0.06076663774438169
2021-01-19,volatility_20,120,0.06179424655800041
2021-01-20,volatility_20,120,0.0642122865248351
2021-01-21,volatility_20,120,0.06666969222535293
2021-01-22,volatility_20,120,0.06892688312365906
2021-01-25,volatility_20,120,0.07129229896209262
2021-01-26,volatility_20,120,0.07080351850248857
2021-01-27,volatility_20,120,0.07056969125818817
2021-01-28,volatility_20,120,0.06977958368081295
2021-01-29,volatility_20,120,0.06853374315103486
2021-02-01,volatility_20,120,0.06742956613412734
2021-02-02,volatility_20,120,0.06658387986062624
2021-02-03,volatility_20,120,0.06675101698549105
2021-02-04,volatility_20,120,0.0676177677608175
2021-02-05,volatility_20,120,0.06689503557212836
2021-02-08,volatility_20,120,0.0656791652299744
2021-02-09,volatility_20,120,0.0651150288863521
2021-02-10,volatility_20,120,0.06337254926010731
2021-02-18,volatility_20,120,0.06301840866937752
2021-02-19,volatility_20,120,0.06358512653322533
2021-02-22,volatility_20,120,0.06358569622148552
2021-02-23,volatility_20,120,0.06407586746102979
2021-02-24,volatility_20,120,0.06370706228503406
2021-02-25,volatility_20,120,0.06376915901767602
2021-02-26,volatility_20,120,0.06404972737127754
2021-03-01,volatility_20,120,0.06621769651776606
2021-03-02,volatility_20,120,0.06728354683407893
2021-03-03,volatility_20,120,0.06815641343558347
2021-03-04,volatility_20,120,0.06787568471317469
2021-03-05,volatility_20,120,0.06724146828923934
2021-03-08,volatility_20,120,0.06550247472938407
2021-03-09,volatility_20,120,0.06356256759485569
2021-03-10,volatility_20,120,0.06335164758837104
2021-03-11,volatility_20,120,0.06479719465105764
2021-03-12,volatility_20,120,0.06711233041009584
2021-03-15,volatility_20,120,0.07017851252118205
2021-03-16,volatility_20,120,0.071763620865733
2021-03-17,volatility_20,120,0.07201716496669963
2021-03-18,volatility_20,120,0.07154968642535812
2021-03-19,volatility_20,120,0.07265383277806281
2021-03-22,volatility_20,120,0.07124693467549122
2021-03-23,volatility_20,120,0.06893263632134645
2021-03-24,volatility_20,120,0.06531088937917805
2021-03-25,volatility_20,120,0.06235163079803736
2021-03-26,volatility_20,120,0.05904489069291351
2021-03-29,volatility_20,120,0.05886091081814258
2021-03-30,volatility_20,120,0.06135917641794641
2021-03-31,volatility_20,120,0.06527592628804553
2021-04-01,volatility_20,120,0.06935822111523897
2021-04-02,volatility_20,120,0.07393656844827
2021-04-06,volatility_20,120,0.07755184440666946
2021-04-07,volatility_20,120,0.08015984973219262
2021-04-08,volatility_20,120,0.08270868933255261
2021-04-09,volatility_20,120,0.0832680558704806
2021-04-12,volatility_20,120,0.08321369434443308
2021-04-13,volatility_20,120,0.08124270166697171
2021-04-14,volatility_20,120,0.08108033611125968
2021-04-15,volatility_20,120,0.08025206484979015
2021-04-16,volatility_20,120,0.08168116066332673
2021-04-19,volatility_20,120,0.08281455728124797
2021-04-20,volatility_20,120,0.08363708699600146
2021-04-21,volatility_20,120,0.08412925910230519
2021-04-22,volatility_20,120,0.08544078269544589
2021-04-23,volatility_20,120,0.08589444817688255
2021-04-26,volatility_20,120,0.08690932149514044
2021-04-27,volatility_20,120,0.08877748298992698
2021-04-28,volatility_20,120,0.09010674663734536
2021-04-29,volatility_20,120,0.09020371612812046
2021-04-30,volatility_20,120,0.08865134973315046
2021-05-06,volatility_20,120,0.08588828114500029
2021-05-07,volatility_20,120,0.08345459436570249
2021-05-10,volatility_20,120,0.08105547490633103
2021-05-11,volatility_20,120,0.07836389471532056
2021-05-12,volatility_20,120,0.07618264110634533
2021-05-13,volatility_20,120,0.07329321070477901
2021-05-14,volatility_20,120,0.0702503307302068
2021-05-17,volatility_20,120,0.06777773117568474
2021-05-18,volatility_20,120,0.06757953836908445
2021-05-19,volatility_20,120,0.06661305828177524
2021-05-20,volatility_20,120,0.0661936056618755
2021-05-21,volatility_20,120,0.06588872028216823
2021-05-24,volatility_20,120,0.06450871890807511
2021-05-25,volatility_20,120,0.06270374153114423
2021-05-26,volatility_20,120,0.06248313124031889
2021-05-27,volatility_20,120,0.06194471296609519
2021-05-28,volatility_20,120,0.061984567387801295
2021-05-31,volatility_20,120,0.06316486264300021
2021-06-01,volatility_20,120,0.06561507080988474
2021-06-02,volatility_20,120,0.06748600638335797
2021-06-03,volatility_20,120,0.06928173663241705
2021-06-04,volatility_20,120,0.07026188943115914
2021-06-07,volatility_20,120,0.07165201238957745
2021-06-08,volatility_20,120,0.0736808881498031
2021-06-09,volatility_20,120,0.07415576120203828
2021-06-10,volatility_20,120,0.07393605131916242
2021-06-11,volatility_20,120,0.07377765832262435
2021-06-15,volatility_20,120,0.07342115755735919
2021-06-16,volatility_20,120,0.07249744362547765
2021-06-17,volatility_20,120,0.0739786786568186
2021-06-18,volatility_20,120,0.07458226967591358
2021-06-21,volatility_20,120,0.07453177549282707
2021-06-22,volatility_20,120,0.07496691947652005
2021-06-23,volatility_20,120,0.07459991679098084
2021-06-24,volatility_20,120,0.07339430424215122
2021-06-25,volatility_20,120,0.07285866900391884
2021-06-28,volatility_20,120,0.07311600134692303
2021-06-29,volatility_20,120,0.07389482586168622
2021-06-30,volatility_20,120,0.075008537694438
2021-07-01,volatility_20,120,0.07475383916741274
2021-07-02,volatility_20,120,0.07463580347227691
2021-07-05,volatility_20,120,0.07353905278716674
2021-07-06,volatility_20,120,0.07286768861204157
2021-07-07,volatility_20,120,0.07314533238660778
2021-07-08,volatility_20,120,0.07244692402297216
2021-07-09,volatility_20,120,0.07065531095924597
2021-07-12,volatility_20,120,0.07007655477620627
2021-07-13,volatility_20,120,0.0676254043082192
2021-07-14,volatility_20,120,0.06458648306915482
2021-07-15,volatility_20,120,0.06335240075234667
2021-07-16,volatility_20,120,0.06259338112344065
2021-07-19,volatility_20,120,0.061660291756334494
2021-07-20,volatility_20,120,0.061482109650494325
2021-07-21,volatility_20,120,0.06229006990306712
2021-07-22,volatility_20,120,0.06076826853335533
2021-07-23,volatility_20,120,0.05912437000293796
2021-07-26,volatility_20,120,0.05756128658579877
2021-07-27,volatility_20,120,0.05728391646885547
2021-07-28,volatility_20,120,0.054439728314537535
2021-07-29,volatility_20,120,0.05383967962594719
2021-07-30,volatility_20,120,0.051145054348248925
2021-08-02,volatility_20,120,0.04903758702659296
2021-08-03,volatility_20,120,0.04512857421807886
2021-08-04,volatility_20,120,0.04377075858144531
2021-08-05,volatility_20,120,0.04272189708261862
2021-08-06,volatility_20,120,0.042869451444809935
2021-08-09,volatility_20,120,0.042235234632027496
2021-08-10,volatility_20,120,0.04241890374841233
2021-08-11,volatility_20,120,0.0432198033391378
2021-08-12,volatility_20,120,0.0421055507344278
2021-08-13,volatility_20,120,0.041495967738328934
2021-08-16,volatility_20,120,0.0417450994927656
2021-08-17,volatility_20,120,0.040898845346474505
2021-08-18,volatility_20,120,0.040196888755965506
2021-08-19,volatility_20,120,0.03939694529430891
2021-08-20,volatility_20,120,0.038473868831295256
2021-08-23,volatility_20,120,0.03547219451953387
2021-08-24,volatility_20,120,0.03369262667415455
2021-08-25,volatility_20,120,0.03205910234975556
2021-08-26,volatility_20,120,0.029896024206729134
2021-08-27,volatility_20,120,0.028494056562236632
2021-08-30,volatility_20,120,0.029175659656753783
2021-08-31,volatility_20,120,0.02981626153902776
2021-09-01,volatility_20,120,0.030137114026851753
2021-09-02,volatility_20,120,0.03113499472981585
2021-09-03,volatility_20,120,0.03148526595339604
2021-09-06,volatility_20,120,0.03507118114708899
2021-09-07,volatility_20,120,0.03782986710385902
2021-09-08,volatility_20,120,0.03709628020048671
2021-09-09,volatility_20,120,0.03712772555028575
2021-09-10,volatility_20,120,0.038536666300891045
2021-09-13,volatility_20,120,0.03891857430095168
2021-09-14,volatility_20,120,0.04166084156164455
2021-09-15,volatility_20,120,0.04480414319201168
2021-09-16,volatility_20,120,0.0475913996381835
2021-09-17,volatility_20,120,0.04992244225591352
2021-09-22,volatility_20,120,0.05304083572060156
2021-09-23,volatility_20,120,0.053757812259052455
2021-09-24,volatility_20,120,0.05612553706130452
2021-09-27,volatility_20,120,0.05805283350814638
2021-09-28,volatility_20,120,0.05997542064034331
2021-09-29,volatility_20,120,0.05973552761138269
2021-09-30,volatility_20,120,0.06014972186020479
2021-10-08,volatility_20,120,0.059661049985481225
2021-10-11,volatility_20,120,0.05807031521599407
2021-10-12,volatility_20,120,0.05617709196940676
2021-10-13,volatility_20,120,0.05351926723310756
2021-10-14,volatility_20,120,0.049288850806195134
2021-10-15,volatility_20,120,0.045699958733582
2021-10-18,volatility_20,120,0.0430491463529559
2021-10-19,volatility_20,120,0.04010004655681475
2021-10-20,volatility_20,120,0.036066476409278445
2021-10-21,volatility_20,120,0.03407341691764407
2021-10-22,volatility_20,120,0.031173322434997118
2021-10-25,volatility_20,120,0.029603726619126795
2021-10-26,volatility_20,120,0.028731460899045484
2021-10-27,volatility_20,120,0.028076782337909105
2021-10-28,volatility_20,120,0.026153459249934775
2021-10-29,volatility_20,120,0.02484249902636768
2021-11-01,volatility_20,120,0.023793693225960175
2021-11-02,volatility_20,120,0.023037653204860495
2021-11-03,volatility_20,120,0.023440514893327203
2021-11-04,volatility_20,120,0.02409148620406469
2021-11-05,volatility_20,120,0.023747693267757074
2021-11-08,volatility_20,120,0.023830880799963556
2021-11-09,volatility_20,120,0.02435672216471043
2021-11-10,volatility_20,120,0.025203487642481776
2021-11-11,volatility_20,120,0.025009037959111625
2021-11-12,volatility_20,120,0.024235360527438243
2021-11-15,volatility_20,120,0.023031677892964498
2021-11-16,volatility_20,120,0.02251056216438505
2021-11-17,volatility_20,120,0.022221524729283227
2021-11-18,volatility_20,120,0.023318043915031207
2021-11-19,volatility_20,120,0.024589924825476943
2021-11-22,volatility_20,120,0.024728476923142336
2021-11-23,volatility_20,120,0.02560054263988469
2021-11-24,volatility_20,120,0.026081086734251
2021-11-25,volatility_20,120,0.026580803801845306
2021-11-26,volatility_20,120,0.026176148324265482
2021-11-29,volatility_20,120,0.026044499680019338
2021-11-30,volatility_20,120,0.02755471674393965
2021-12-01,volatility_20,120,0.02762902515473537
2021-12-02,volatility_20,120,0.027990125959763353
2021-12-03,volatility_20,120,0.02711610651259601
2021-12-06,volatility_20,120,0.028073404078407787
2021-12-07,volatility_20,120,0.028247677168006847
2021-12-08,volatility_20,120,0.030870063067973477
2021-12-09,volatility_20,120,0.03244121780962053
2021-12-10,volatility_20,120,0.03616668054237257
2021-12-13,volatility_20,120,0.03862802626204006
2021-12-14,volatility_20,120,0.04139563706039256
2021-12-15,volatility_20,120,0.04414642791636865
2021-12-16,volatility_20,120,0.04606842180515584
2021-12-17,volatility_20,120,0.048503532696723944
2021-12-20,volatility_20,120,0.05086667410432539
2021-12-21,volatility_20,120,0.052211649564467597
2021-12-22,volatility_20,120,0.053927242741032236
2021-12-23,volatility_20,120,0.054598359496832366
2021-12-24,volatility_20,120,0.05571396264053377
2021-12-27,volatility_20,120,0.059071196400580166
2021-12-28,volatility_20,120,0.0619458532286428
2021-12-29,volatility_20,120,0.0649873701397706
2021-12-30,volatility_20,120,0.0695245527850361
2021-12-31,volatility_20,120,0.0724228334808101
2022-01-04,volatility_20,120,0.07494913795174035
2022-01-05,volatility_20,120,0.07673433293642325
2022-01-06,volatility_20,120,0.07808140723131779
2022-01-07,volatility_20,120,0.07940771534922368
2022-01-10,volatility_20,120,0.08071043867911835
2022-01-11,volatility_20,120,0.08178268721423944
2022-01-12,volatility_20,120,0.08366972263639269
2022-01-13,volatility_20,120,0.08537829961822467
2022-01-14,volatility_20,120,0.08784816616274539
2022-01-17,volatility_20,120,0.08747620566102748
2022-01-18,volatility_20,120,0.08879406397401594
2022-01-19,volatility_20,120,0.08976795219189354
2022-01-20,volatility_20,120,0.09021349326311613
2022-01-21,volatility_20,120,0.09062007281982416
2022-01-24,volatility_20,120,0.09393806614193637
2022-01-25,volatility_20,120,0.09534027487176437
2022-01-26,volatility_20,120,0.09677398745321257
2022-01-27,volatility_20,120,0.0972237797091878
2022-01-28,volatility_20,120,0.09983462999272695
2022-02-07,volatility_20,120,0.09988590609509489
2022-02-08,volatility_20,120,0.09947918896688361
2022-02-09,volatility_20,120,0.09963778465833936
2022-02-10,volatility_20,120,0.09902476555020749
2022-02-11,volatility_20,120,0.09642086399868746
2022-02-14,volatility_20,120,0.09341702080911336
2022-02-15,volatility_20,120,0.09097610050961438
2022-02-16,volatility_20,120,0.08863569571701663
2022-02-17,volatility_20,120,0.08806567610959751
2022-02-18,volatility_20,120,0.08795667056807631
2022-02-21,volatility_20,120,0.08881433052524693
2022-02-22,volatility_20,120,0.0894040115783107
2022-02-23,volatility_20,120,0.08966172359191495
2022-02-24,volatility_20,120,0.08929771285744904
2022-02-25,volatility_20,120,0.08854970332177578
2022-02-28,volatility_20,120,0.08726191796673574
2022-03-01,volatility_20,120,0.08776108588802309
2022-03-02,volatility_20,120,0.08766903754063335
2022-03-03,volatility_20,120,0.08555121783894427
2022-03-04,volatility_20,120,0.08418293631809748
2022-03-07,volatility_20,120,0.08353796556531982
2022-03-08,volatility_20,120,0.08058449373623895
2022-03-09,volatility_20,120,0.0788272330264684
2022-03-10,volatility_20,120,0.07499846104318603
2022-03-11,volatility_20,120,0.07132286243640136
2022-03-14,volatility_20,120,0.0698161522436018
2022-03-15,volatility_20,120,0.0686733985328801
2022-03-16,volatility_20,120,0.06704158136318847
2022-03-17,volatility_20,120,0.06752605274193715
2022-03-18,volatility_20,120,0.06716584413405419
2022-03-21,volatility_20,120,0.06742102452866157
2022-03-22,volatility_20,120,0.06740446313762281
2022-03-23,volatility_20,120,0.06689548497175077
2022-03-24,volatility_20,120,0.06694099088977604
2022-03-25,volatility_20,120,0.06789077374520897
2022-03-28,volatility_20,120,0.06757849941837495
2022-03-29,volatility_20,120,0.06674992585711977
2022-03-30,volatility_20,120,0.06546484482864849
2022-03-31,volatility_20,120,0.06566780946858586
2022-04-01,volatility_20,120,0.06472097219016099
2022-04-06,volatility_20,120,0.06508591602792156
2022-04-07,volatility_20,120,0.0665966943835247
2022-04-08,volatility_20,120,0.06958105919972608
2022-04-11,volatility_20,120,0.07388562980501906
2022-04-12,volatility_20,120,0.0771585826645985
2022-04-13,volatility_20,120,0.0805512009171482
2022-04-14,volatility_20,120,0.08450188969832365
2022-04-15,volatility_20,120,0.08865363301928576
2022-04-18,volatility_20,120,0.09292175292930417
2022-04-19,volatility_20,120,0.095482878636529
2022-04-20,volatility_20,120,0.09643147841010777
2022-04-21,volatility_20,120,0.09613888510794992
2022-04-22,volatility_20,120,0.09498605067884223
2022-04-25,volatility_20,120,0.0939767152881085
2022-04-26,volatility_20,120,0.09489368515972374
2022-04-27,volatility_20,120,0.09559623579037742
2022-04-28,volatility_20,120,0.09539885637146034
2022-04-29,volatility_20,120,0.09397012477852999
2022-05-05,volatility_20,120,0.09190133993761267
2022-05-06,volatility_20,120,0.09037090493833021
2022-05-09,volatility_20,120,0.08987050823903514
2022-05-10,volatility_20,120,0.0877203963597846
2022-05-11,volatility_20,120,0.08670947285849337
2022-05-12,volatility_20,120,0.08612698838469565
2022-05-13,volatility_20,120,0.08649615262554247
2022-05-16,volatility_20,120,0.08660749811726103
2022-05-17,volatility_20,120,0.08797400540425805
2022-05-18,volatility_20,120,0.08891659447911751
2022-05-19,volatility_20,120,0.08935102276026953
2022-05-20,volatility_20,120,0.08989356681165532
2022-05-23,volatility_20,120,0.09173918298261995
2022-05-24,volatility_20,120,0.09411161774092579
2022-05-25,volatility_20,120,0.09471644435507968
2022-05-26,volatility_20,120,0.09562850804390015
2022-05-27,volatility_20,120,0.09521890942151101
2022-05-30,volatility_20,120,0.09398348870674239
2022-05-31,volatility_20,120,0.09299173013254704
2022-06-01,volatility_20,120,0.09090702597683584
2022-06-02,volatility_20,120,0.08957785002414793
2022-06-06,volatility_20,120,0.08857077383980054
2022-06-07,volatility_20,120,0.08854073137659699
2022-06-08,volatility_20,120,0.08833285539501709
2022-06-09,volatility_20,120,0.08903765759288604
2022-06-10,volatility_20,120,0.08840485984873032
2022-06-13,volatility_20,120,0.0883324372775496
2022-06-14,volatility_20,120,0.0865475430007409
2022-06-15,volatility_20,120,0.0824329484635559
2022-06-16,volatility_20,120,0.07832916720295628
2022-06-17,volatility_20,120,0.07405056034428242
2022-06-20,volatility_20,120,0.07100692247115023
2022-06-21,volatility_20,120,0.06729920550862477
2022-06-22,volatility_20,120,0.06583521503907415
2022-06-23,volatility_20,120,0.06504974541214582
2022-06-24,volatility_20,120,0.06460547754166622
2022-06-27,volatility_20,120,0.06454180480167325
2022-06-28,volatility_20,120,0.06520553913592773
2022-06-29,volatility_20,120,0.06364746036425237
2022-06-30,volatility_20,120,0.061688723048467654
2022-07-01,volatility_20,120,0.06069851508753246
2022-07-04,volatility_20,120,0.058780899749758496
2022-07-05,volatility_20,120,0.05791709133714085
2022-07-06,volatility_20,120,0.05641829546196598
2022-07-07,volatility_20,120,0.05559132617577909
2022-07-08,volatility_20,120,0.051864893939316335
2022-07-11,volatility_20,120,0.04923420326991069
2022-07-12,volatility_20,120,0.04762493155640473
2022-07-13,volatility_20,120,0.04600683211857551
2022-07-14,volatility_20,120,0.0448938486226342
2022-07-15,volatility_20,120,0.04502125631647356
2022-07-18,volatility_20,120,0.04441037287489575
2022-07-19,volatility_20,120,0.04390052026746121
2022-07-20,volatility_20,120,0.04305308889815525
2022-07-21,volatility_20,120,0.042944165923424066
2022-07-22,volatility_20,120,0.04256548314893852
2022-07-25,volatility_20,120,0.041821125347905976
2022-07-26,volatility_20,120,0.04078486799241074
2022-07-27,volatility_20,120,0.04058574361283109
2022-07-28,volatility_20,120,0.04058487233495807
2022-07-29,volatility_20,120,0.04137177419179514
2022-08-01,volatility_20,120,0.04115161221034698
2022-08-02,volatility_20,120,0.040799194884401854
2022-08-03,volatility_20,120,0.039024983257188756
2022-08-04,volatility_20,120,0.03732506890065137
2022-08-05,volatility_20,120,0.0367876501728389
2022-08-08,volatility_20,120,0.03692988329436157
2022-08-09,volatility_20,120,0.03663988905787554
2022-08-10,volatility_20,120,0.03844359613006299
2022-08-11,volatility_20,120,0.03804816291003694
2022-08-12,volatility_20,120,0.03720960454378259
2022-08-15,volatility_20,120,0.03801725173027361
2022-08-16,volatility_20,120,0.038257236468420504
2022-08-17,volatility_20,120,0.039300365597702815
2022-08-18,volatility_20,120,0.04174015751476911
2022-08-19,volatility_20,120,0.04483290588118675
2022-08-22,volatility_20,120,0.04714195575067148
2022-08-23,volatility_20,120,0.05023974604019924
2022-08-24,volatility_20,120,0.05335231686692609
2022-08-25,volatility_20,120,0.05632274002393819
2022-08-26,volatility_20,120,0.05917014965798696
2022-08-29,volatility_20,120,0.062423521841092976
2022-08-30,volatility_20,120,0.06434803746292346
2022-08-31,volatility_20,120,0.06286189135862079
2022-09-01,volatility_20,120,0.0605483810973838
2022-09-02,volatility_20,120,0.0611919273721891
2022-09-05,volatility_20,120,0.06201796822007963
2022-09-06,volatility_20,120,0.0647673504882731
2022-09-07,volatility_20,120,0.06826741653430209
2022-09-08,volatility_20,120,0.07109358507553583
2022-09-09,volatility_20,120,0.07185708342421045
2022-09-13,volatility_20,120,0.0711438070376957
2022-09-14,volatility_20,120,0.07011436584555626
2022-09-15,volatility_20,120,0.06726854219377038
2022-09-16,volatility_20,120,0.06647456091798566
2022-09-19,volatility_20,120,0.06331046839189233
2022-09-20,volatility_20,120,0.062129872787658726
2022-09-21,volatility_20,120,0.06215822115415144
2022-09-22,volatility_20,120,0.06174269856371663
2022-09-23,volatility_20,120,0.061917030597661946
2022-09-26,volatility_20,120,0.0639942638914626
2022-09-27,volatility_20,120,0.06489704305006902
2022-09-28,volatility_20,120,0.06331855702936334
2022-09-29,volatility_20,120,0.06239706637004872
2022-09-30,volatility_20,120,0.05957299259080355
2022-10-10,volatility_20,120,0.056965914404479845
2022-10-11,volatility_20,120,0.05572139136554646
2022-10-12,volatility_20,120,0.05506916269322139
2022-10-13,volatility_20,120,0.053188767821222505
2022-10-14,volatility_20,120,0.05152028856873885
2022-10-17,volatility_20,120,0.04925827544498927
2022-10-18,volatility_20,120,0.047842748272335416
2022-10-19,volatility_20,120,0.047572967346164334
2022-10-20,volatility_20,120,0.04859488092819034
2022-10-21,volatility_20,120,0.05005337039336352
2022-10-24,volatility_20,120,0.05192384735230801
2022-10-25,volatility_20,120,0.05260390971191926
2022-10-26,volatility_20,120,0.05277492354283287
2022-10-27,volatility_20,120,0.051863861936975494
2022-10-28,volatility_20,120,0.052609914923619466
2022-10-31,volatility_20,120,0.05297876934455758
2022-11-01,volatility_20,120,0.05252005790906357
2022-11-02,volatility_20,120,0.05217468496071588
2022-11-03,volatility_20,120,0.05426826165420539
2022-11-04,volatility_20,120,0.056221013599562046
2022-11-07,volatility_20,120,0.058793512588800924
2022-11-08,volatility_20,120,0.060900245544623303
2022-11-09,volatility_20,120,0.0635562148488184
2022-11-10,volatility_20,120,0.06562707858880551
2022-11-11,volatility_20,120,0.06666678414473573
2022-11-14,volatility_20,120,0.06564192872378917
2022-11-15,volatility_20,120,0.06690344201835298
2022-11-16,volatility_20,120,0.06625139091626085
2022-11-17,volatility_20,120,0.0642727511221764
2022-11-18,volatility_20,120,0.06384585827053603
2022-11-21,volatility_20,120,0.06421482950908883
2022-11-22,volatility_20,120,0.06412582353882253
2022-11-23,volatility_20,120,0.0648091728759084
2022-11-24,volatility_20,120,0.06468537418881197
2022-11-25,volatility_20,120,0.0638467877842014
2022-11-28,volatility_20,120,0.06494147653619758
2022-11-29,volatility_20,120,0.06650325562621444
2022-11-30,volatility_20,120,0.06727113568437265
2022-12-01,volatility_20,120,0.06768217447276179
2022-12-02,volatility_20,120,0.06800222578335148
2022-12-05,volatility_20,120,0.06634118671466255
2022-12-06,volatility_20,120,0.066418165329334
2022-12-07,volatility_20,120,0.06653333226282095
2022-12-08,volatility_20,120,0.06778739004775557
2022-12-09,volatility_20,120,0.07006389247320412
2022-12-12,volatility_20,120,0.0741526770135892
2022-12-13,volatility_20,120,0.07658868740433672
2022-12-14,volatility_20,120,0.07995306373512043
2022-12-15,volatility_20,120,0.08095172592068021
2022-12-16,volatility_20,120,0.08202652270332703
2022-12-19,volatility_20,120,0.08124729549225788
2022-12-20,volatility_20,120,0.08095304293854462
2022-12-21,volatility_20,120,0.0802032450556444
2022-12-22,volatility_20,120,0.08040839770250979
2022-12-23,volatility_20,120,0.08093777804576008
2022-12-26,volatility_20,120,0.08014139491784558
2022-12-27,volatility_20,120,0.07853753808002663
2022-12-28,volatility_20,120,0.07630891354236788
2022-12-29,volatility_20,120,0.07452734605061087
2022-12-30,volatility_20,120,0.07289486962303358
2023-01-03,volatility_20,120,0.07390396372765157
2023-01-04,volatility_20,120,0.0757635421068992
2023-01-05,volatility_20,120,0.07793307715960895
2023-01-06,volatility_20,120,0.0804008213383338
2023-01-09,volatility_20,120,0.08140312607160444
2023-01-10,volatility_20,120,0.08262297434467346
2023-01-11,volatility_20,120,0.08282802898101685
2023-01-12,volatility_20,120,0.08430664968112356
2023-01-13,volatility_20,120,0.08585668951425621
2023-01-16,volatility_20,120,0.08637773591067079
2023-01-17,volatility_20,120,0.08745548266642102
2023-01-18,volatility_20,120,0.08844408331339658
2023-01-19,volatility_20,120,0.08801459289775933
2023-01-20,volatility_20,120,0.08635200020709519
2023-01-30,volatility_20,120,0.08542324865222524
2023-01-31,volatility_20,120,0.08368211171606675
2023-02-01,volatility_20,120,0.08265217116818364
2023-02-02,volatility_20,120,0.08293037272436665
2023-02-03,volatility_20,120,0.08661495138854065
2023-02-06,volatility_20,120,0.0886343571775115
2023-02-07,volatility_20,120,0.09039392073686464
2023-02-08,volatility_20,120,0.09232976345239012
2023-02-09,volatility_20,120,0.09578056195804234
2023-02-10,volatility_20,120,0.0970811951773721
2023-02-13,volatility_20,120,0.10049235957336751
2023-02-14,volatility_20,120,0.10358396379583686
2023-02-15,volatility_20,120,0.10461442471118243
2023-02-16,volatility_20,120,0.10575295776895688
2023-02-17,volatility_20,120,0.10562600189521053
2023-02-20,volatility_20,120,0.1054536989943916
2023-02-21,volatility_20,120,0.10413346494583534
2023-02-22,volatility_20,120,0.10327109622485194
2023-02-23,volatility_20,120,0.1004791328482664
2023-02-24,volatility_20,120,0.09722719942754614
2023-02-27,volatility_20,120,0.09327318488891594
2023-02-28,volatility_20,120,0.09162840831352334
2023-03-01,volatility_20,120,0.0893226758228594
2023-03-02,volatility_20,120,0.08802087659378222
2023-03-03,volatility_20,120,0.08996417506543807
2023-03-06,volatility_20,120,0.09251801471764527
2023-03-07,volatility_20,120,0.09168843255482932
2023-03-08,volatility_20,120,0.09252719443605965
2023-03-09,volatility_20,120,0.09223100576150547
2023-03-10,volatility_20,120,0.08972006743528489
2023-03-13,volatility_20,120,0.0882876490751653
2023-03-14,volatility_20,120,0.08750647038885104
2023-03-15,volatility_20,120,0.08688731543068913
2023-03-16,volatility_20,120,0.08509970271547566
2023-03-17,volatility_20,120,0.08624011983319209
2023-03-20,volatility_20,120,0.08529653316586652
2023-03-21,volatility_20,120,0.0857302185389001
2023-03-22,volatility_20,120,0.08471580642365197
2023-03-23,volatility_20,120,0.08361821152740559
2023-03-24,volatility_20,120,0.08281399654855898
2023-03-27,volatility_20,120,0.08062828655203244
2023-03-28,volatility_20,120,0.07644162718516583
2023-03-29,volatility_20,120,0.07302674047958599
2023-03-30,volatility_20,120,0.07070058138320605
2023-03-31,volatility_20,120,0.06906959773812185
2023-04-03,volatility_20,120,0.06928349555527816
2023-04-04,volatility_20,120,0.06880205161316336
2023-04-06,volatility_20,120,0.06969469085608823
2023-04-07,volatility_20,120,0.06958655409068913
2023-04-10,volatility_20,120,0.07070190800956852
2023-04-11,volatility_20,120,0.07053905726090809
2023-04-12,volatility_20,120,0.07177599846297707
2023-04-13,volatility_20,120,0.07156792934849135
2023-04-14,volatility_20,120,0.07335447863895518
2023-04-17,volatility_20,120,0.07348757724505768
2023-04-18,volatility_20,120,0.07458206908323971
2023-04-19,volatility_20,120,0.07598986716559271
2023-04-20,volatility_20,120,0.07831059897633562
2023-04-21,volatility_20,120,0.08048877660592975
2023-04-24,volatility_20,120,0.08488715847760968
2023-04-25,volatility_20,120,0.08907045360597012
2023-04-26,volatility_20,120,0.0929002474144956
2023-04-27,volatility_20,120,0.09727868653996338
2023-04-28,volatility_20,120,0.10158054509023189
2023-05-04,volatility_20,120,0.10278109213304948
2023-05-05,volatility_20,120,0.10247888505416207
2023-05-08,volatility_20,120,0.10104270515501966
2023-05-09,volatility_20,120,0.09855449684322075
2023-05-10,volatility_20,120,0.09578500060977119
2023-05-11,volatility_20,120,0.09223998810823865
2023-05-12,volatility_20,120,0.08899156801884071
2023-05-15,volatility_20,120,0.08841481569479706
2023-05-16,volatility_20,120,0.08566174186672329
2023-05-17,volatility_20,120,0.08346584322521046
2023-05-18,volatility_20,120,0.08337165387984072
2023-05-19,volatility_20,120,0.08195573653761776
2023-05-22,volatility_20,120,0.07886439684099715
2023-05-23,volatility_20,120,0.07623237275327895
2023-05-24,volatility_20,120,0.07399299461320226
2023-05-25,volatility_20,120,0.07200339143990031
2023-05-26,volatility_20,120,0.07134973490031075
2023-05-29,volatility_20,120,0.06945321797756177
2023-05-30,volatility_20,120,0.06773960102541426
2023-05-31,volatility_20,120,0.06675412383586697
2023-06-01,volatility_20,120,0.06672095148690711
2023-06-02,volatility_20,120,0.06541323688149417
2023-06-05,volatility_20,120,0.06714996296219929
2023-06-06,volatility_20,120,0.06695968914027323
2023-06-07,volatility_20,120,0.06747036220880866
2023-06-08,volatility_20,120,0.06749343647974282
2023-06-09,volatility_20,120,0.06717307955210575
2023-06-12,volatility_20,120,0.06302207002446465
2023-06-13,volatility_20,120,0.05999399907602445
2023-06-14,volatility_20,120,0.05845314324297695
2023-06-15,volatility_20,120,0.0575298200534446
2023-06-16,volatility_20,120,0.05728912818273799
2023-06-19,volatility_20,120,0.05910642395108908
2023-06-20,volatility_20,120,0.060896384826971746
2023-06-21,volatility_20,120,0.0629288503925419
2023-06-26,volatility_20,120,0.06552365053566503
2023-06-27,volatility_20,120,0.0669225444490479
2023-06-28,volatility_20,120,0.06779567300334305
2023-06-29,volatility_20,120,0.06879227535414449
2023-06-30,volatility_20,120,0.07072843652261877
2023-07-03,volatility_20,120,0.07284382007884432
2023-07-04,volatility_20,120,0.07547664557785115
2023-07-05,volatility_20,120,0.07946832202433907
2023-07-06,volatility_20,120,0.08231505311150213
2023-07-07,volatility_20,120,0.08362821001271627
2023-07-10,volatility_20,120,0.08430927946617142
2023-07-11,volatility_20,120,0.08574899293945397
2023-07-12,volatility_20,120,0.08475627573740581
2023-07-13,volatility_20,120,0.08600326188158033
2023-07-14,volatility_20,120,0.08809358026966635
2023-07-17,volatility_20,120,0.09016762444721606
2023-07-18,volatility_20,120,0.09254391624820758
2023-07-19,volatility_20,120,0.0954256266378988
2023-07-20,volatility_20,120,0.09877608018175263
2023-07-21,volatility_20,120,0.10161397525583622
2023-07-24,volatility_20,120,0.10497304396427552
2023-07-25,volatility_20,120,0.10816199455145206
2023-07-26,volatility_20,120,0.10934721180287856
2023-07-27,volatility_20,120,0.11010822682517436
2023-07-28,volatility_20,120,0.10918001001983106
2023-07-31,volatility_20,120,0.10572296967149993
2023-08-01,volatility_20,120,0.10333989408821458
2023-08-02,volatility_20,120,0.10146954603164458
2023-08-03,volatility_20,120,0.10054215278994835
2023-08-04,volatility_20,120,0.09955499773183657
2023-08-07,volatility_20,120,0.0984275071331254
2023-08-08,volatility_20,120,0.0970257999144618
2023-08-09,volatility_20,120,0.09642228498532972
2023-08-10,volatility_20,120,0.0956588827359412
2023-08-11,volatility_20,120,0.09535932572913541
2023-08-14,volatility_20,120,0.09556865525743001
2023-08-15,volatility_20,120,0.09380287860571089
2023-08-16,volatility_20,120,0.09311220197550611
2023-08-17,volatility_20,120,0.09236444497401661
2023-08-18,volatility_20,120,0.09365002266231694
2023-08-21,volatility_20,120,0.09421746696801638
2023-08-22,volatility_20,120,0.0945493919730692
2023-08-23,volatility_20,120,0.09299763249223356
2023-08-24,volatility_20,120,0.09118562446956843
2023-08-25,volatility_20,120,0.08876991306833022
2023-08-28,volatility_20,120,0.08736140049953009
2023-08-29,volatility_20,120,0.08725930739943182
2023-08-30,volatility_20,120,0.08801095122608221
2023-08-31,volatility_20,120,0.08854633147455998
2023-09-01,volatility_20,120,0.08778636711399555
2023-09-04,volatility_20,120,0.08770534571559983
2023-09-05,volatility_20,120,0.08665027365152558
2023-09-06,volatility_20,120,0.0880581528130408
2023-09-07,volatility_20,120,0.09041742935077762
2023-09-08,volatility_20,120,0.09425762214899813
2023-09-11,volatility_20,120,0.09819361851146563
2023-09-12,volatility_20,120,0.10192938333175341
2023-09-13,volatility_20,120,0.10504674399347154
2023-09-14,volatility_20,120,0.1070968005496685
2023-09-15,volatility_20,120,0.10663205713648606
2023-09-18,volatility_20,120,0.10653750865693182
2023-09-19,volatility_20,120,0.10572647992743882
2023-09-20,volatility_20,120,0.10572453175238815
2023-09-21,volatility_20,120,0.10559541907794122
2023-09-22,volatility_20,120,0.10640684250081422
2023-09-25,volatility_20,120,0.10502637477229126
2023-09-26,volatility_20,120,0.1031977100432039
2023-09-27,volatility_20,120,0.10215701744701859
2023-09-28,volatility_20,120,0.09966545829939681
2023-10-09,volatility_20,120,0.0986557560850152
2023-10-10,volatility_20,120,0.0971708915021125
2023-10-11,volatility_20,120,0.09834207663518596
2023-10-12,volatility_20,120,0.09848757959538618
2023-10-13,volatility_20,120,0.10124584334409557
2023-10-16,volatility_20,120,0.1022316439729971
2023-10-17,volatility_20,120,0.10370386309316212
2023-10-18,volatility_20,120,0.10440024490847508
2023-10-19,volatility_20,120,0.10310692382908154
2023-10-20,volatility_20,120,0.10143742625530493
2023-10-23,volatility_20,120,0.0993504594199151
2023-10-24,volatility_20,120,0.09764667547237525
2023-10-25,volatility_20,120,0.09694590688176176
2023-10-26,volatility_20,120,0.09692936601341332
2023-10-27,volatility_20,120,0.09458636389030732
2023-10-30,volatility_20,120,0.09206043213843343
2023-10-31,volatility_20,120,0.08951862908987619
2023-11-01,volatility_20,120,0.08688150556537418
2023-11-02,volatility_20,120,0.08442565310506793
2023-11-03,volatility_20,120,0.08393121909339905
2023-11-06,volatility_20,120,0.0848958630372991
2023-11-07,volatility_20,120,0.0868528869983625
2023-11-08,volatility_20,120,0.0894444130479815
2023-11-09,volatility_20,120,0.08954898901484051
2023-11-10,volatility_20,120,0.08828857042992762
2023-11-13,volatility_20,120,0.08829984587358332
2023-11-14,volatility_20,120,0.08887216107042518
2023-11-15,volatility_20,120,0.09037829220602897
2023-11-16,volatility_20,120,0.09254042005655937
2023-11-17,volatility_20,120,0.09691992262907716
2023-11-20,volatility_20,120,0.10046778088535649
2023-11-21,volatility_20,120,0.10362351032008633
2023-11-22,volatility_20,120,0.10570665918001461
2023-11-23,volatility_20,120,0.10787761302433589
2023-11-24,volatility_20,120,0.10699955686443605
2023-11-27,volatility_20,120,0.10679961295880061
2023-11-28,volatility_20,120,0.10685096977130014
2023-11-29,volatility_20,120,0.10943622414004617
2023-11-30,volatility_20,120,0.11075541007212558
2023-12-01,volatility_20,120,0.11178149005826259
2023-12-04,volatility_20,120,0.11137775711636787
2023-12-05,volatility_20,120,0.11152872489311458
2023-12-06,volatility_20,120,0.110451229717396
2023-12-07,volatility_20,120,0.11239152431547954
2023-12-08,volatility_20,120,0.11514500306602872
2023-12-11,volatility_20,120,0.11658911583325028
2023-12-12,volatility_20,120,0.11781259951994331
2023-12-13,volatility_20,120,0.11848131767663657
2023-12-14,volatility_20,120,0.11798513753211815
2023-12-15,volatility_20,120,0.11734726998807571
2023-12-18,volatility_20,120,0.11667495766722481
2023-12-19,volatility_20,120,0.11614014350755306
2023-12-20,volatility_20,120,0.11623094300958862
2023-12-21,volatility_20,120,0.11582023484071521
2023-12-22,volatility_20,120,0.1146408930538816
2023-12-25,volatility_20,120,0.11370355743742358
2023-12-26,volatility_20,120,0.11303946030087816
2023-12-27,volatility_20,120,0.11205064955546094
2023-12-28,volatility_20,120,0.11165577024330654
2023-12-29,volatility_20,120,0.11227248457676213
2024-01-02,volatility_20,120,0.11346939058084717
2024-01-03,volatility_20,120,0.11484962193812526
2024-01-04,volatility_20,120,0.11415909869866714
2024-01-05,volatility_20,120,0.11411488751857646
2024-01-08,volatility_20,120,0.11226800044850653
2024-01-09,volatility_20,120,0.11035174416811587
2024-01-10,volatility_20,120,0.10862703071366452
2024-01-11,volatility_20,120,0.10696692153468981
2024-01-12,volatility_20,120,0.10423344425911749
2024-01-15,volatility_20,120,0.10185219021803557
2024-01-16,volatility_20,120,0.0993586329376316
2024-01-17,volatility_20,120,0.09700498113741199
2024-01-18,volatility_20,120,0.09615366037901844
2024-01-19,volatility_20,120,0.09777861656545644
2024-01-22,volatility_20,120,0.10065253335230179
2024-01-23,volatility_20,120,0.10576475938098673
2024-01-24,volatility_20,120,0.1109217487554878
2024-01-25,volatility_20,120,0.11505873858263564
2024-01-26,volatility_20,120,0.11863625737507541
2024-01-29,volatility_20,120,0.12086990156211173
2024-01-30,volatility_20,120,0.12142648713509893
2024-01-31,volatility_20,120,0.12333427958685572
2024-02-01,volatility_20,120,0.1258085068315575
2024-02-02,volatility_20,120,0.12721313093559056
2024-02-05,volatility_20,120,0.12701151053748663
2024-02-06,volatility_20,120,0.12300889966841826
2024-02-07,volatility_20,120,0.11843462807852562
2024-02-08,volatility_20,120,0.11356388123032107
2024-02-19,volatility_20,120,0.1083607047893869
2024-02-20,volatility_20,120,0.1028942780297052
2024-02-21,volatility_20,120,0.0990372368884986
2024-02-22,volatility_20,120,0.09653366333520531
2024-02-23,volatility_20,120,0.09716332438610228
2024-02-26,volatility_20,120,0.09930392532077782
2024-02-27,volatility_20,120,0.10378911250699414
2024-02-28,volatility_20,120,0.10298298583448433
2024-02-29,volatility_20,120,0.10281144293248297
2024-03-01,volatility_20,120,0.10172664531043936
2024-03-04,volatility_20,120,0.10196850125535453
2024-03-05,volatility_20,120,0.09809093962841255
2024-03-06,volatility_20,120,0.09476677631582976
2024-03-07,volatility_20,120,0.09174606715383925
2024-03-08,volatility_20,120,0.08896631122047895
2024-03-11,volatility_20,120,0.08255563149383599
2024-03-12,volatility_20,120,0.07704256155969312
2024-03-13,volatility_20,120,0.0702189068505685
2024-03-14,volatility_20,120,0.06426176335880299
2024-03-15,volatility_20,120,0.05981341694833776
2024-03-18,volatility_20,120,0.057526062989011625
2024-03-19,volatility_20,120,0.0567823090288365
2024-03-20,volatility_20,120,0.060186603490366544
2024-03-21,volatility_20,120,0.062154468131997626
2024-03-22,volatility_20,120,0.06538855527979527
2024-03-25,volatility_20,120,0.06708805228317824
2024-03-26,volatility_20,120,0.06971923795523546
2024-03-27,volatility_20,120,0.07258874800684272
2024-03-28,volatility_20,120,0.07901971217286666
2024-03-29,volatility_20,120,0.08498783802197399
2024-04-01,volatility_20,120,0.09056004822015082
2024-04-02,volatility_20,120,0.09642689324699955
2024-04-03,volatility_20,120,0.10041456864385144
2024-04-08,volatility_20,120,0.10402521334493857
2024-04-09,volatility_20,120,0.10572149249212683
2024-04-10,volatility_20,120,0.10769030926790348
2024-04-11,volatility_20,120,0.10786271299976796
2024-04-12,volatility_20,120,0.10828565479155515
2024-04-15,volatility_20,120,0.10839276818789646
2024-04-16,volatility_20,120,0.10440221864674638
2024-04-17,volatility_20,120,0.10186074622502074
2024-04-18,volatility_20,120,0.09848592739652427
2024-04-19,volatility_20,120,0.09647401029361034
2024-04-22,volatility_20,120,0.09163967832889622
2024-04-23,volatility_20,120,0.08771527642042581
2024-04-24,volatility_20,120,0.08450299722773998
2024-04-25,volatility_20,120,0.08250305524617776
2024-04-26,volatility_20,120,0.08093989074441693
2024-04-29,volatility_20,120,0.08142661506591933
2024-04-30,volatility_20,120,0.08248103705829667
2024-05-06,volatility_20,120,0.08559882349769483
2024-05-07,volatility_20,120,0.0892730732460136
2024-05-08,volatility_20,120,0.09136575021368329
2024-05-09,volatility_20,120,0.09258419677233479
2024-05-10,volatility_20,120,0.09091794650679373
2024-05-13,volatility_20,120,0.08961616617591331
2024-05-14,volatility_20,120,0.09008183255295897
2024-05-15,volatility_20,120,0.08944277838489936
2024-05-16,volatility_20,120,0.08829444428952359
2024-05-17,volatility_20,120,0.08748064504509732
2024-05-20,volatility_20,120,0.08696215740928341
2024-05-21,volatility_20,120,0.08546343454138415
2024-05-22,volatility_20,120,0.08511519235265468
2024-05-23,volatility_20,120,0.08537256337957412
2024-05-24,volatility_20,120,0.08489551412305442
2024-05-27,volatility_20,120,0.08452113699706937
2024-05-28,volatility_20,120,0.08555943730548879
2024-05-29,volatility_20,120,0.08651666157341967
2024-05-30,volatility_20,120,0.08647485873620711
2024-05-31,volatility_20,120,0.08666478738505153
2024-06-03,volatility_20,120,0.08616125164674561
2024-06-04,volatility_20,120,0.08551625735745481
2024-06-05,volatility_20,120,0.08390974203976208
2024-06-06,volatility_20,120,0.08152671657887188
2024-06-07,volatility_20,120,0.08087549358422672
2024-06-11,volatility_20,120,0.0787383280146157
2024-06-12,volatility_20,120,0.07632678277553459
2024-06-13,volatility_20,120,0.07459450786550494
2024-06-14,volatility_20,120,0.07294062311065737
2024-06-17,volatility_20,120,0.07221361310681622
2024-06-18,volatility_20,120,0.07199273740219593
2024-06-19,volatility_20,120,0.07156351842289918
2024-06-20,volatility_20,120,0.07135230438093491
2024-06-21,volatility_20,120,0.0699261206042766
2024-06-24,volatility_20,120,0.06745816303750153
2024-06-25,volatility_20,120,0.06624981059252352
2024-06-26,volatility_20,120,0.06771198559128692
2024-06-27,volatility_20,120,0.06904162998039452
2024-06-28,volatility_20,120,0.06987508413206081
2024-07-01,volatility_20,120,0.07111393355923436
2024-07-02,volatility_20,120,0.07111859986416826
2024-07-03,volatility_20,120,0.0698219612448385
2024-07-04,volatility_20,120,0.06674640574721784
2024-07-05,volatility_20,120,0.06434575973539167
2024-07-08,volatility_20,120,0.06345926452309018
2024-07-09,volatility_20,120,0.06231538349691305
2024-07-10,volatility_20,120,0.06228525288442874
2024-07-11,volatility_20,120,0.06208032100754988
2024-07-12,volatility_20,120,0.06237670337160182
2024-07-15,volatility_20,120,0.06018444215795479
2024-07-16,volatility_20,120,0.059251750378579375
2024-07-17,volatility_20,120,0.05909667766085722
2024-07-18,volatility_20,120,0.05937462712992626
2024-07-19,volatility_20,120,0.059145452687059126
2024-07-22,volatility_20,120,0.05789432247621028
2024-07-23,volatility_20,120,0.055488983336299015
2024-07-24,volatility_20,120,0.05190058021716059
2024-07-25,volatility_20,120,0.046849624998793846
2024-07-26,volatility_20,120,0.04240785173439888
2024-07-29,volatility_20,120,0.041159129969778635
2024-07-30,volatility_20,120,0.039881118253844355
2024-07-31,volatility_20,120,0.039251573132044464
2024-08-01,volatility_20,120,0.03998664810900608
2024-08-02,volatility_20,120,0.03937955660342456
2024-08-05,volatility_20,120,0.03773314265246579
2024-08-06,volatility_20,120,0.037527830713159537
2024-08-07,volatility_20,120,0.03992187796889942
2024-08-08,volatility_20,120,0.04337163504685268
2024-08-09,volatility_20,120,0.046400291985668425
2024-08-12,volatility_20,120,0.05107885880063287
2024-08-13,volatility_20,120,0.056686589367540376
2024-08-14,volatility_20,120,0.06246044444318685
2024-08-15,volatility_20,120,0.06635234415708191
2024-08-16,volatility_20,120,0.06973467322588495
2024-08-19,volatility_20,120,0.07070453828059216
2024-08-20,volatility_20,120,0.07105662850809
2024-08-21,volatility_20,120,0.06980449003929051
2024-08-22,volatility_20,120,0.07283870443689594
2024-08-23,volatility_20,120,0.07399659690001001
2024-08-26,volatility_20,120,0.07529053079984067
2024-08-27,volatility_20,120,0.07380112711992932
2024-08-28,volatility_20,120,0.07504997800308691
2024-08-29,volatility_20,120,0.07694822761015563
2024-08-30,volatility_20,120,0.08028964955155658
2024-09-02,volatility_20,120,0.08225200530933738
2024-09-03,volatility_20,120,0.08552471323072851
2024-09-04,volatility_20,120,0.08787390542816235
2024-09-05,volatility_20,120,0.09202521894151103
2024-09-06,volatility_20,120,0.0954318276304928
2024-09-09,volatility_20,120,0.09841691442891558
2024-09-10,volatility_20,120,0.09997244126989546
2024-09-11,volatility_20,120,0.10059365099770727
2024-09-12,volatility_20,120,0.09861140164927824
2024-09-13,volatility_20,120,0.09707518513279648
2024-09-18,volatility_20,120,0.09505309728750232
2024-09-19,volatility_20,120,0.09454517222537359
2024-09-20,volatility_20,120,0.09357765001657352
2024-09-23,volatility_20,120,0.09153047440394202
2024-09-24,volatility_20,120,0.0862196681021534
2024-09-25,volatility_20,120,0.08156721976269811
2024-09-26,volatility_20,120,0.07700979422141795
2024-09-27,volatility_20,120,0.07228374972485295
2024-09-30,volatility_20,120,0.0675877626873004
2024-10-08,volatility_20,120,0.06896202523590131
2024-10-09,volatility_20,120,0.06732820216049647
2024-10-10,volatility_20,120,0.0647324266135346
2024-10-11,volatility_20,120,0.058580150613148564
2024-10-14,volatility_20,120,0.052211100051805834
2024-10-15,volatility_20,120,0.0469866887341981
2024-10-16,volatility_20,120,0.04581530112609898
2024-10-17,volatility_20,120,0.04602863506671514
2024-10-18,volatility_20,120,0.04865472156250083
2024-10-21,volatility_20,120,0.05218840208112292
2024-10-22,volatility_20,120,0.057236979923911656
2024-10-23,volatility_20,120,0.060241960496139474
2024-10-24,volatility_20,120,0.06180607642489888
2024-10-25,volatility_20,120,0.06554533843504196
2024-10-28,volatility_20,120,0.06822633110589145
2024-10-29,volatility_20,120,0.06885234479270673
2024-10-30,volatility_20,120,0.06869991244693593
2024-10-31,volatility_20,120,0.0675003310927928
2024-11-01,volatility_20,120,0.06268197821734514
2024-11-04,volatility_20,120,0.05694505822195809
2024-11-05,volatility_20,120,0.05469715916703661
2024-11-06,volatility_20,120,0.0561477446996607
2024-11-07,volatility_20,120,0.058607188954292
2024-11-08,volatility_20,120,0.06202255338429093
2024-11-11,volatility_20,120,0.06782911301372029
2024-11-12,volatility_20,120,0.0714068987850562
2024-11-13,volatility_20,120,0.0736859073020917
2024-11-14,volatility_20,120,0.07535446443766194
2024-11-15,volatility_20,120,0.07533169188768914
2024-11-18,volatility_20,120,0.07275372154521603
2024-11-19,volatility_20,120,0.07172190198001548
2024-11-20,volatility_20,120,0.07319606890168226
2024-11-21,volatility_20,120,0.0739771287304596
2024-11-22,volatility_20,120,0.07458153598107113
2024-11-25,volatility_20,120,0.0732980678354864
2024-11-26,volatility_20,120,0.07117030380665487
2024-11-27,volatility_20,120,0.06886589918184606
2024-11-28,volatility_20,120,0.06561254779064142
2024-11-29,volatility_20,120,0.06399711936174707
2024-12-02,volatility_20,120,0.06466534996954397
2024-12-03,volatility_20,120,0.06695155535680376
2024-12-04,volatility_20,120,0.06687642898795393
2024-12-05,volatility_20,120,0.07025551192235503
2024-12-06,volatility_20,120,0.07201477478905809
2024-12-09,volatility_20,120,0.07390279761555399
2024-12-10,volatility_20,120,0.07732288369984018
2024-12-11,volatility_20,120,0.0795710522856026
2024-12-12,volatility_20,120,0.07935157839219542
2024-12-13,volatility_20,120,0.0788970737623173
2024-12-16,volatility_20,120,0.07949439092155931
2024-12-17,volatility_20,120,0.08063928083099468
2024-12-18,volatility_20,120,0.0837352491306365
2024-12-19,volatility_20,120,0.08651806818858263
2024-12-20,volatility_20,120,0.08816908434712341
2024-12-23,volatility_20,120,0.08745799402834198
2024-12-24,volatility_20,120,0.0873102217068172
2024-12-25,volatility_20,120,0.0855317909570988
2024-12-26,volatility_20,120,0.08570897611166357
2024-12-27,volatility_20,120,0.08702225275729318
2024-12-30,volatility_20,120,0.08874454587630529
2024-12-31,volatility_20,120,0.08839948748515214
2025-01-02,volatility_20,120,0.08737410446507339
2025-01-03,volatility_20,120,0.08563908747852406
2025-01-06,volatility_20,120,0.08178055554627701
2025-01-07,volatility_20,120,0.07809236683017984
2025-01-08,volatility_20,120,0.07463423499563498
2025-01-09,volatility_20,120,0.0751432292930186
2025-01-10,volatility_20,120,0.07331301352442916
2025-01-13,volatility_20,120,0.07039418279306282
2025-01-14,volatility_20,120,0.06982681054694194
2025-01-15,volatility_20,120,0.07038699834637845
2025-01-16,volatility_20,120,0.07072756779876313
2025-01-17,volatility_20,120,0.07085273146835558
2025-01-20,volatility_20,120,0.07274066156975548
2025-01-21,volatility_20,120,0.07495238649254651
2025-01-22,volatility_20,120,0.07425911564154805
2025-01-23,volatility_20,120,0.07042850798519601
2025-01-24,volatility_20,120,0.06631230081024612
2025-01-27,volatility_20,120,0.06099866233198138
2025-02-05,volatility_20,120,0.05493446911720031
2025-02-06,volatility_20,120,0.051704253843967
2025-02-07,volatility_20,120,0.049830340016681456
2025-02-10,volatility_20,120,0.04675735937423327
2025-02-11,volatility_20,120,0.04487604537474568
2025-02-12,volatility_20,120,0.04453523880375735
2025-02-13,volatility_20,120,0.04343556015640983
2025-02-14,volatility_20,120,0.04080569729120836
2025-02-17,volatility_20,120,0.03927318974650991
2025-02-18,volatility_20,120,0.035986179914553613
2025-02-19,volatility_20,120,0.03373223201668075
2025-02-20,volatility_20,120,0.0327175703024927
2025-02-21,volatility_20,120,0.033832920011542054
2025-02-24,volatility_20,120,0.034094621927023616
2025-02-25,volatility_20,120,0.03429417088959833
2025-02-26,volatility_20,120,0.035732835421874456
2025-02-27,volatility_20,120,0.03649134927535902
2025-02-28,volatility_20,120,0.03453389691769668
2025-03-03,volatility_20,120,0.034170162878702746
2025-03-04,volatility_20,120,0.035696371912148354
2025-03-05,volatility_20,120,0.03790518016851149
2025-03-06,volatility_20,120,0.0403537439132168
2025-03-07,volatility_20,120,0.04320519239182323
2025-03-10,volatility_20,120,0.04644235832806091
2025-03-11,volatility_20,120,0.048688201958939754
2025-03-12,volatility_20,120,0.05083975673490548
2025-03-13,volatility_20,120,0.05172393955218103
2025-03-14,volatility_20,120,0.05376001436639609
2025-03-17,volatility_20,120,0.05508800999050047
2025-03-18,volatility_20,120,0.05803919405200798
2025-03-19,volatility_20,120,0.06086369723633967
2025-03-20,volatility_20,120,0.06362872996213337
2025-03-21,volatility_20,120,0.06541384973011086
2025-03-24,volatility_20,120,0.06711283948851736
2025-03-25,volatility_20,120,0.0688191718493802
2025-03-26,volatility_20,120,0.07141790415283526
2025-03-27,volatility_20,120,0.07495363958736984
2025-03-28,volatility_20,120,0.07910031640774283
2025-03-31,volatility_20,120,0.08298755065801747
2025-04-01,volatility_20,120,0.0855940718947253
2025-04-02,volatility_20,120,0.08908730235627518
2025-04-03,volatility_20,120,0.08504274890597882
2025-04-07,volatility_20,120,0.07884125040077906
2025-04-08,volatility_20,120,0.07497034097327403
2025-04-09,volatility_20,120,0.07753022324114948
2025-04-10,volatility_20,120,0.08141165435689794
2025-04-11,volatility_20,120,0.08602686047306586
2025-04-14,volatility_20,120,0.09026711643554886
2025-04-15,volatility_20,120,0.09323542111650807
2025-04-16,volatility_20,120,0.09152460253110914
2025-04-17,volatility_20,120,0.08984426346700845
2025-04-18,volatility_20,120,0.08886668338094353
2025-04-21,volatility_20,120,0.089299931263397
2025-04-22,volatility_20,120,0.08944637134662241
2025-04-23,volatility_20,120,0.08724257880340484
2025-04-24,volatility_20,120,0.08360947522845512
2025-04-25,volatility_20,120,0.08109175422498448
2025-04-28,volatility_20,120,0.07848434422476072
2025-04-29,volatility_20,120,0.07622425837562875
2025-04-30,volatility_20,120,0.07690353158886049
2025-05-06,volatility_20,120,0.08128436990503768
2025-05-07,volatility_20,120,0.08238296321525436
2025-05-08,volatility_20,120,0.0845016826507019
2025-05-09,volatility_20,120,0.0850281997990035
2025-05-12,volatility_20,120,0.08386574558878994
2025-05-13,volatility_20,120,0.08003568090555804
2025-05-14,volatility_20,120,0.07741182019709067
2025-05-15,volatility_20,120,0.07525536200501455
2025-05-16,volatility_20,120,0.07484288589188698
2025-05-19,volatility_20,120,0.07492532759390294
2025-05-20,volatility_20,120,0.07756806292433055
2025-05-21,volatility_20,120,0.07786158150613112
2025-05-22,volatility_20,120,0.07587422989075399
2025-05-23,volatility_20,120,0.0747667408647728
2025-05-26,volatility_20,120,0.07436007306705851
2025-05-27,volatility_20,120,0.07445444112681156
2025-05-28,volatility_20,120,0.0751348287212076
2025-05-29,volatility_20,120,0.07646859918106491
2025-05-30,volatility_20,120,0.0771268157511649
2025-06-03,volatility_20,120,0.07889155774074483
2025-06-04,volatility_20,120,0.08000783375189348
2025-06-05,volatility_20,120,0.08064827536456305
2025-06-06,volatility_20,120,0.08258997467063847
2025-06-09,volatility_20,120,0.08266024769059237
2025-06-10,volatility_20,120,0.08335003163868472
2025-06-11,volatility_20,120,0.08297700951563816
2025-06-12,volatility_20,120,0.08228200308435876
2025-06-13,volatility_20,120,0.08135633579733129
2025-06-16,volatility_20,120,0.08236121214107678
2025-06-17,volatility_20,120,0.0826995778403965
2025-06-18,volatility_20,120,0.08189867057337291
2025-06-19,volatility_20,120,0.08055667232661579
2025-06-20,volatility_20,120,0.07772700938513864
2025-06-23,volatility_20,120,0.07490899738067561
2025-06-24,volatility_20,120,0.0713806884499253
2025-06-25,volatility_20,120,0.07026265022353533
2025-06-26,volatility_20,120,0.06774292857360852
2025-06-27,volatility_20,120,0.06858394940250032
2025-06-30,volatility_20,120,0.06900886408075496
2025-07-01,volatility_20,120,0.06866828434466107
2025-07-02,volatility_20,120,0.07018846539110582
2025-07-03,volatility_20,120,0.07344142397024195
2025-07-04,volatility_20,120,0.07494342885274317
2025-07-07,volatility_20,120,0.07684741014594275
2025-07-08,volatility_20,120,0.08070895234078482
2025-07-09,volatility_20,120,0.08313447146963135
2025-07-10,volatility_20,120,0.0839232442042194
2025-07-11,volatility_20,120,0.08418405514556979
2025-07-14,volatility_20,120,0.08644432141003715
2025-07-15,volatility_20,120,0.08852353045442354
2025-07-16,volatility_20,120,0.09004661514420857
2025-07-17,volatility_20,120,0.09117189817679942
2025-07-18,volatility_20,120,0.09134314886391831
2025-07-21,volatility_20,120,0.09131230316787303
2025-07-22,volatility_20,120,0.08862208554205443
2025-07-23,volatility_20,120,0.08617163782517377
2025-07-24,volatility_20,120,0.08678320233531649
2025-07-25,volatility_20,120,0.08862687505489421
2025-07-28,volatility_20,120,0.0915274215190389
2025-07-29,volatility_20,120,0.09645697879587777
2025-07-30,volatility_20,120,0.10048573154297144
2025-07-31,volatility_20,120,0.10265700972605109
2025-08-01,volatility_20,120,0.10360463664832556
2025-08-04,volatility_20,120,0.10498198985568385
2025-08-05,volatility_20,120,0.10551270206890467
2025-08-06,volatility_20,120,0.10571120279619056
2025-08-07,volatility_20,120,0.10721796724970753
2025-08-08,volatility_20,120,0.10837807130858357
2025-08-11,volatility_20,120,0.1072768286728849
2025-08-12,volatility_20,120,0.10786415072582188
2025-08-13,volatility_20,120,0.10819172330984952
2025-08-14,volatility_20,120,0.10697175120546608
2025-08-15,volatility_20,120,0.10449317022219616
2025-08-18,volatility_20,120,0.10332689191559569
2025-08-19,volatility_20,120,0.10274988194311513
2025-08-20,volatility_20,120,0.10257901072311941
2025-08-21,volatility_20,120,0.10262939807724436
2025-08-22,volatility_20,120,0.1049499255668634
2025-08-25,volatility_20,120,0.10712761173984295
2025-08-26,volatility_20,120,0.10742318451705017
2025-08-27,volatility_20,120,0.1064574372314488
2025-08-28,volatility_20,120,0.10489280199942135
2025-08-29,volatility_20,120,0.10430550403848585
2025-09-01,volatility_20,120,0.10359916292519665
2025-09-02,volatility_20,120,0.10380343938094974
2025-09-03,volatility_20,120,0.10219271650165992
2025-09-04,volatility_20,120,0.09918904355559219
2025-09-05,volatility_20,120,0.09637985738939468
2025-09-08,volatility_20,120,0.0931181095160203
2025-09-09,volatility_20,120,0.0867906755079497
2025-09-10,volatility_20,120,0.0813051699876753
2025-09-11,volatility_20,120,0.07696372239337486
2025-09-12,volatility_20,120,0.07447671767984416
2025-09-15,volatility_20,120,0.07091151657005415
2025-09-16,volatility_20,120,0.06801450998042344
2025-09-17,volatility_20,120,0.06457757534149561
2025-09-18,volatility_20,120,0.060642848660059964
2025-09-19,volatility_20,120,0.05702941756293359
2025-09-22,volatility_20,120,0.05391566854100272
2025-09-23,volatility_20,120,0.05174954562123717
2025-09-24,volatility_20,120,0.05038654594858846
2025-09-25,volatility_20,120,0.052027309994081304
2025-09-26,volatility_20,120,0.05780217469402419
2025-09-29,volatility_20,120,0.06424497093609433
2025-09-30,volatility_20,120,0.06814702149194393
2025-10-09,volatility_20,120,0.0720488025416643
2025-10-10,volatility_20,120,0.07425647051659029
2025-10-13,volatility_20,120,0.07695716493801613
2025-10-14,volatility_20,120,0.07699128241474926
2025-10-15,volatility_20,120,0.08042277199662042
2025-10-16,volatility_20,120,0.08252454561174287
2025-10-17,volatility_20,120,0.08155952331268083
2025-10-20,volatility_20,120,0.07883896771609437
2025-10-21,volatility_20,120,0.0771505328223394
2025-10-22,volatility_20,120,0.07483643310030477
2025-10-23,volatility_20,120,0.07481869371831239
2025-10-24,volatility_20,120,0.07634504157226955
2025-10-27,volatility_20,120,0.07966673861514396
2025-10-28,volatility_20,120,0.0829281780202955
2025-10-29,volatility_20,120,0.08628156433543714
2025-10-30,volatility_20,120,0.08643630983290963
2025-10-31,volatility_20,120,0.08747850717656018
2025-11-03,volatility_20,120,0.08627336039762785
2025-11-04,volatility_20,120,0.08650411445881247
2025-11-05,volatility_20,120,0.0876230710943607
2025-11-06,volatility_20,120,0.0895525154306447
2025-11-07,volatility_20,120,0.09132433693864098
2025-11-10,volatility_20,120,0.09194888813561695
2025-11-11,volatility_20,120,0.09123895856029114
2025-11-12,volatility_20,120,0.0912997179802094
2025-11-13,volatility_20,120,0.09146967552495854
2025-11-14,volatility_20,120,0.09203647869985737
2025-11-17,volatility_20,120,0.09339018340670677
2025-11-18,volatility_20,120,0.0935297426168372
2025-11-19,volatility_20,120,0.09338832235581747
2025-11-20,volatility_20,120,0.09378672586117914
2025-11-21,volatility_20,120,0.09278690228124029
2025-11-24,volatility_20,120,0.0905245229462234
2025-11-25,volatility_20,120,0.0929360945757899
2025-11-26,volatility_20,120,0.09446134483393545
2025-11-27,volatility_20,120,0.09567354271745715
2025-11-28,volatility_20,120,0.09695496374069361
2025-12-01,volatility_20,120,0.09611558944579526
2025-12-02,volatility_20,120,0.09372652716761641
2025-12-03,volatility_20,120,0.09125166678289656
2025-12-04,volatility_20,120,0.08880509753373772
2025-12-05,volatility_20,120,0.0857204618543681
2025-12-08,volatility_20,120,0.08415266679479366
2025-12-09,volatility_20,120,0.08376305752883002
2025-12-10,volatility_20,120,0.08396796174887738
2025-12-11,volatility_20,120,0.08499233263858898
2025-12-12,volatility_20,120,0.08699930306807808
2025-12-15,volatility_20,120,0.08889977759083992
2025-12-16,volatility_20,120,0.08930483505823215
2025-12-17,volatility_20,120,0.08903789593352676
2025-12-18,volatility_20,120,0.08568470139053044
2025-12-19,volatility_20,120,0.08356536175831179
2025-12-22,volatility_20,120,0.08050961518976361
2025-12-23,volatility_20,120,0.07577728161635768
2025-12-24,volatility_20,120,0.07222053306667035
2018-04-03,volatility_60,60,
2018-04-04,volatility_60,60,
2018-04-09,volatility_60,60,
2018-04-10,volatility_60,60,
2018-04-11,volatility_60,60,
2018-04-12,volatility_60,60,
2018-04-13,volatility_60,60,
2018-04-16,volatility_60,60,
2018-04-17,volatility_60,60,
2018-04-18,volatility_60,60,
2018-04-19,volatility_60,60,
2018-04-20,volatility_60,60,
2018-04-23,volatility_60,60,
2018-04-24,volatility_60,60,
2018-04-25,volatility_60,60,
2018-04-26,volatility_60,60,
2018-04-27,volatility_60,60,
2018-05-02,volatility_60,60,
2018-05-03,volatility_60,60,
2018-05-04,volatility_60,60,
2018-05-07,volatility_60,60,
2018-05-08,volatility_60,60,
2018-05-09,volatility_60,60,
2018-05-10,volatility_60,60,
2018-05-11,volatility_60,60,
2018-05-14,volatility_60,60,
2018-05-15,volatility_60,60,
2018-05-16,volatility_60,60,
2018-05-17,volatility_60,60,
2018-05-18,volatility_60,60,
2018-05-21,volatility_60,60,
2018-05-22,volatility_60,60,
2018-05-23,volatility_60,60,
2018-05-24,volatility_60,60,
2018-05-25,volatility_60,60,
2018-05-28,volatility_60,60,
2018-05-29,volatility_60,60,
2018-05-30,volatility_60,60,
2018-05-31,volatility_60,60,
2018-06-01,volatility_60,60,
2018-06-04,volatility_60,60,
2018-06-05,volatility_60,60,
2018-06-06,volatility_60,60,
2018-06-07,volatility_60,60,
2018-06-08,volatility_60,60,
2018-06-11,volatility_60,60,
2018-06-12,volatility_60,60,
2018-06-13,volatility_60,60,
2018-06-14,volatility_60,60,
2018-06-15,volatility_60,60,
2018-06-19,volatility_60,60,
2018-06-20,volatility_60,60,
2018-06-21,volatility_60,60,
2018-06-22,volatility_60,60,
2018-06-25,volatility_60,60,
2018-06-26,volatility_60,60,
2018-06-27,volatility_60,60,
2018-06-28,volatility_60,60,
2018-06-29,volatility_60,60,
2018-07-02,volatility_60,60,0.004943969568914881
2018-07-03,volatility_60,60,0.009310773389057255
2018-07-04,volatility_60,60,0.012664792616000809
2018-07-05,volatility_60,60,0.007194557515920491
2018-07-06,volatility_60,60,-0.00436365516411505
2018-07-09,volatility_60,60,-0.012952413225668506
2018-07-10,volatility_60,60,-0.017109492837779197
2018-07-11,volatility_60,60,-0.02259007347218567
2018-07-12,volatility_60,60,-0.026421886361395037
2018-07-13,volatility_60,60,-0.020956664044408536
2018-07-16,volatility_60,60,-0.014151113756340473
2018-07-17,volatility_60,60,-0.008212242295234793
2018-07-18,volatility_60,60,-0.0017141595933434942
2018-07-19,volatility_60,60,0.00506573106351718
2018-07-20,volatility_60,60,0.01098147819356027
2018-07-23,volatility_60,60,0.01492656354471058
2018-07-24,volatility_60,60,0.025191372878276153
2018-07-25,volatility_60,60,0.038113918471944626
2018-07-26,volatility_60,60,0.05043980882427711
2018-07-27,volatility_60,60,0.061211182953010985
2018-07-30,volatility_60,60,0.07197153813625265
2018-07-31,volatility_60,60,0.07571801962578512
2018-08-01,volatility_60,60,0.08070355673524233
2018-08-02,volatility_60,60,0.08082830085376035
2018-08-03,volatility_60,60,0.07833798492958724
2018-08-06,volatility_60,60,0.07564883425579245
2018-08-07,volatility_60,60,0.07975400551257968
2018-08-08,volatility_60,60,0.0804285548247879
2018-08-09,volatility_60,60,0.08552059988546441
2018-08-10,volatility_60,60,0.09528747817235168
2018-08-13,volatility_60,60,0.10359975755272352
2018-08-14,volatility_60,60,0.10881579707395676
2018-08-15,volatility_60,60,0.10912566366463658
2018-08-16,volatility_60,60,0.10448948440645901
2018-08-17,volatility_60,60,0.09710437789842481
2018-08-20,volatility_60,60,0.08724595738507838
2018-08-21,volatility_60,60,0.07902425623344185
2018-08-22,volatility_60,60,0.07650607229868173
2018-08-23,volatility_60,60,0.08049366043399399
2018-08-24,volatility_60,60,0.08467845490118901
2018-08-27,volatility_60,60,0.09546409581928787
2018-08-28,volatility_60,60,0.10235504448348984
2018-08-29,volatility_60,60,0.10791880782930979
2018-08-30,volatility_60,60,0.11121700687506732
2018-08-31,volatility_60,60,0.1143958138335802
2018-09-03,volatility_60,60,0.11776735109182788
2018-09-04,volatility_60,60,0.11929269971710964
2018-09-05,volatility_60,60,0.11903820820301768
2018-09-06,volatility_60,60,0.11601035428526833
2018-09-07,volatility_60,60,0.1147052593136271
2018-09-10,volatility_60,60,0.11542651891433471
2018-09-11,volatility_60,60,0.12035066167640204
2018-09-12,volatility_60,60,0.12114668462633515
2018-09-13,volatility_60,60,0.1260444629588536
2018-09-14,volatility_60,60,0.1311459053940607
2018-09-17,volatility_60,60,0.1322253575295776
2018-09-18,volatility_60,60,0.13683416450492733
2018-09-19,volatility_60,60,0.1417888797002077
2018-09-20,volatility_60,60,0.14226197185071354
2018-09-21,volatility_60,60,0.14208762357523494
2018-09-25,volatility_60,60,0.14567788801024292
2018-09-26,volatility_60,60,0.14845043508705338
2018-09-27,volatility_60,60,0.1533421779449994
2018-09-28,volatility_60,60,0.16430152346449298
2018-10-08,volatility_60,60,0.1732056837302095
2018-10-09,volatility_60,60,0.18091701818198988
2018-10-10,volatility_60,60,0.18473133022595772
2018-10-11,volatility_60,60,0.1893840243589804
2018-10-12,volatility_60,60,0.18930749494749044
2018-10-15,volatility_60,60,0.18418415434058946
2018-10-16,volatility_60,60,0.1756866006998706
2018-10-17,volatility_60,60,0.16914827144635528
2018-10-18,volatility_60,60,0.16365447583196868
2018-10-19,volatility_60,60,0.1590927646281811
2018-10-22,volatility_60,60,0.1573817071484599
2018-10-23,volatility_60,60,0.1542930561682125
2018-10-24,volatility_60,60,0.14837790102214363
2018-10-25,volatility_60,60,0.13745697833091297
2018-10-26,volatility_60,60,0.12346469107095773
2018-10-29,volatility_60,60,0.1091651574068039
2018-10-30,volatility_60,60,0.09374014824000833
2018-10-31,volatility_60,60,0.0825678794302394
2018-11-01,volatility_60,60,0.07435894662850825
2018-11-02,volatility_60,60,0.07111135667137929
2018-11-05,volatility_60,60,0.06918856430176065
2018-11-06,volatility_60,60,0.07263129160327671
2018-11-07,volatility_60,60,0.07275901439469815
2018-11-08,volatility_60,60,0.07053593830180085
2018-11-09,volatility_60,60,0.06597220153686907
2018-11-12,volatility_60,60,0.05834465013374827
2018-11-13,volatility_60,60,0.054378666745894935
2018-11-14,volatility_60,60,0.05277126383309538
2018-11-15,volatility_60,60,0.05488322996132162
2018-11-16,volatility_60,60,0.06021216355596139
2018-11-19,volatility_60,60,0.0677261382908678
2018-11-20,volatility_60,60,0.07571792470902913
2018-11-21,volatility_60,60,0.08085465384388037
2018-11-22,volatility_60,60,0.08630499545236704
2018-11-23,volatility_60,60,0.08655258175227551
2018-11-26,volatility_60,60,0.08217145284123636
2018-11-27,volatility_60,60,0.07412505618196266
2018-11-28,volatility_60,60,0.06917591483364724
2018-11-29,volatility_60,60,0.06322492893019092
2018-11-30,volatility_60,60,0.05650448622659011
2018-12-03,volatility_60,60,0.055964915839456404
2018-12-04,volatility_60,60,0.052548379677131905
2018-12-05,volatility_60,60,0.04918715413095206
2018-12-06,volatility_60,60,0.0444572660657988
2018-12-07,volatility_60,60,0.044943036855251674
2018-12-10,volatility_60,60,0.04379350642567502
2018-12-11,volatility_60,60,0.04463294394646995
2018-12-12,volatility_60,60,0.045849804032736995
2018-12-13,volatility_60,60,0.047674358763944866
2018-12-14,volatility_60,60,0.04590751495126778
2018-12-17,volatility_60,60,0.04747204765665722
2018-12-18,volatility_60,60,0.05231717166563527
2018-12-19,volatility_60,60,0.052595525634259184
2018-12-20,volatility_60,60,0.05076286304977911
2018-12-21,volatility_60,60,0.04919778525343807
2018-12-24,volatility_60,60,0.04537066054396443
2018-12-25,volatility_60,60,0.043461224648875696
2018-12-26,volatility_60,60,0.03948905255476286
2018-12-27,volatility_60,60,0.034382771909613453
2018-12-28,volatility_60,60,0.03070352702029046
2019-01-02,volatility_60,60,0.029924010818819055
2019-01-03,volatility_60,60,0.025093164197229227
2019-01-04,volatility_60,60,0.02246172533553209
2019-01-07,volatility_60,60,0.02014325489788508
2019-01-08,volatility_60,60,0.017466190913254277
2019-01-09,volatility_60,60,0.01739436451591049
2019-01-10,volatility_60,60,0.020634044241030765
2019-01-11,volatility_60,60,0.021994245411706782
2019-01-14,volatility_60,60,0.022130755640510924
2019-01-15,volatility_60,60,0.0236702176987901
2019-01-16,volatility_60,60,0.02005461509940023
2019-01-17,volatility_60,60,0.015658716374206814
2019-01-18,volatility_60,60,0.014720148393615554
2019-01-21,volatility_60,60,0.019345613651809222
2019-01-22,volatility_60,60,0.02922627814050922
2019-01-23,volatility_60,60,0.038173417506464344
2019-01-24,volatility_60,60,0.04743780208908525
2019-01-25,volatility_60,60,0.05313972081053475
2019-01-28,volatility_60,60,0.05395324675274989
2019-01-29,volatility_60,60,0.04986371301487384
2019-01-30,volatility_60,60,0.045614657347150436
2019-01-31,volatility_60,60,0.03839478213315739
2019-02-01,volatility_60,60,0.03243456568705051
2019-02-11,volatility_60,60,0.02999714957495527
2019-02-12,volatility_60,60,0.027905979527683658
2019-02-13,volatility_60,60,0.026157065256922542
2019-02-14,volatility_60,60,0.02205743441493616
2019-02-15,volatility_60,60,0.013259458741131125
2019-02-18,volatility_60,60,0.0037070954223979826
2019-02-19,volatility_60,60,-0.005653266779963441
2019-02-20,volatility_60,60,-0.014565541341804565
2019-02-21,volatility_60,60,-0.021907161946931836
2019-02-22,volatility_60,60,-0.025635435628067544
2019-02-25,volatility_60,60,-0.027065886998452058
2019-02-26,volatility_60,60,-0.03299963765457898
2019-02-27,volatility_60,60,-0.03312092329723353
2019-02-28,volatility_60,60,-0.03243563417617239
2019-03-01,volatility_60,60,-0.03203325567687673
2019-03-04,volatility_60,60,-0.03115237736158993
2019-03-05,volatility_60,60,-0.028653116293915204
2019-03-06,volatility_60,60,-0.030444317638699994
2019-03-07,volatility_60,60,-0.031393185649937774
2019-03-08,volatility_60,60,-0.03257474890835558
2019-03-11,volatility_60,60,-0.027357254922091588
2019-03-12,volatility_60,60,-0.02559840641927911
2019-03-13,volatility_60,60,-0.02393320929209396
2019-03-14,volatility_60,60,-0.02567818078357744
2019-03-15,volatility_60,60,-0.026122419197174434
2019-03-18,volatility_60,60,-0.023937020697300585
2019-03-19,volatility_60,60,-0.018914899725509284
2019-03-20,volatility_60,60,-0.014241727020965938
2019-03-21,volatility_60,60,-0.009454126965644294
2019-03-22,volatility_60,60,-0.005694975375870984
2019-03-25,volatility_60,60,-0.0072723533844508545
2019-03-26,volatility_60,60,-0.008495367854081703
2019-03-27,volatility_60,60,-0.011067637486161469
2019-03-28,volatility_60,60,-0.01563451061116335
2019-03-29,volatility_60,60,-0.01452409786940837
2019-04-01,volatility_60,60,-0.011079487018764149
2019-04-02,volatility_60,60,-0.0074870304887850085
2019-04-03,volatility_60,60,-0.0031482613295367823
2019-04-04,volatility_60,60,0.005009782790452267
2019-04-08,volatility_60,60,0.010458322919428107
2019-04-09,volatility_60,60,0.014076735537940753
2019-04-10,volatility_60,60,0.015909479265470452
2019-04-11,volatility_60,60,0.016389491737161595
2019-04-12,volatility_60,60,0.014194292521620126
2019-04-15,volatility_60,60,0.011348310666770436
2019-04-16,volatility_60,60,0.011292297563276694
2019-04-17,volatility_60,60,0.008464725088849026
2019-04-18,volatility_60,60,0.011599238699405068
2019-04-19,volatility_60,60,0.015147910245699106
2019-04-22,volatility_60,60,0.01680897920105318
2019-04-23,volatility_60,60,0.01694083292467875
2019-04-24,volatility_60,60,0.020366813094818356
2019-04-25,volatility_60,60,0.023063510318861582
2019-04-26,volatility_60,60,0.025179786452145695
2019-04-29,volatility_60,60,0.025992083569909695
2019-04-30,volatility_60,60,0.029290762886602324
2019-05-06,volatility_60,60,0.030680909924665514
2019-05-07,volatility_60,60,0.03380051150760626
2019-05-08,volatility_60,60,0.03544327176043815
2019-05-09,volatility_60,60,0.04002729647662733
2019-05-10,volatility_60,60,0.051005737552654716
2019-05-13,volatility_60,60,0.05790716890895298
2019-05-14,volatility_60,60,0.06241657774630898
2019-05-15,volatility_60,60,0.06758830585730972
2019-05-16,volatility_60,60,0.0774720697389784
2019-05-17,volatility_60,60,0.08256778019622849
2019-05-20,volatility_60,60,0.08503085947237429
2019-05-21,volatility_60,60,0.08982489011114343
2019-05-22,volatility_60,60,0.09367745860029915
2019-05-23,volatility_60,60,0.09373449457622017
2019-05-24,volatility_60,60,0.09006326650544962
2019-05-27,volatility_60,60,0.09731866794497537
2019-05-28,volatility_60,60,0.10209659134397618
2019-05-29,volatility_60,60,0.1073871154159964
2019-05-30,volatility_60,60,0.11020400853679718
2019-05-31,volatility_60,60,0.1128673588910934
2019-06-03,volatility_60,60,0.10946956161320023
2019-06-04,volatility_60,60,0.10715690226385587
2019-06-05,volatility_60,60,0.10465821854485752
2019-06-06,volatility_60,60,0.10454521575536023
2019-06-10,volatility_60,60,0.10469196291094267
2019-06-11,volatility_60,60,0.10788823414615509
2019-06-12,volatility_60,60,0.11034219585497593
2019-06-13,volatility_60,60,0.11546523778637531
2019-06-14,volatility_60,60,0.11264404439502532
2019-06-17,volatility_60,60,0.1083892930651904
2019-06-18,volatility_60,60,0.10355482803331699
2019-06-19,volatility_60,60,0.09996489442163532
2019-06-20,volatility_60,60,0.09440726279676746
2019-06-21,volatility_60,60,0.09448993008085746
2019-06-24,volatility_60,60,0.09499387735265602
2019-06-25,volatility_60,60,0.09497788398104677
2019-06-26,volatility_60,60,0.09460491325653858
2019-06-27,volatility_60,60,0.09607234634240162
2019-06-28,volatility_60,60,0.09178590813120152
2019-07-01,volatility_60,60,0.0934725460126966
2019-07-02,volatility_60,60,0.09578006380625334
2019-07-03,volatility_60,60,0.09770674512534792
2019-07-04,volatility_60,60,0.09808193573490066
2019-07-05,volatility_60,60,0.10012543683751597
2019-07-08,volatility_60,60,0.09767890449548423
2019-07-09,volatility_60,60,0.0988481085669934
2019-07-10,volatility_60,60,0.09742553808498032
2019-07-11,volatility_60,60,0.09744403998213583
2019-07-12,volatility_60,60,0.09831719346339995
2019-07-15,volatility_60,60,0.10246791478964945
2019-07-16,volatility_60,60,0.10554051206421823
2019-07-17,volatility_60,60,0.102701220780773
2019-07-18,volatility_60,60,0.09831559767965377
2019-07-19,volatility_60,60,0.09519680105422638
2019-07-22,volatility_60,60,0.08870669184906557
2019-07-23,volatility_60,60,0.0788531449512256
2019-07-24,volatility_60,60,0.07378579032578543
2019-07-25,volatility_60,60,0.0691345083102764
2019-07-26,volatility_60,60,0.06541158002212752
2019-07-29,volatility_60,60,0.0631868807674231
2019-07-30,volatility_60,60,0.0641941278611517
2019-07-31,volatility_60,60,0.06515700498553567
2019-08-01,volatility_60,60,0.06912259162869698
2019-08-02,volatility_60,60,0.0720572590975323
2019-08-05,volatility_60,60,0.06657004961068556
2019-08-06,volatility_60,60,0.06387610923163763
2019-08-07,volatility_60,60,0.06163991926950074
2019-08-08,volatility_60,60,0.057661388695093414
2019-08-09,volatility_60,60,0.05218637211359389
2019-08-12,volatility_60,60,0.05082400455562428
2019-08-13,volatility_60,60,0.04929727252277236
2019-08-14,volatility_60,60,0.04538756121891461
2019-08-15,volatility_60,60,0.043407850301304354
2019-08-16,volatility_60,60,0.044095312945030884
2019-08-19,volatility_60,60,0.04638715496218907
2019-08-20,volatility_60,60,0.04520156516265395
2019-08-21,volatility_60,60,0.04260068193860156
2019-08-22,volatility_60,60,0.04080061967278448
2019-08-23,volatility_60,60,0.040367936710802514
2019-08-26,volatility_60,60,0.038521470309914006
2019-08-27,volatility_60,60,0.04090131698633012
2019-08-28,volatility_60,60,0.04155301087146256
2019-08-29,volatility_60,60,0.04055094438284755
2019-08-30,volatility_60,60,0.0373596253111462
2019-09-02,volatility_60,60,0.030219382040104607
2019-09-03,volatility_60,60,0.02076938879440232
2019-09-04,volatility_60,60,0.014020784824515508
2019-09-05,volatility_60,60,0.00722277973900055
2019-09-06,volatility_60,60,0.00736648279563664
2019-09-09,volatility_60,60,0.013444284301539777
2019-09-10,volatility_60,60,0.017418675190309697
2019-09-11,volatility_60,60,0.014549597995273304
2019-09-12,volatility_60,60,0.014614914796875796
2019-09-16,volatility_60,60,0.00906553174430134
2019-09-17,volatility_60,60,0.005121394362092926
2019-09-18,volatility_60,60,0.006461984684280708
2019-09-19,volatility_60,60,0.013233096148807477
2019-09-20,volatility_60,60,0.01675809642991907
2019-09-23,volatility_60,60,0.0241240195148299
2019-09-24,volatility_60,60,0.026181785295560478
2019-09-25,volatility_60,60,0.025066359910256186
2019-09-26,volatility_60,60,0.01776793302247479
2019-09-27,volatility_60,60,0.015991202581799598
2019-09-30,volatility_60,60,0.010956177644906324
2019-10-08,volatility_60,60,0.010108834186953014
2019-10-09,volatility_60,60,0.010122247708754155
2019-10-10,volatility_60,60,0.013860908123299185
2019-10-11,volatility_60,60,0.016205140481192922
2019-10-14,volatility_60,60,0.019727597428522484
2019-10-15,volatility_60,60,0.01738378612567978
2019-10-16,volatility_60,60,0.016971430001047807
2019-10-17,volatility_60,60,0.01988000598195767
2019-10-18,volatility_60,60,0.024531883096966575
2019-10-21,volatility_60,60,0.023089194311203775
2019-10-22,volatility_60,60,0.027675133912806373
2019-10-23,volatility_60,60,0.03271479823256953
2019-10-24,volatility_60,60,0.033524861610445954
2019-10-25,volatility_60,60,0.035272864324070584
2019-10-28,volatility_60,60,0.03927947158579035
2019-10-29,volatility_60,60,0.04021577824774873
2019-10-30,volatility_60,60,0.04161475092871657
2019-10-31,volatility_60,60,0.0409526963524305
2019-11-01,volatility_60,60,0.039172218134219915
2019-11-04,volatility_60,60,0.03768870457614721
2019-11-05,volatility_60,60,0.03577682123551803
2019-11-06,volatility_60,60,0.03166274147703652
2019-11-07,volatility_60,60,0.02867128639261153
2019-11-08,volatility_60,60,0.026678800935472348
2019-11-11,volatility_60,60,0.024715414374761865
2019-11-12,volatility_60,60,0.020888672973668747
2019-11-13,volatility_60,60,0.02024462049876751
2019-11-14,volatility_60,60,0.022143443299947906
2019-11-15,volatility_60,60,0.025307687826420112
2019-11-18,volatility_60,60,0.029974669446025747
2019-11-19,volatility_60,60,0.03492297254412715
2019-11-20,volatility_60,60,0.040077257784578504
2019-11-21,volatility_60,60,0.04567620603850965
2019-11-22,volatility_60,60,0.05037828127495995
2019-11-25,volatility_60,60,0.05042171276679639
2019-11-26,volatility_60,60,0.051035616507046015
2019-11-27,volatility_60,60,0.052365359744520154
2019-11-28,volatility_60,60,0.05246675508458311
2019-11-29,volatility_60,60,0.0508078307562375
2019-12-02,volatility_60,60,0.049349129903227956
2019-12-03,volatility_60,60,0.050157958420490686
2019-12-04,volatility_60,60,0.050493782261280616
2019-12-05,volatility_60,60,0.05024037503628097
2019-12-06,volatility_60,60,0.04986839582721236
2019-12-09,volatility_60,60,0.04803227203464038
2019-12-10,volatility_60,60,0.041543854315039146
2019-12-11,volatility_60,60,0.03440908585120913
2019-12-12,volatility_60,60,0.034573152336398204
2019-12-13,volatility_60,60,0.03626677172247861
2019-12-16,volatility_60,60,0.043483799834057583
2019-12-17,volatility_60,60,0.050881545105342964
2019-12-18,volatility_60,60,0.051928251929753685
2019-12-19,volatility_60,60,0.049324226637571904
2019-12-20,volatility_60,60,0.0462059120717409
2019-12-23,volatility_60,60,0.040941448068185025
2019-12-24,volatility_60,60,0.03574363161704463
2019-12-25,volatility_60,60,0.03293648599018476
2019-12-26,volatility_60,60,0.03675330381410673
2019-12-27,volatility_60,60,0.033481214273908856
2019-12-30,volatility_60,60,0.031140332973127138
2019-12-31,volatility_60,60,0.028812655524759246
2020-01-02,volatility_60,60,0.02460162425643447
2020-01-03,volatility_60,60,0.018263331591891915
2020-01-06,volatility_60,60,0.011548314886886653
2020-01-07,volatility_60,60,0.0072696344505602225
2020-01-08,volatility_60,60,0.002097719545093572
2020-01-09,volatility_60,60,-0.003967793233520013
2020-01-10,volatility_60,60,-0.01055881245557153
2020-01-13,volatility_60,60,-0.01550097451479526
2020-01-14,volatility_60,60,-0.01636205442904726
2020-01-15,volatility_60,60,-0.019020758896886883
2020-01-16,volatility_60,60,-0.019931249476733717
2020-01-17,volatility_60,60,-0.018946178240198116
2020-01-20,volatility_60,60,-0.018994913494749785
2020-01-21,volatility_60,60,-0.019957208761877527
2020-01-22,volatility_60,60,-0.020506294879125527
2020-01-23,volatility_60,60,-0.022501169929423286
2020-02-03,volatility_60,60,-0.02445580815620891
2020-02-04,volatility_60,60,-0.02834452582702624
2020-02-05,volatility_60,60,-0.03578936628395355
2020-02-06,volatility_60,60,-0.039495777090765245
2020-02-07,volatility_60,60,-0.03891055691365994
2020-02-10,volatility_60,60,-0.03855572006080083
2020-02-11,volatility_60,60,-0.04256536632554094
2020-02-12,volatility_60,60,-0.04229630747660836
2020-02-13,volatility_60,60,-0.04082594108371524
2020-02-14,volatility_60,60,-0.042328554237960565
2020-02-17,volatility_60,60,-0.04678844806445948
2020-02-18,volatility_60,60,-0.05153537889689041
2020-02-19,volatility_60,60,-0.05724986640778968
2020-02-20,volatility_60,60,-0.060686370382652184
2020-02-21,volatility_60,60,-0.06078481512162458
2020-02-24,volatility_60,60,-0.05912515888211735
2020-02-25,volatility_60,60,-0.0571613926730543
2020-02-26,volatility_60,60,-0.05370845546318922
2020-02-27,volatility_60,60,-0.051444293824566806
2020-02-28,volatility_60,60,-0.0542498600074931
2020-03-02,volatility_60,60,-0.05008434318463687
2020-03-03,volatility_60,60,-0.042268606869663536
2020-03-04,volatility_60,60,-0.03462208024325672
2020-03-05,volatility_60,60,-0.02623415115411828
2020-03-06,volatility_60,60,-0.019591474655220303
2020-03-09,volatility_60,60,-0.01412927731581189
2020-03-10,volatility_60,60,-0.006570825839383547
2020-03-11,volatility_60,60,0.0007545652350549658
2020-03-12,volatility_60,60,0.0020753819549504783
2020-03-13,volatility_60,60,0.008481773912737441
2020-03-16,volatility_60,60,0.01154581430017688
2020-03-17,volatility_60,60,0.013283514103775056
2020-03-18,volatility_60,60,0.011703992131217223
2020-03-19,volatility_60,60,0.013209904467702153
2020-03-20,volatility_60,60,0.01659459162813407
2020-03-23,volatility_60,60,0.017234699916843604
2020-03-24,volatility_60,60,0.019148656572866535
2020-03-25,volatility_60,60,0.021105733125021793
2020-03-26,volatility_60,60,0.018732936955792565
2020-03-27,volatility_60,60,0.017396658741004923
2020-03-30,volatility_60,60,0.009728367072362984
2020-03-31,volatility_60,60,0.00831828104549746
2020-04-01,volatility_60,60,0.009317350617992557
2020-04-02,volatility_60,60,0.017157697504199394
2020-04-03,volatility_60,60,0.023810083936788715
2020-04-07,volatility_60,60,0.03123180924156286
2020-04-08,volatility_60,60,0.039245743492442246
2020-04-09,volatility_60,60,0.042092647901098915
2020-04-10,volatility_60,60,0.04212260425786119
2020-04-13,volatility_60,60,0.04168987204549363
2020-04-14,volatility_60,60,0.04280071863885067
2020-04-15,volatility_60,60,0.04071120377955029
2020-04-16,volatility_60,60,0.041456470093316496
2020-04-17,volatility_60,60,0.04474221881056152
2020-04-20,volatility_60,60,0.0480416316159283
2020-04-21,volatility_60,60,0.04910575032012908
2020-04-22,volatility_60,60,0.05091818929823484
2020-04-23,volatility_60,60,0.04795610287151229
2020-04-24,volatility_60,60,0.043010419155056594
2020-04-27,volatility_60,60,0.038535116595431136
2020-04-28,volatility_60,60,0.03437291020543178
2020-04-29,volatility_60,60,0.03196545442533348
2020-04-30,volatility_60,60,0.030918994522386663
2020-05-06,volatility_60,60,0.032563856235653395
2020-05-07,volatility_60,60,0.03364815542408798
2020-05-08,volatility_60,60,0.036052818005917225
2020-05-11,volatility_60,60,0.04393990311383202
2020-05-12,volatility_60,60,0.048211903440652515
2020-05-13,volatility_60,60,0.05362297374117516
2020-05-14,volatility_60,60,0.061923487811294343
2020-05-15,volatility_60,60,0.07211141749210087
2020-05-18,volatility_60,60,0.08258569541694587
2020-05-19,volatility_60,60,0.09003238256592733
2020-05-20,volatility_60,60,0.09319271744191585
2020-05-21,volatility_60,60,0.09176056433453329
2020-05-22,volatility_60,60,0.08835202429604498
2020-05-25,volatility_60,60,0.07997902302844924
2020-05-26,volatility_60,60,0.07455116962270866
2020-05-27,volatility_60,60,0.07032197524627577
2020-05-28,volatility_60,60,0.07112594784601795
2020-05-29,volatility_60,60,0.06793441272158433
2020-06-01,volatility_60,60,0.06687102440464045
2020-06-02,volatility_60,60,0.06713608820530789
2020-06-03,volatility_60,60,0.0650737775232987
2020-06-04,volatility_60,60,0.061856111689666676
2020-06-05,volatility_60,60,0.057156232496783546
2020-06-08,volatility_60,60,0.05139262958977929
2020-06-09,volatility_60,60,0.044319252699976365
2020-06-10,volatility_60,60,0.04421198142127123
2020-06-11,volatility_60,60,0.04228260475803622
2020-06-12,volatility_60,60,0.0407072362841324
2020-06-15,volatility_60,60,0.03294827490193186
2020-06-16,volatility_60,60,0.028042197212512762
2020-06-17,volatility_60,60,0.020444448955436113
2020-06-18,volatility_60,60,0.012662073935321845
2020-06-19,volatility_60,60,0.005869343499865722
2020-06-22,volatility_60,60,0.001960688215553123
2020-06-23,volatility_60,60,-0.0007780015006229742
2020-06-24,volatility_60,60,-0.0004053812243019333
2020-06-29,volatility_60,60,-0.00017624985068079985
2020-06-30,volatility_60,60,0.004471218864487007
2020-07-01,volatility_60,60,0.005851043306746832
2020-07-02,volatility_60,60,0.00543935579164615
2020-07-03,volatility_60,60,-0.0028411205144206323
2020-07-06,volatility_60,60,-0.010235890718133711
2020-07-07,volatility_60,60,-0.01378497458060136
2020-07-08,volatility_60,60,-0.014446788598133632
2020-07-09,volatility_60,60,-0.010623782122033854
2020-07-10,volatility_60,60,-0.0027339682993452064
2020-07-13,volatility_60,60,0.004661301049101393
2020-07-14,volatility_60,60,0.009690670928594993
2020-07-15,volatility_60,60,0.014021876721062103
2020-07-16,volatility_60,60,0.013666833503241344
2020-07-17,volatility_60,60,0.014331203060171748
2020-07-20,volatility_60,60,0.012898158782645164
2020-07-21,volatility_60,60,0.012262622682712008
2020-07-22,volatility_60,60,0.012596463352518676
2020-07-23,volatility_60,60,0.018188690387894065
2020-07-24,volatility_60,60,0.021777959600414416
2020-07-27,volatility_60,60,0.024242160858557283
2020-07-28,volatility_60,60,0.02959313263117205
2020-07-29,volatility_60,60,0.03641622598918702
2020-07-30,volatility_60,60,0.043477721213540606
2020-07-31,volatility_60,60,0.048322510711663894
2020-08-03,volatility_60,60,0.05344253874918987
2020-08-04,volatility_60,60,0.0576056409356592
2020-08-05,volatility_60,60,0.06179944071104519
2020-08-06,volatility_60,60,0.0659543307268803
2020-08-07,volatility_60,60,0.06867963351840198
2020-08-10,volatility_60,60,0.06596367082079631
2020-08-11,volatility_60,60,0.059788933177687215
2020-08-12,volatility_60,60,0.053165928480963735
2020-08-13,volatility_60,60,0.04946241883670047
2020-08-14,volatility_60,60,0.04559142794381266
2020-08-17,volatility_60,60,0.0431969485894014
2020-08-18,volatility_60,60,0.043442532732304556
2020-08-19,volatility_60,60,0.04717403182221973
2020-08-20,volatility_60,60,0.04727024370006498
2020-08-21,volatility_60,60,0.04767962892224043
2020-08-24,volatility_60,60,0.050293320865163235
2020-08-25,volatility_60,60,0.05210279614623491
2020-08-26,volatility_60,60,0.05116330283647264
2020-08-27,volatility_60,60,0.05099322601683024
2020-08-28,volatility_60,60,0.053647688269051176
2020-08-31,volatility_60,60,0.059254311170844384
2020-09-01,volatility_60,60,0.06687968025846289
2020-09-02,volatility_60,60,0.07346731634437585
2020-09-03,volatility_60,60,0.08300579708286865
2020-09-04,volatility_60,60,0.08836711698590254
2020-09-07,volatility_60,60,0.0884971154909458
2020-09-08,volatility_60,60,0.08651785468774156
2020-09-09,volatility_60,60,0.08816803923296239
2020-09-10,volatility_60,60,0.08397121534473015
2020-09-11,volatility_60,60,0.0814159572978246
2020-09-14,volatility_60,60,0.082218809636139
2020-09-15,volatility_60,60,0.08577586275601119
2020-09-16,volatility_60,60,0.08241388462972427
2020-09-17,volatility_60,60,0.08186412158658532
2020-09-18,volatility_60,60,0.08234152432805084
2020-09-21,volatility_60,60,0.08366620097588533
2020-09-22,volatility_60,60,0.08289155686290997
2020-09-23,volatility_60,60,0.08572817639005545
2020-09-24,volatility_60,60,0.08641003657112838
2020-09-25,volatility_60,60,0.08423808592617468
2020-09-28,volatility_60,60,0.07980208312717484
2020-09-29,volatility_60,60,0.073959859743521
2020-09-30,volatility_60,60,0.06539254642385993
2020-10-09,volatility_60,60,0.056909683664111525
2020-10-12,volatility_60,60,0.05289201546619823
2020-10-13,volatility_60,60,0.05016196515334823
2020-10-14,volatility_60,60,0.05063543275386947
2020-10-15,volatility_60,60,0.05350753441748303
2020-10-16,volatility_60,60,0.058402396374560996
2020-10-19,volatility_60,60,0.059013032397166244
2020-10-20,volatility_60,60,0.05959344013325819
2020-10-21,volatility_60,60,0.05630102362166139
2020-10-22,volatility_60,60,0.054690575235829056
2020-10-23,volatility_60,60,0.05410799256398833
2020-10-26,volatility_60,60,0.05744725604964425
2020-10-27,volatility_60,60,0.06294905335860049
2020-10-28,volatility_60,60,0.06622561237192996
2020-10-29,volatility_60,60,0.06722491984065633
2020-10-30,volatility_60,60,0.06682790550333274
2020-11-02,volatility_60,60,0.06525328294047586
2020-11-03,volatility_60,60,0.0642689644860854
2020-11-04,volatility_60,60,0.06648653117514063
2020-11-05,volatility_60,60,0.06614438698273664
2020-11-06,volatility_60,60,0.06396483209061095
2020-11-09,volatility_60,60,0.0644366890703498
2020-11-10,volatility_60,60,0.06794044599308355
2020-11-11,volatility_60,60,0.07299989138389079
2020-11-12,volatility_60,60,0.07686926505579336
2020-11-13,volatility_60,60,0.0787467286250421
2020-11-16,volatility_60,60,0.08012835007878492
2020-11-17,volatility_60,60,0.07856787983569305
2020-11-18,volatility_60,60,0.07567240277070358
2020-11-19,volatility_60,60,0.07405605669543572
2020-11-20,volatility_60,60,0.07745810479080943
2020-11-23,volatility_60,60,0.08080119062681264
2020-11-24,volatility_60,60,0.08185699344414389
2020-11-25,volatility_60,60,0.0814034890144808
2020-11-26,volatility_60,60,0.08237998820316804
2020-11-27,volatility_60,60,0.07995881547248813
2020-11-30,volatility_60,60,0.07523498571575053
2020-12-01,volatility_60,60,0.0700941693794538
2020-12-02,volatility_60,60,0.065224433707404
2020-12-03,volatility_60,60,0.059167268060737126
2020-12-04,volatility_60,60,0.05466871917876904
2020-12-07,volatility_60,60,0.04964753551855517
2020-12-08,volatility_60,60,0.047642168125089826
2020-12-09,volatility_60,60,0.04934452351687031
2020-12-10,volatility_60,60,0.05253176872055451
2020-12-11,volatility_60,60,0.056546210449152305
2020-12-14,volatility_60,60,0.06021606864062293
2020-12-15,volatility_60,60,0.06181340550768817
2020-12-16,volatility_60,60,0.060153275152755134
2020-12-17,volatility_60,60,0.0647913113366326
2020-12-18,volatility_60,60,0.06568976000484347
2020-12-21,volatility_60,60,0.06614081126810996
2020-12-22,volatility_60,60,0.06513907252553984
2020-12-23,volatility_60,60,0.06883734724729236
2020-12-24,volatility_60,60,0.06830107216301448
2020-12-25,volatility_60,60,0.06958899177880892
2020-12-28,volatility_60,60,0.07383243846794532
2020-12-29,volatility_60,60,0.0795586833567287
2020-12-30,volatility_60,60,0.08367697223564469
2020-12-31,volatility_60,60,0.08860190287291032
2021-01-04,volatility_60,60,0.09163452127593257
2021-01-05,volatility_60,60,0.09034166769416159
2021-01-06,volatility_60,60,0.08874534682876153
2021-01-07,volatility_60,60,0.08588293443098957
2021-01-08,volatility_60,60,0.08416064541174134
2021-01-11,volatility_60,60,0.08027138682199036
2021-01-12,volatility_60,60,0.07888134284993131
2021-01-13,volatility_60,60,0.07615326492442123
2021-01-14,volatility_60,60,0.07555352322467684
2021-01-15,volatility_60,60,0.07315483712518422
2021-01-18,volatility_60,60,0.0715143832576485
2021-01-19,volatility_60,60,0.07042856682146183
2021-01-20,volatility_60,60,0.07062960824834966
2021-01-21,volatility_60,60,0.07208071688666816
2021-01-22,volatility_60,60,0.07515714216961424
2021-01-25,volatility_60,60,0.0793240797224206
2021-01-26,volatility_60,60,0.07955524543423255
2021-01-27,volatility_60,60,0.07975694935893901
2021-01-28,volatility_60,60,0.07502062340485027
2021-01-29,volatility_60,60,0.07214217277575057
2021-02-01,volatility_60,60,0.07275535112768687
2021-02-02,volatility_60,60,0.0714026574001034
2021-02-03,volatility_60,60,0.06857986016467779
2021-02-04,volatility_60,60,0.06646956484682508
2021-02-05,volatility_60,60,0.060276036177425246
2021-02-08,volatility_60,60,0.054891396974710724
2021-02-09,volatility_60,60,0.05175300216900082
2021-02-10,volatility_60,60,0.051467073733465436
2021-02-18,volatility_60,60,0.05358214612117809
2021-02-19,volatility_60,60,0.055927959432377224
2021-02-22,volatility_60,60,0.051594074104852554
2021-02-23,volatility_60,60,0.04896061141535243
2021-02-24,volatility_60,60,0.04553061694557692
2021-02-25,volatility_60,60,0.04416047454093648
2021-02-26,volatility_60,60,0.04258475172111853
2021-03-01,volatility_60,60,0.048818284790339096
2021-03-02,volatility_60,60,0.05528320706068668
2021-03-03,volatility_60,60,0.06256187488303275
2021-03-04,volatility_60,60,0.06658385933677297
2021-03-05,volatility_60,60,0.07136030732897108
2021-03-08,volatility_60,60,0.07196344314470268
2021-03-09,volatility_60,60,0.07199212760782706
2021-03-10,volatility_60,60,0.0730847042151823
2021-03-11,volatility_60,60,0.07518282243662247
2021-03-12,volatility_60,60,0.07623145011928169
2021-03-15,volatility_60,60,0.07590192622244496
2021-03-16,volatility_60,60,0.07589653734080086
2021-03-17,volatility_60,60,0.07692617405214741
2021-03-18,volatility_60,60,0.07988820117706047
2021-03-19,volatility_60,60,0.07999623380288937
2021-03-22,volatility_60,60,0.07965411375384653
2021-03-23,volatility_60,60,0.07732518280441611
2021-03-24,volatility_60,60,0.07492279773418727
2021-03-25,volatility_60,60,0.06936205306246787
2021-03-26,volatility_60,60,0.06571733993826598
2021-03-29,volatility_60,60,0.0644188974813476
2021-03-30,volatility_60,60,0.06546494652469002
2021-03-31,volatility_60,60,0.06599069133382804
2021-04-01,volatility_60,60,0.06856929503250762
2021-04-02,volatility_60,60,0.07246606733187634
2021-04-06,volatility_60,60,0.07614942162854398
2021-04-07,volatility_60,60,0.08069679122375101
2021-04-08,volatility_60,60,0.08441830139982097
2021-04-09,volatility_60,60,0.08501122081650186
2021-04-12,volatility_60,60,0.08333027557824461
2021-04-13,volatility_60,60,0.08317792500700923
2021-04-14,volatility_60,60,0.08332960862079362
2021-04-15,volatility_60,60,0.08385550163469709
2021-04-16,volatility_60,60,0.08616979178427372
2021-04-19,volatility_60,60,0.08957091156039036
2021-04-20,volatility_60,60,0.09224528593695919
2021-04-21,volatility_60,60,0.09333118318531149
2021-04-22,volatility_60,60,0.09393300820991173
2021-04-23,volatility_60,60,0.09386181300661321
2021-04-26,volatility_60,60,0.09335692964642003
2021-04-27,volatility_60,60,0.09235319830312622
2021-04-28,volatility_60,60,0.09497561429706844
2021-04-29,volatility_60,60,0.09473735702753432
2021-04-30,volatility_60,60,0.09443636942532146
2021-05-06,volatility_60,60,0.09246723522981987
2021-05-07,volatility_60,60,0.08817636279703711
2021-05-10,volatility_60,60,0.08373921844951857
2021-05-11,volatility_60,60,0.08160930432638722
2021-05-12,volatility_60,60,0.07959709061376517
2021-05-13,volatility_60,60,0.07892029347939689
2021-05-14,volatility_60,60,0.07698055563366289
2021-05-17,volatility_60,60,0.0747200782995148
2021-05-18,volatility_60,60,0.07249814838940988
2021-05-19,volatility_60,60,0.06704924161099086
2021-05-20,volatility_60,60,0.06204077527572652
2021-05-21,volatility_60,60,0.06398392280172062
2021-05-24,volatility_60,60,0.06253514722483366
2021-05-25,volatility_60,60,0.06121728021033992
2021-05-26,volatility_60,60,0.06162928790161793
2021-05-27,volatility_60,60,0.06244940900243186
2021-05-28,volatility_60,60,0.05702210385883921
2021-05-31,volatility_60,60,0.0535035953574805
2021-06-01,volatility_60,60,0.04974313200078492
2021-06-02,volatility_60,60,0.047413582960525086
2021-06-03,volatility_60,60,0.04259272529289491
2021-06-04,volatility_60,60,0.0390443940678845
2021-06-07,volatility_60,60,0.03892886970874623
2021-06-08,volatility_60,60,0.03905607134102292
2021-06-09,volatility_60,60,0.03492310643099403
2021-06-10,volatility_60,60,0.03221953936623971
2021-06-11,volatility_60,60,0.03189330027857451
2021-06-15,volatility_60,60,0.029600408060377757
2021-06-16,volatility_60,60,0.024930438129671568
2021-06-17,volatility_60,60,0.023447099127885316
2021-06-18,volatility_60,60,0.02264441604747076
2021-06-21,volatility_60,60,0.022333279314408764
2021-06-22,volatility_60,60,0.023926208747753686
2021-06-23,volatility_60,60,0.024826866764491584
2021-06-24,volatility_60,60,0.02636065868829901
2021-06-25,volatility_60,60,0.02783275139330775
2021-06-28,volatility_60,60,0.03044080538635104
2021-06-29,volatility_60,60,0.03280709578609831
2021-06-30,volatility_60,60,0.03441443805646581
2021-07-01,volatility_60,60,0.03144976261948768
2021-07-02,volatility_60,60,0.027705619917018618
2021-07-05,volatility_60,60,0.022891882684654415
2021-07-06,volatility_60,60,0.017395008808321587
2021-07-07,volatility_60,60,0.01448499707847952
2021-07-08,volatility_60,60,0.014349351648222953
2021-07-09,volatility_60,60,0.014719498050222617
2021-07-12,volatility_60,60,0.016315739377106557
2021-07-13,volatility_60,60,0.014588069541358018
2021-07-14,volatility_60,60,0.01215218039707832
2021-07-15,volatility_60,60,0.01064406196528784
2021-07-16,volatility_60,60,0.008348880673387958
2021-07-19,volatility_60,60,0.005706518445373806
2021-07-20,volatility_60,60,0.005791127736675646
2021-07-21,volatility_60,60,0.007481706988845587
2021-07-22,volatility_60,60,0.0053374220411828025
2021-07-23,volatility_60,60,0.0027279078937249173
2021-07-26,volatility_60,60,-0.000174633592521322
2021-07-27,volatility_60,60,-0.0033518351476295462
2021-07-28,volatility_60,60,-0.008960925284067353
2021-07-29,volatility_60,60,-0.009516677556021435
2021-07-30,volatility_60,60,-0.01129439146795689
2021-08-02,volatility_60,60,-0.01020433292521043
2021-08-03,volatility_60,60,-0.011320881781727509
2021-08-04,volatility_60,60,-0.011001044924377562
2021-08-05,volatility_60,60,-0.010248273782058889
2021-08-06,volatility_60,60,-0.006434171265889361
2021-08-09,volatility_60,60,-0.0021280987407926726
2021-08-10,volatility_60,60,0.0037124247494446224
2021-08-11,volatility_60,60,0.009588180156790879
2021-08-12,volatility_60,60,0.01439109123111642
2021-08-13,volatility_60,60,0.018893245127538098
2021-08-16,volatility_60,60,0.018785835192767896
2021-08-17,volatility_60,60,0.018845160324338806
2021-08-18,volatility_60,60,0.019793204016388684
2021-08-19,volatility_60,60,0.019403921987366523
2021-08-20,volatility_60,60,0.018203717439710353
2021-08-23,volatility_60,60,0.01777188493668147
2021-08-24,volatility_60,60,0.016904306575705165
2021-08-25,volatility_60,60,0.016822872571349862
2021-08-26,volatility_60,60,0.015278015449666437
2021-08-27,volatility_60,60,0.017178858293353937
2021-08-30,volatility_60,60,0.021989465058925475
2021-08-31,volatility_60,60,0.024005336796637727
2021-09-01,volatility_60,60,0.024586416361094002
2021-09-02,volatility_60,60,0.029508652226437674
2021-09-03,volatility_60,60,0.032675783101100135
2021-09-06,volatility_60,60,0.041124020952259324
2021-09-07,volatility_60,60,0.04861163279568429
2021-09-08,volatility_60,60,0.05351457489326553
2021-09-09,volatility_60,60,0.0558151324722097
2021-09-10,volatility_60,60,0.06107459154240115
2021-09-13,volatility_60,60,0.06426795653620633
2021-09-14,volatility_60,60,0.06961215827147395
2021-09-15,volatility_60,60,0.07428676826647042
2021-09-16,volatility_60,60,0.07709312898276037
2021-09-17,volatility_60,60,0.07899020658480496
2021-09-22,volatility_60,60,0.08126629321456963
2021-09-23,volatility_60,60,0.07940716198954832
2021-09-24,volatility_60,60,0.0833140100332306
2021-09-27,volatility_60,60,0.09133939237899444
2021-09-28,volatility_60,60,0.09827242126683294
2021-09-29,volatility_60,60,0.1000456253402249
2021-09-30,volatility_60,60,0.10348883564395116
2021-10-08,volatility_60,60,0.10179444524368068
2021-10-11,volatility_60,60,0.09702540423842958
2021-10-12,volatility_60,60,0.0909341924394139
2021-10-13,volatility_60,60,0.08383108807431766
2021-10-14,volatility_60,60,0.07926149120712553
2021-10-15,volatility_60,60,0.0765453129599003
2021-10-18,volatility_60,60,0.07221540878429226
2021-10-19,volatility_60,60,0.06777387301225071
2021-10-20,volatility_60,60,0.06255019484667627
2021-10-21,volatility_60,60,0.058608799325923146
2021-10-22,volatility_60,60,0.0520113835986132
2021-10-25,volatility_60,60,0.049411088744387384
2021-10-26,volatility_60,60,0.04823958878742021
2021-10-27,volatility_60,60,0.04836728233423302
2021-10-28,volatility_60,60,0.04544195072709027
2021-10-29,volatility_60,60,0.04637531746827671
2021-11-01,volatility_60,60,0.04543836560234685
2021-11-02,volatility_60,60,0.04485092285782185
2021-11-03,volatility_60,60,0.04365890147524956
2021-11-04,volatility_60,60,0.04644494630704406
2021-11-05,volatility_60,60,0.0446186696365999
2021-11-08,volatility_60,60,0.044286077084455776
2021-11-09,volatility_60,60,0.044325719802649884
2021-11-10,volatility_60,60,0.04314687294611792
2021-11-11,volatility_60,60,0.0376099237947111
2021-11-12,volatility_60,60,0.03137971833557433
2021-11-15,volatility_60,60,0.023550535891612365
2021-11-16,volatility_60,60,0.017753414149044192
2021-11-17,volatility_60,60,0.016938554206718345
2021-11-18,volatility_60,60,0.018928479145165367
2021-11-19,volatility_60,60,0.02073520478677173
2021-11-22,volatility_60,60,0.021449420964755484
2021-11-23,volatility_60,60,0.023834633645305626
2021-11-24,volatility_60,60,0.025153545818363935
2021-11-25,volatility_60,60,0.0254400488192102
2021-11-26,volatility_60,60,0.024650347715185202
2021-11-29,volatility_60,60,0.025900418509863767
2021-11-30,volatility_60,60,0.026648986282925648
2021-12-01,volatility_60,60,0.0236002038490092
2021-12-02,volatility_60,60,0.02233422149441328
2021-12-03,volatility_60,60,0.020524472544705696
2021-12-06,volatility_60,60,0.01768499936252211
2021-12-07,volatility_60,60,0.013820515243029298
2021-12-08,volatility_60,60,0.007351654185364765
2021-12-09,volatility_60,60,0.0005244132194475097
2021-12-10,volatility_60,60,0.0006737871372143278
2021-12-13,volatility_60,60,0.002469514577191801
2021-12-14,volatility_60,60,0.0027505074400885083
2021-12-15,volatility_60,60,0.004645515491460491
2021-12-16,volatility_60,60,0.00265657625848426
2021-12-17,volatility_60,60,0.0027903295829556332
2021-12-20,volatility_60,60,0.005152605305045744
2021-12-21,volatility_60,60,0.005223244801914386
2021-12-22,volatility_60,60,0.006200400104124959
2021-12-23,volatility_60,60,0.012117391333769312
2021-12-24,volatility_60,60,0.012341075351461037
2021-12-27,volatility_60,60,0.011670415447663151
2021-12-28,volatility_60,60,0.012041428050879623
2021-12-29,volatility_60,60,0.017103771194996998
2021-12-30,volatility_60,60,0.023792665320131638
2021-12-31,volatility_60,60,0.03318602923162132
2022-01-04,volatility_60,60,0.043989901782524106
2022-01-05,volatility_60,60,0.05544032625875365
2022-01-06,volatility_60,60,0.0678722400680587
2022-01-07,volatility_60,60,0.07466844250909434
2022-01-10,volatility_60,60,0.0794424682936577
2022-01-11,volatility_60,60,0.08436234154840855
2022-01-12,volatility_60,60,0.09181456917867557
2022-01-13,volatility_60,60,0.09936021228513983
2022-01-14,volatility_60,60,0.10843503974001209
2022-01-17,volatility_60,60,0.11556409359528101
2022-01-18,volatility_60,60,0.12127034318464823
2022-01-19,volatility_60,60,0.12552657343913945
2022-01-20,volatility_60,60,0.127502620405997
2022-01-21,volatility_60,60,0.1317425472193774
2022-01-24,volatility_60,60,0.138303292006829
2022-01-25,volatility_60,60,0.14351056190874592
2022-01-26,volatility_60,60,0.1477877608631534
2022-01-27,volatility_60,60,0.15141889166442063
2022-01-28,volatility_60,60,0.15457275169217333
2022-02-07,volatility_60,60,0.15852902056459095
2022-02-08,volatility_60,60,0.15756275658148464
2022-02-09,volatility_60,60,0.15754399865120292
2022-02-10,volatility_60,60,0.1550076039070923
2022-02-11,volatility_60,60,0.15338577793898017
2022-02-14,volatility_60,60,0.15308373211108378
2022-02-15,volatility_60,60,0.15624104256762797
2022-02-16,volatility_60,60,0.15546564472503346
2022-02-17,volatility_60,60,0.15227265551578129
2022-02-18,volatility_60,60,0.1468884625573252
2022-02-21,volatility_60,60,0.14320895113936805
2022-02-22,volatility_60,60,0.13911621154694961
2022-02-23,volatility_60,60,0.13324564699617328
2022-02-24,volatility_60,60,0.12890199411140277
2022-02-25,volatility_60,60,0.12533477880118638
2022-02-28,volatility_60,60,0.12203295408476969
2022-03-01,volatility_60,60,0.1198669764450496
2022-03-02,volatility_60,60,0.11732716604241546
2022-03-03,volatility_60,60,0.11504239410535873
2022-03-04,volatility_60,60,0.11253460026671275
2022-03-07,volatility_60,60,0.1124651154987924
2022-03-08,volatility_60,60,0.10971753612680629
2022-03-09,volatility_60,60,0.1100052277272391
2022-03-10,volatility_60,60,0.1087347813541842
2022-03-11,volatility_60,60,0.10825051378210312
2022-03-14,volatility_60,60,0.10318217389093183
2022-03-15,volatility_60,60,0.09772198641843527
2022-03-16,volatility_60,60,0.09150296071609047
2022-03-17,volatility_60,60,0.08711813069016132
2022-03-18,volatility_60,60,0.08532229169237594
2022-03-21,volatility_60,60,0.08361620326113033
2022-03-22,volatility_60,60,0.08080412347305782
2022-03-23,volatility_60,60,0.08036293942274794
2022-03-24,volatility_60,60,0.08033004655196817
2022-03-25,volatility_60,60,0.07752882138865479
2022-03-28,volatility_60,60,0.07751216323838789
2022-03-29,volatility_60,60,0.07653577624217504
2022-03-30,volatility_60,60,0.07486479790416421
2022-03-31,volatility_60,60,0.07305546703707776
2022-04-01,volatility_60,60,0.06746832801794736
2022-04-06,volatility_60,60,0.06341879311149375
2022-04-07,volatility_60,60,0.058814213165427606
2022-04-08,volatility_60,60,0.05649292211403201
2022-04-11,volatility_60,60,0.05407548954352113
2022-04-12,volatility_60,60,0.05506917770611281
2022-04-13,volatility_60,60,0.05810497538641761
2022-04-14,volatility_60,60,0.06476511528076988
2022-04-15,volatility_60,60,0.06826318099927846
2022-04-18,volatility_60,60,0.07140345316508524
2022-04-19,volatility_60,60,0.06970329760158499
2022-04-20,volatility_60,60,0.06574517000581986
2022-04-21,volatility_60,60,0.06096552796797876
2022-04-22,volatility_60,60,0.05579098365090609
2022-04-25,volatility_60,60,0.051865274701777736
2022-04-26,volatility_60,60,0.04896505453374163
2022-04-27,volatility_60,60,0.044100789666494576
2022-04-28,volatility_60,60,0.03690711831790194
2022-04-29,volatility_60,60,0.028910575569792922
2022-05-05,volatility_60,60,0.0201668305585059
2022-05-06,volatility_60,60,0.012555155886252454
2022-05-09,volatility_60,60,0.00663446728653026
2022-05-10,volatility_60,60,0.0028820669617733944
2022-05-11,volatility_60,60,0.00021882639866181402
2022-05-12,volatility_60,60,0.001361308188301045
2022-05-13,volatility_60,60,0.004186490662843933
2022-05-16,volatility_60,60,0.005664281269671049
2022-05-17,volatility_60,60,0.009193402354287871
2022-05-18,volatility_60,60,0.014464728237907376
2022-05-19,volatility_60,60,0.02050764552685754
2022-05-20,volatility_60,60,0.02749757291388585
2022-05-23,volatility_60,60,0.034409967404168004
2022-05-24,volatility_60,60,0.0419413350640367
2022-05-25,volatility_60,60,0.04897065974222626
2022-05-26,volatility_60,60,0.055472128045524566
2022-05-27,volatility_60,60,0.05925073551925654
2022-05-30,volatility_60,60,0.060488620381883275
2022-05-31,volatility_60,60,0.0611546034330781
2022-06-01,volatility_60,60,0.06165199085201283
2022-06-02,volatility_60,60,0.06225104604759205
2022-06-06,volatility_60,60,0.06392374177533121
2022-06-07,volatility_60,60,0.06573237477797945
2022-06-08,volatility_60,60,0.06945513641701186
2022-06-09,volatility_60,60,0.07036406837114015
2022-06-10,volatility_60,60,0.07117008425394963
2022-06-13,volatility_60,60,0.07272982411277543
2022-06-14,volatility_60,60,0.07519371919550881
2022-06-15,volatility_60,60,0.07243567106563296
2022-06-16,volatility_60,60,0.07118472278238772
2022-06-17,volatility_60,60,0.06733909185353994
2022-06-20,volatility_60,60,0.0632268194714885
2022-06-21,volatility_60,60,0.05797187624848018
2022-06-22,volatility_60,60,0.05757803815374525
2022-06-23,volatility_60,60,0.05618525435481773
2022-06-24,volatility_60,60,0.05234932453310408
2022-06-27,volatility_60,60,0.05027423345652026
2022-06-28,volatility_60,60,0.047412616053890064
2022-06-29,volatility_60,60,0.044194868938969484
2022-06-30,volatility_60,60,0.04038389251986481
2022-07-01,volatility_60,60,0.0396068672423243
2022-07-04,volatility_60,60,0.039010725315149423
2022-07-05,volatility_60,60,0.03743511653451056
2022-07-06,volatility_60,60,0.03515024026878435
2022-07-07,volatility_60,60,0.03133951801438931
2022-07-08,volatility_60,60,0.024172726336623755
2022-07-11,volatility_60,60,0.017993373483267062
2022-07-12,volatility_60,60,0.012792382549516406
2022-07-13,volatility_60,60,0.0057359853484845146
2022-07-14,volatility_60,60,0.00048689303306205127
2022-07-15,volatility_60,60,-0.003031351691395974
2022-07-18,volatility_60,60,-0.003754395809626464
2022-07-19,volatility_60,60,-0.0038470341800494914
2022-07-20,volatility_60,60,-0.003754086559543016
2022-07-21,volatility_60,60,-0.0014875445330209266
2022-07-22,volatility_60,60,0.0007196393557252981
2022-07-25,volatility_60,60,0.0016431689761958511
2022-07-26,volatility_60,60,0.005125841037214921
2022-07-27,volatility_60,60,0.012380412334430446
2022-07-28,volatility_60,60,0.020791713469951338
2022-07-29,volatility_60,60,0.03131523465093537
2022-08-01,volatility_60,60,0.03702931279721857
2022-08-02,volatility_60,60,0.040029385980032826
2022-08-03,volatility_60,60,0.040483324622881074
2022-08-04,volatility_60,60,0.0400616836178996
2022-08-05,volatility_60,60,0.03880906764417577
2022-08-08,volatility_60,60,0.038199177903292005
2022-08-09,volatility_60,60,0.03604523792640138
2022-08-10,volatility_60,60,0.03352913117971802
2022-08-11,volatility_60,60,0.02821684060933518
2022-08-12,volatility_60,60,0.0223470059003411
2022-08-15,volatility_60,60,0.01912200423981358
2022-08-16,volatility_60,60,0.01615129484471671
2022-08-17,volatility_60,60,0.01478191131905624
2022-08-18,volatility_60,60,0.016441858186195913
2022-08-19,volatility_60,60,0.016454402001872696
2022-08-22,volatility_60,60,0.018126860197122594
2022-08-23,volatility_60,60,0.02324747218914997
2022-08-24,volatility_60,60,0.02913143840771635
2022-08-25,volatility_60,60,0.03409791828165036
2022-08-26,volatility_60,60,0.03980142536185409
2022-08-29,volatility_60,60,0.04643712427013134
2022-08-30,volatility_60,60,0.04919602415611924
2022-08-31,volatility_60,60,0.04312295919615197
2022-09-01,volatility_60,60,0.03911183418008576
2022-09-02,volatility_60,60,0.039387988229243144
2022-09-05,volatility_60,60,0.03843611825614858
2022-09-06,volatility_60,60,0.04185095354701077
2022-09-07,volatility_60,60,0.05212927622847802
2022-09-08,volatility_60,60,0.060029263662240484
2022-09-09,volatility_60,60,0.0680383022111893
2022-09-13,volatility_60,60,0.0726124503042729
2022-09-14,volatility_60,60,0.0786485426247207
2022-09-15,volatility_60,60,0.07493455146167895
2022-09-16,volatility_60,60,0.0764305814297968
2022-09-19,volatility_60,60,0.07399375291273298
2022-09-20,volatility_60,60,0.07417121991022542
2022-09-21,volatility_60,60,0.0764509995574958
2022-09-22,volatility_60,60,0.07888131570452629
2022-09-23,volatility_60,60,0.08279293053515467
2022-09-26,volatility_60,60,0.08804683295333668
2022-09-27,volatility_60,60,0.0917174213131053
2022-09-28,volatility_60,60,0.08892333956655879
2022-09-29,volatility_60,60,0.08847201632106884
2022-09-30,volatility_60,60,0.08469953171243287
2022-10-10,volatility_60,60,0.08390447813018485
2022-10-11,volatility_60,60,0.08388304285921344
2022-10-12,volatility_60,60,0.08585089546852628
2022-10-13,volatility_60,60,0.08706740035493908
2022-10-14,volatility_60,60,0.08733128555391527
2022-10-17,volatility_60,60,0.08390928259528868
2022-10-18,volatility_60,60,0.07920952117876684
2022-10-19,volatility_60,60,0.07749986620645483
2022-10-20,volatility_60,60,0.07928742945688134
2022-10-21,volatility_60,60,0.08135790880364414
2022-10-24,volatility_60,60,0.0851773033312916
2022-10-25,volatility_60,60,0.08901217133139644
2022-10-26,volatility_60,60,0.08748064752400647
2022-10-27,volatility_60,60,0.08063518409690196
2022-10-28,volatility_60,60,0.07280719273827231
2022-10-31,volatility_60,60,0.06281058317096178
2022-11-01,volatility_60,60,0.056969113361865276
2022-11-02,volatility_60,60,0.05518226175803052
2022-11-03,volatility_60,60,0.05974201205164087
2022-11-04,volatility_60,60,0.06511442865123933
2022-11-07,volatility_60,60,0.07420628339139856
2022-11-08,volatility_60,60,0.08060974936417568
2022-11-09,volatility_60,60,0.0883170929326782
2022-11-10,volatility_60,60,0.09444969241980103
2022-11-11,volatility_60,60,0.10224051193996492
2022-11-14,volatility_60,60,0.10505780863747995
2022-11-15,volatility_60,60,0.11096849161428171
2022-11-16,volatility_60,60,0.11277989867098553
2022-11-17,volatility_60,60,0.11019839043991791
2022-11-18,volatility_60,60,0.10675700895318746
2022-11-21,volatility_60,60,0.1053797668261477
2022-11-22,volatility_60,60,0.10228314964712347
2022-11-23,volatility_60,60,0.09891487903056052
2022-11-24,volatility_60,60,0.09340678346087378
2022-11-25,volatility_60,60,0.08692008771262141
2022-11-28,volatility_60,60,0.0845117841293965
2022-11-29,volatility_60,60,0.08120641081324945
2022-11-30,volatility_60,60,0.08038337099326044
2022-12-01,volatility_60,60,0.08842376616001942
2022-12-02,volatility_60,60,0.09584302501017736
2022-12-05,volatility_60,60,0.09611985978399783
2022-12-06,volatility_60,60,0.0999446591126082
2022-12-07,volatility_60,60,0.09935715590354025
2022-12-08,volatility_60,60,0.09305319821368879
2022-12-09,volatility_60,60,0.09012039462740998
2022-12-12,volatility_60,60,0.0905396130917713
2022-12-13,volatility_60,60,0.08961869771530724
2022-12-14,volatility_60,60,0.08896850632204065
2022-12-15,volatility_60,60,0.09587223479798658
2022-12-16,volatility_60,60,0.09771003407268464
2022-12-19,volatility_60,60,0.09979564827652523
2022-12-20,volatility_60,60,0.09960942586147985
2022-12-21,volatility_60,60,0.09664707859359817
2022-12-22,volatility_60,60,0.09240253227285734
2022-12-23,volatility_60,60,0.08719026645532028
2022-12-26,volatility_60,60,0.07844199470527638
2022-12-27,volatility_60,60,0.07160877322205132
2022-12-28,volatility_60,60,0.07048706364085049
2022-12-29,volatility_60,60,0.06777806117640382
2022-12-30,volatility_60,60,0.06854171452167962
2023-01-03,volatility_60,60,0.06943969027472169
2023-01-04,volatility_60,60,0.07054923842788714
2023-01-05,volatility_60,60,0.0704467495286918
2023-01-06,volatility_60,60,0.07183025222905158
2023-01-09,volatility_60,60,0.0716133007094987
2023-01-10,volatility_60,60,0.07638146272281061
2023-01-11,volatility_60,60,0.08092600700950849
2023-01-12,volatility_60,60,0.08563554735445073
2023-01-13,volatility_60,60,0.08704217855332282
2023-01-16,volatility_60,60,0.08579522965684237
2023-01-17,volatility_60,60,0.08372273812134241
2023-01-18,volatility_60,60,0.0805697857666036
2023-01-19,volatility_60,60,0.07938585348539474
2023-01-20,volatility_60,60,0.08177749547137424
2023-01-30,volatility_60,60,0.08555747632216512
2023-01-31,volatility_60,60,0.08977408161097508
2023-02-01,volatility_60,60,0.09317006317028068
2023-02-02,volatility_60,60,0.09464808495033411
2023-02-03,volatility_60,60,0.09534379278278021
2023-02-06,volatility_60,60,0.09265123273560653
2023-02-07,volatility_60,60,0.08552688079890385
2023-02-08,volatility_60,60,0.08047005479657039
2023-02-09,volatility_60,60,0.07801197099468499
2023-02-10,volatility_60,60,0.07472945368033813
2023-02-13,volatility_60,60,0.07321464468417312
2023-02-14,volatility_60,60,0.07778230693628765
2023-02-15,volatility_60,60,0.0748673761307363
2023-02-16,volatility_60,60,0.07432983061364501
2023-02-17,volatility_60,60,0.07714186192371696
2023-02-20,volatility_60,60,0.07865418752833901
2023-02-21,volatility_60,60,0.07718335289632124
2023-02-22,volatility_60,60,0.07855088266322108
2023-02-23,volatility_60,60,0.07720663318761423
2023-02-24,volatility_60,60,0.07764280230853568
2023-02-27,volatility_60,60,0.07866172129512779
2023-02-28,volatility_60,60,0.07939442864289473
2023-03-01,volatility_60,60,0.07905456392027421
2023-03-02,volatility_60,60,0.07844396443397449
2023-03-03,volatility_60,60,0.07554314538077377
2023-03-06,volatility_60,60,0.07458969248334647
2023-03-07,volatility_60,60,0.07468982442753412
2023-03-08,volatility_60,60,0.07607501541939918
2023-03-09,volatility_60,60,0.07851111273261172
2023-03-10,volatility_60,60,0.08236380064653627
2023-03-13,volatility_60,60,0.08427041952036977
2023-03-14,volatility_60,60,0.08184593974082094
2023-03-15,volatility_60,60,0.08098770375571139
2023-03-16,volatility_60,60,0.07694297127636873
2023-03-17,volatility_60,60,0.07050629459247297
2023-03-20,volatility_60,60,0.06512184273947616
2023-03-21,volatility_60,60,0.06483685766382168
2023-03-22,volatility_60,60,0.06291732371906866
2023-03-23,volatility_60,60,0.0629418509274197
2023-03-24,volatility_60,60,0.06387978645006266
2023-03-27,volatility_60,60,0.06273154923001438
2023-03-28,volatility_60,60,0.061953216868052
2023-03-29,volatility_60,60,0.06039957015405161
2023-03-30,volatility_60,60,0.05738704546104216
2023-03-31,volatility_60,60,0.05767855335767707
2023-04-03,volatility_60,60,0.059914144048861015
2023-04-04,volatility_60,60,0.060520421802991525
2023-04-06,volatility_60,60,0.06348218607481555
2023-04-07,volatility_60,60,0.0649368938072584
2023-04-10,volatility_60,60,0.06562760613395471
2023-04-11,volatility_60,60,0.06619473709249553
2023-04-12,volatility_60,60,0.06469385265914547
2023-04-13,volatility_60,60,0.06020627332096789
2023-04-14,volatility_60,60,0.0590524973559794
2023-04-17,volatility_60,60,0.057606902037504334
2023-04-18,volatility_60,60,0.05995463695833849
2023-04-19,volatility_60,60,0.06343771978181767
2023-04-20,volatility_60,60,0.06887810538428618
2023-04-21,volatility_60,60,0.07247679872590514
2023-04-24,volatility_60,60,0.07712100091902133
2023-04-25,volatility_60,60,0.08212168298090763
2023-04-26,volatility_60,60,0.08648388797990661
2023-04-27,volatility_60,60,0.09228692964645821
2023-04-28,volatility_60,60,0.09922727120200667
2023-05-04,volatility_60,60,0.10142821966389888
2023-05-05,volatility_60,60,0.10364768822982226
2023-05-08,volatility_60,60,0.10642672354984677
2023-05-09,volatility_60,60,0.10575651115504862
2023-05-10,volatility_60,60,0.10236261553050226
2023-05-11,volatility_60,60,0.09688401317688546
2023-05-12,volatility_60,60,0.08965409487875488
2023-05-15,volatility_60,60,0.08251061132613899
2023-05-16,volatility_60,60,0.07876807410753191
2023-05-17,volatility_60,60,0.07475387428294077
2023-05-18,volatility_60,60,0.0725582095666973
2023-05-19,volatility_60,60,0.0703055158016024
2023-05-22,volatility_60,60,0.06818081440913741
2023-05-23,volatility_60,60,0.06305559573070424
2023-05-24,volatility_60,60,0.059462114347480347
2023-05-25,volatility_60,60,0.0535975879894097
2023-05-26,volatility_60,60,0.04845214720018729
2023-05-29,volatility_60,60,0.04057882718773882
2023-05-30,volatility_60,60,0.03620191117581043
2023-05-31,volatility_60,60,0.03226081791744521
2023-06-01,volatility_60,60,0.03307706077058409
2023-06-02,volatility_60,60,0.029530066288214737
2023-06-05,volatility_60,60,0.030483387623100013
2023-06-06,volatility_60,60,0.026551993275252716
2023-06-07,volatility_60,60,0.02404618346812306
2023-06-08,volatility_60,60,0.020022222062542908
2023-06-09,volatility_60,60,0.016826890830541185
2023-06-12,volatility_60,60,0.01058051230618605
2023-06-13,volatility_60,60,0.006617825828423307
2023-06-14,volatility_60,60,0.008067882862335866
2023-06-15,volatility_60,60,0.012764807572725646
2023-06-16,volatility_60,60,0.01890950862337483
2023-06-19,volatility_60,60,0.02560502953215648
2023-06-20,volatility_60,60,0.032599254930434
2023-06-21,volatility_60,60,0.03733544112231457
2023-06-26,volatility_60,60,0.0420553431504801
2023-06-27,volatility_60,60,0.047319034518747756
2023-06-28,volatility_60,60,0.050899054043544265
2023-06-29,volatility_60,60,0.05619994706230945
2023-06-30,volatility_60,60,0.06557292957522794
2023-07-03,volatility_60,60,0.07188688696590681
2023-07-04,volatility_60,60,0.07743017354876013
2023-07-05,volatility_60,60,0.08556221128760153
2023-07-06,volatility_60,60,0.08962987414755255
2023-07-07,volatility_60,60,0.09044510389111675
2023-07-10,volatility_60,60,0.09091502160558079
2023-07-11,volatility_60,60,0.09447166287185702
2023-07-12,volatility_60,60,0.09553347448653925
2023-07-13,volatility_60,60,0.10359246143713925
2023-07-14,volatility_60,60,0.10988141687649215
2023-07-17,volatility_60,60,0.11640685076615374
2023-07-18,volatility_60,60,0.11879613053928953
2023-07-19,volatility_60,60,0.1197636243474727
2023-07-20,volatility_60,60,0.12050830787841532
2023-07-21,volatility_60,60,0.12217395394559585
2023-07-24,volatility_60,60,0.1242427401512887
2023-07-25,volatility_60,60,0.12652801156687657
2023-07-26,volatility_60,60,0.12580742252303628
2023-07-27,volatility_60,60,0.12228511236876345
2023-07-28,volatility_60,60,0.11435360593660618
2023-07-31,volatility_60,60,0.10711851230744382
2023-08-01,volatility_60,60,0.10035761332705974
2023-08-02,volatility_60,60,0.09488013922425925
2023-08-03,volatility_60,60,0.09447857688621421
2023-08-04,volatility_60,60,0.09799135641455052
2023-08-07,volatility_60,60,0.10428625600971113
2023-08-08,volatility_60,60,0.11213235134383011
2023-08-09,volatility_60,60,0.11990602991455815
2023-08-10,volatility_60,60,0.12223212712928232
2023-08-11,volatility_60,60,0.12708946823912753
2023-08-14,volatility_60,60,0.12953741794073795
2023-08-15,volatility_60,60,0.12888642200982084
2023-08-16,volatility_60,60,0.12961285340707795
2023-08-17,volatility_60,60,0.1330848575361692
2023-08-18,volatility_60,60,0.13898498920897942
2023-08-21,volatility_60,60,0.14589649200362959
2023-08-22,volatility_60,60,0.15133232505581348
2023-08-23,volatility_60,60,0.15346924486435323
2023-08-24,volatility_60,60,0.15244191992751283
2023-08-25,volatility_60,60,0.14873302991660634
2023-08-28,volatility_60,60,0.1415795129827261
2023-08-29,volatility_60,60,0.14224499504027704
2023-08-30,volatility_60,60,0.14014649783963673
2023-08-31,volatility_60,60,0.14293750616728718
2023-09-01,volatility_60,60,0.14229667166772061
2023-09-04,volatility_60,60,0.14399348275778906
2023-09-05,volatility_60,60,0.14389816996123633
2023-09-06,volatility_60,60,0.1534302977067097
2023-09-07,volatility_60,60,0.16173888363063055
2023-09-08,volatility_60,60,0.16846197709883765
2023-09-11,volatility_60,60,0.172983259285612
2023-09-12,volatility_60,60,0.17561279377985958
2023-09-13,volatility_60,60,0.17512842291280747
2023-09-14,volatility_60,60,0.1727406936635085
2023-09-15,volatility_60,60,0.1670885061823044
2023-09-18,volatility_60,60,0.16339083844427432
2023-09-19,volatility_60,60,0.15730914813511246
2023-09-20,volatility_60,60,0.15223358581761545
2023-09-21,volatility_60,60,0.14650285553725248
2023-09-22,volatility_60,60,0.13932846850011388
2023-09-25,volatility_60,60,0.1311055791662021
2023-09-26,volatility_60,60,0.12203924616475942
2023-09-27,volatility_60,60,0.11321124377524393
2023-09-28,volatility_60,60,0.10543248951844687
2023-10-09,volatility_60,60,0.10261829659455506
2023-10-10,volatility_60,60,0.10025983899228483
2023-10-11,volatility_60,60,0.09888135011521831
2023-10-12,volatility_60,60,0.09735046537837534
2023-10-13,volatility_60,60,0.0943654681654643
2023-10-16,volatility_60,60,0.08977499997179635
2023-10-17,volatility_60,60,0.08534450797515779
2023-10-18,volatility_60,60,0.08221565635803797
2023-10-19,volatility_60,60,0.07812863384464547
2023-10-20,volatility_60,60,0.07375905588461057
2023-10-23,volatility_60,60,0.06799455450179495
2023-10-24,volatility_60,60,0.06239057890959376
2023-10-25,volatility_60,60,0.05887462057084017
2023-10-26,volatility_60,60,0.05891078407525938
2023-10-27,volatility_60,60,0.05597785704130575
2023-10-30,volatility_60,60,0.056167235169987804
2023-10-31,volatility_60,60,0.055403195143944615
2023-11-01,volatility_60,60,0.0525540331674983
2023-11-02,volatility_60,60,0.05002895837702062
2023-11-03,volatility_60,60,0.048560241440129416
2023-11-06,volatility_60,60,0.04637709714541472
2023-11-07,volatility_60,60,0.04253895742937235
2023-11-08,volatility_60,60,0.03946581962149062
2023-11-09,volatility_60,60,0.031911429062266586
2023-11-10,volatility_60,60,0.02596524115618727
2023-11-13,volatility_60,60,0.02078791308623055
2023-11-14,volatility_60,60,0.01958782050550355
2023-11-15,volatility_60,60,0.022877162399350368
2023-11-16,volatility_60,60,0.025571509577036286
2023-11-17,volatility_60,60,0.03122914510480206
2023-11-20,volatility_60,60,0.03411995692322437
2023-11-21,volatility_60,60,0.03560541133417662
2023-11-22,volatility_60,60,0.03708329256014157
2023-11-23,volatility_60,60,0.043182505703346905
2023-11-24,volatility_60,60,0.04480680123377603
2023-11-27,volatility_60,60,0.051257437497229115
2023-11-28,volatility_60,60,0.06013619193517565
2023-11-29,volatility_60,60,0.0652331803300192
2023-11-30,volatility_60,60,0.07049037415716496
2023-12-01,volatility_60,60,0.07103870749440486
2023-12-04,volatility_60,60,0.07175993470406379
2023-12-05,volatility_60,60,0.0717830721287251
2023-12-06,volatility_60,60,0.0710368557762023
2023-12-07,volatility_60,60,0.06679231842585417
2023-12-08,volatility_60,60,0.06608976543271723
2023-12-11,volatility_60,60,0.06419520985022116
2023-12-12,volatility_60,60,0.062019044261137815
2023-12-13,volatility_60,60,0.06048857907595071
2023-12-14,volatility_60,60,0.05870064274897287
2023-12-15,volatility_60,60,0.05910611660223052
2023-12-18,volatility_60,60,0.06339725063623505
2023-12-19,volatility_60,60,0.0655368594749784
2023-12-20,volatility_60,60,0.0704107470013068
2023-12-21,volatility_60,60,0.07376480630672284
2023-12-22,volatility_60,60,0.07384277145012434
2023-12-25,volatility_60,60,0.07631814291943423
2023-12-26,volatility_60,60,0.08180730946501653
2023-12-27,volatility_60,60,0.08753588423637214
2023-12-28,volatility_60,60,0.09405223288598875
2023-12-29,volatility_60,60,0.1036038676669149
2024-01-02,volatility_60,60,0.11085477965367382
2024-01-03,volatility_60,60,0.11787070282090911
2024-01-04,volatility_60,60,0.11945052252529582
2024-01-05,volatility_60,60,0.12302137099947465
2024-01-08,volatility_60,60,0.12253316242349199
2024-01-09,volatility_60,60,0.12408713666112724
2024-01-10,volatility_60,60,0.1252131399310372
2024-01-11,volatility_60,60,0.12711076643890534
2024-01-12,volatility_60,60,0.12704194398752613
2024-01-15,volatility_60,60,0.12721192658216213
2024-01-16,volatility_60,60,0.12709946921056575
2024-01-17,volatility_60,60,0.1260104838373653
2024-01-18,volatility_60,60,0.12596627148231826
2024-01-19,volatility_60,60,0.12775233458103968
2024-01-22,volatility_60,60,0.13502588807878554
2024-01-23,volatility_60,60,0.14402740492917937
2024-01-24,volatility_60,60,0.1549659564213541
2024-01-25,volatility_60,60,0.16633015538457202
2024-01-26,volatility_60,60,0.17584099582329663
2024-01-29,volatility_60,60,0.1818761630644671
2024-01-30,volatility_60,60,0.18443497407581477
2024-01-31,volatility_60,60,0.18980082105619706
2024-02-01,volatility_60,60,0.19497324774224384
2024-02-02,volatility_60,60,0.20093567178523447
2024-02-05,volatility_60,60,0.2045415635190039
2024-02-06,volatility_60,60,0.20103031592282247
2024-02-07,volatility_60,60,0.19114399233928764
2024-02-08,volatility_60,60,0.17704922412691693
2024-02-19,volatility_60,60,0.16474778215176633
2024-02-20,volatility_60,60,0.1482946920830114
2024-02-21,volatility_60,60,0.13693330990994784
2024-02-22,volatility_60,60,0.1289606679629837
2024-02-23,volatility_60,60,0.12602446406547585
2024-02-26,volatility_60,60,0.12224282308544374
2024-02-27,volatility_60,60,0.12806596907460455
2024-02-28,volatility_60,60,0.12128478397823494
2024-02-29,volatility_60,60,0.11498621053226957
2024-03-01,volatility_60,60,0.10898126844074069
2024-03-04,volatility_60,60,0.10592610284548984
2024-03-05,volatility_60,60,0.0991514431664766
2024-03-06,volatility_60,60,0.09419343789536243
2024-03-07,volatility_60,60,0.08952008564416132
2024-03-08,volatility_60,60,0.08632379077595788
2024-03-11,volatility_60,60,0.07893537420532636
2024-03-12,volatility_60,60,0.06931336993023067
2024-03-13,volatility_60,60,0.05702973547343946
2024-03-14,volatility_60,60,0.046703798916768034
2024-03-15,volatility_60,60,0.03758280893713772
2024-03-18,volatility_60,60,0.033497399920667977
2024-03-19,volatility_60,60,0.03062443922383781
2024-03-20,volatility_60,60,0.03293394217445364
2024-03-21,volatility_60,60,0.03327417514043053
2024-03-22,volatility_60,60,0.03415239901078134
2024-03-25,volatility_60,60,0.03427598628127951
2024-03-26,volatility_60,60,0.03756923901471379
2024-03-27,volatility_60,60,0.03755434782669569
2024-03-28,volatility_60,60,0.04266845460066673
2024-03-29,volatility_60,60,0.047395217991253444
2024-04-01,volatility_60,60,0.05140337318926704
2024-04-02,volatility_60,60,0.052989797899798304
2024-04-03,volatility_60,60,0.05349510193371806
2024-04-08,volatility_60,60,0.05578336645218437
2024-04-09,volatility_60,60,0.06122986216724538
2024-04-10,volatility_60,60,0.06446972587521331
2024-04-11,volatility_60,60,0.06780200380591274
2024-04-12,volatility_60,60,0.0695885799793125
2024-04-15,volatility_60,60,0.06948764942128097
2024-04-16,volatility_60,60,0.05898196670480184
2024-04-17,volatility_60,60,0.05281325939681229
2024-04-18,volatility_60,60,0.04525168887191725
2024-04-19,volatility_60,60,0.040172169549557046
2024-04-22,volatility_60,60,0.03131953125170317
2024-04-23,volatility_60,60,0.02391075989294082
2024-04-24,volatility_60,60,0.016867862045893946
2024-04-25,volatility_60,60,0.007716453973874872
2024-04-26,volatility_60,60,-0.0016307560851423835
2024-04-29,volatility_60,60,-0.007989498793372575
2024-04-30,volatility_60,60,-0.012449837955202396
2024-05-06,volatility_60,60,-0.01118211376674913
2024-05-07,volatility_60,60,-0.008556763752651781
2024-05-08,volatility_60,60,-0.005934582406042571
2024-05-09,volatility_60,60,-0.006951253232731804
2024-05-10,volatility_60,60,-0.014623088325579837
2024-05-13,volatility_60,60,-0.02228445806942756
2024-05-14,volatility_60,60,-0.022589029853055012
2024-05-15,volatility_60,60,-0.01939237289327734
2024-05-16,volatility_60,60,-0.01085570683474687
2024-05-17,volatility_60,60,0.0027041961369897506
2024-05-20,volatility_60,60,0.015175005662783781
2024-05-21,volatility_60,60,0.028464775434094623
2024-05-22,volatility_60,60,0.03866090136510614
2024-05-23,volatility_60,60,0.04662138196419938
2024-05-24,volatility_60,60,0.04735352037304931
2024-05-27,volatility_60,60,0.049573096845726715
2024-05-28,volatility_60,60,0.04819036371145206
2024-05-29,volatility_60,60,0.05760442452063342
2024-05-30,volatility_60,60,0.06776946081346982
2024-05-31,volatility_60,60,0.0783659344075954
2024-06-03,volatility_60,60,0.08416520937470191
2024-06-04,volatility_60,60,0.08963646418211894
2024-06-05,volatility_60,60,0.09093416026252926
2024-06-06,volatility_60,60,0.08749303195678579
2024-06-07,volatility_60,60,0.08579423145517295
2024-06-11,volatility_60,60,0.08607862877903262
2024-06-12,volatility_60,60,0.08761504977143737
2024-06-13,volatility_60,60,0.094471910016004
2024-06-14,volatility_60,60,0.10055285556088621
2024-06-17,volatility_60,60,0.10848565102147788
2024-06-18,volatility_60,60,0.11464420905932804
2024-06-19,volatility_60,60,0.11870346960868977
2024-06-20,volatility_60,60,0.11562144761214058
2024-06-21,volatility_60,60,0.11295911088750717
2024-06-24,volatility_60,60,0.10733261322958033
2024-06-25,volatility_60,60,0.10439054888851787
2024-06-26,volatility_60,60,0.10561404708627023
2024-06-27,volatility_60,60,0.10906424928637642
2024-06-28,volatility_60,60,0.10635504120629083
2024-07-01,volatility_60,60,0.10541924066966339
2024-07-02,volatility_60,60,0.1032615962482652
2024-07-03,volatility_60,60,0.09950587726099229
2024-07-04,volatility_60,60,0.09218418945849152
2024-07-05,volatility_60,60,0.08293831128037592
2024-07-08,volatility_60,60,0.07351327701448716
2024-07-09,volatility_60,60,0.06634378425701411
2024-07-10,volatility_60,60,0.06322386723496418
2024-07-11,volatility_60,60,0.06222467957250595
2024-07-12,volatility_60,60,0.0643626903424885
2024-07-15,volatility_60,60,0.07065940521371823
2024-07-16,volatility_60,60,0.07500880795403603
2024-07-17,volatility_60,60,0.08072300555339824
2024-07-18,volatility_60,60,0.08563977252060978
2024-07-19,volatility_60,60,0.09430950723880457
2024-07-22,volatility_60,60,0.09882896713233456
2024-07-23,volatility_60,60,0.09974400718111996
2024-07-24,volatility_60,60,0.09854723718096277
2024-07-25,volatility_60,60,0.09506384380126315
2024-07-26,volatility_60,60,0.08984046955201049
2024-07-29,volatility_60,60,0.0907091157376828
2024-07-30,volatility_60,60,0.08691638239239312
2024-07-31,volatility_60,60,0.08215549098167232
2024-08-01,volatility_60,60,0.08151894208895438
2024-08-02,volatility_60,60,0.08197062627599053
2024-08-05,volatility_60,60,0.08660052079157149
2024-08-06,volatility_60,60,0.09414148932911023
2024-08-07,volatility_60,60,0.0991361769799445
2024-08-08,volatility_60,60,0.10018109498016761
2024-08-09,volatility_60,60,0.0973436428567136
2024-08-12,volatility_60,60,0.09245738365717686
2024-08-13,volatility_60,60,0.08994723649570213
2024-08-14,volatility_60,60,0.08685792285323823
2024-08-15,volatility_60,60,0.08400453019813843
2024-08-16,volatility_60,60,0.08329295617242262
2024-08-19,volatility_60,60,0.08413215670015571
2024-08-20,volatility_60,60,0.0853269114796898
2024-08-21,volatility_60,60,0.08519966616370035
2024-08-22,volatility_60,60,0.08180515786691857
2024-08-23,volatility_60,60,0.07201297966403357
2024-08-26,volatility_60,60,0.06272113605051131
2024-08-27,volatility_60,60,0.052141041272301375
2024-08-28,volatility_60,60,0.04884792820559611
2024-08-29,volatility_60,60,0.04880222625056549
2024-08-30,volatility_60,60,0.05831913204183793
2024-09-02,volatility_60,60,0.06340714381828062
2024-09-03,volatility_60,60,0.06867214365548631
2024-09-04,volatility_60,60,0.07090409315870505
2024-09-05,volatility_60,60,0.07253079259515934
2024-09-06,volatility_60,60,0.07325252840426802
2024-09-09,volatility_60,60,0.07277273134329514
2024-09-10,volatility_60,60,0.07143286567623121
2024-09-11,volatility_60,60,0.06988705832757905
2024-09-12,volatility_60,60,0.07032533701765244
2024-09-13,volatility_60,60,0.07271726074183868
2024-09-18,volatility_60,60,0.07593482459588803
2024-09-19,volatility_60,60,0.0794864626011595
2024-09-20,volatility_60,60,0.07621132253688946
2024-09-23,volatility_60,60,0.06790175098588568
2024-09-24,volatility_60,60,0.05754086277594166
2024-09-25,volatility_60,60,0.047114976649351166
2024-09-26,volatility_60,60,0.03627532729196684
2024-09-27,volatility_60,60,0.028651508763291634
2024-09-30,volatility_60,60,0.026860778231062678
2024-10-08,volatility_60,60,0.03478926952866361
2024-10-09,volatility_60,60,0.03688241231704943
2024-10-10,volatility_60,60,0.03543925957904604
2024-10-11,volatility_60,60,0.023489600815438542
2024-10-14,volatility_60,60,0.008894568346982176
2024-10-15,volatility_60,60,-0.004556191147785096
2024-10-16,volatility_60,60,-0.010947940650282605
2024-10-17,volatility_60,60,-0.013065205171979804
2024-10-18,volatility_60,60,-0.0119350251919968
2024-10-21,volatility_60,60,-0.00774411995486551
2024-10-22,volatility_60,60,-0.005327031543916583
2024-10-23,volatility_60,60,-0.0036839091538621803
2024-10-24,volatility_60,60,-0.002239738210694004
2024-10-25,volatility_60,60,0.00575253929332668
2024-10-28,volatility_60,60,0.014048722346443141
2024-10-29,volatility_60,60,0.019509368141848987
2024-10-30,volatility_60,60,0.017172706097928266
2024-10-31,volatility_60,60,0.016640070240845364
2024-11-01,volatility_60,60,0.010285078044353801
2024-11-04,volatility_60,60,-0.001560146000835949
2024-11-05,volatility_60,60,-0.00858249183051405
2024-11-06,volatility_60,60,-0.012118248926753507
2024-11-07,volatility_60,60,-0.015430828618799916
2024-11-08,volatility_60,60,-0.015015297718443935
2024-11-11,volatility_60,60,-0.004831504324784708
2024-11-12,volatility_60,60,0.003938931906189896
2024-11-13,volatility_60,60,0.010798813685083227
2024-11-14,volatility_60,60,0.014661890886511224
2024-11-15,volatility_60,60,0.018279138163168084
2024-11-18,volatility_60,60,0.015677489679690605
2024-11-19,volatility_60,60,0.016032260053998913
2024-11-20,volatility_60,60,0.01930997762655138
2024-11-21,volatility_60,60,0.019879324800995284
2024-11-22,volatility_60,60,0.017437373226748605
2024-11-25,volatility_60,60,0.01601736816440176
2024-11-26,volatility_60,60,0.015401365988231297
2024-11-27,volatility_60,60,0.015911885858157667
2024-11-28,volatility_60,60,0.01646394255392508
2024-11-29,volatility_60,60,0.01710529727192593
2024-12-02,volatility_60,60,0.021094350343487403
2024-12-03,volatility_60,60,0.018541831622301407
2024-12-04,volatility_60,60,0.015913569525406616
2024-12-05,volatility_60,60,0.01921693282365478
2024-12-06,volatility_60,60,0.024316454368084554
2024-12-09,volatility_60,60,0.02736578316786988
2024-12-10,volatility_60,60,0.033235664553038294
2024-12-11,volatility_60,60,0.036031003248023975
2024-12-12,volatility_60,60,0.03305838799844642
2024-12-13,volatility_60,60,0.029535929956019016
2024-12-16,volatility_60,60,0.027595000688654323
2024-12-17,volatility_60,60,0.02505616906894416
2024-12-18,volatility_60,60,0.025934778384215523
2024-12-19,volatility_60,60,0.02631699720875486
2024-12-20,volatility_60,60,0.03302832743672943
2024-12-23,volatility_60,60,0.041410037497613086
2024-12-24,volatility_60,60,0.05421329498302066
2024-12-25,volatility_60,60,0.0649509576567019
2024-12-26,volatility_60,60,0.07902494515994363
2024-12-27,volatility_60,60,0.09040861865516467
2024-12-30,volatility_60,60,0.0983760338597507
2024-12-31,volatility_60,60,0.09198588185736016
2025-01-02,volatility_60,60,0.08813547500673694
2025-01-03,volatility_60,60,0.08553942407868732
2025-01-06,volatility_60,60,0.08866556602869452
2025-01-07,volatility_60,60,0.09185911661895182
2025-01-08,volatility_60,60,0.09463863906546531
2025-01-09,volatility_60,60,0.09906505701166964
2025-01-10,volatility_60,60,0.09624887603534651
2025-01-13,volatility_60,60,0.09036337293178393
2025-01-14,volatility_60,60,0.08751855104583407
2025-01-15,volatility_60,60,0.08860211372879562
2025-01-16,volatility_60,60,0.09048017737747241
2025-01-17,volatility_60,60,0.09160807397802569
2025-01-20,volatility_60,60,0.09191267622348834
2025-01-21,volatility_60,60,0.09131490692056941
2025-01-22,volatility_60,60,0.08651158682573427
2025-01-23,volatility_60,60,0.08083017129262694
2025-01-24,volatility_60,60,0.07283603489832137
2025-01-27,volatility_60,60,0.0700777047612162
2025-02-05,volatility_60,60,0.06932990694032695
2025-02-06,volatility_60,60,0.06902708635000486
2025-02-07,volatility_60,60,0.06953856428404455
2025-02-10,volatility_60,60,0.06752937048380994
2025-02-11,volatility_60,60,0.06578941795053583
2025-02-12,volatility_60,60,0.05850226671784513
2025-02-13,volatility_60,60,0.04957534690164347
2025-02-14,volatility_60,60,0.03964045661673275
2025-02-17,volatility_60,60,0.03434991431633976
2025-02-18,volatility_60,60,0.025885320766861165
2025-02-19,volatility_60,60,0.023504359346084858
2025-02-20,volatility_60,60,0.019528630674909012
2025-02-21,volatility_60,60,0.01840537172230515
2025-02-24,volatility_60,60,0.01678572021296686
2025-02-25,volatility_60,60,0.01854580769586417
2025-02-26,volatility_60,60,0.021271827420041477
2025-02-27,volatility_60,60,0.023342786918261537
2025-02-28,volatility_60,60,0.0193034468331601
2025-03-03,volatility_60,60,0.019010105544518673
2025-03-04,volatility_60,60,0.020498904940186843
2025-03-05,volatility_60,60,0.019816898510808683
2025-03-06,volatility_60,60,0.025586624238960264
2025-03-07,volatility_60,60,0.03164229357761884
2025-03-10,volatility_60,60,0.032699374232413654
2025-03-11,volatility_60,60,0.0314910760573048
2025-03-12,volatility_60,60,0.0324111384834515
2025-03-13,volatility_60,60,0.0275032232702816
2025-03-14,volatility_60,60,0.028441654604746923
2025-03-17,volatility_60,60,0.034978167734258006
2025-03-18,volatility_60,60,0.04432244105526685
2025-03-19,volatility_60,60,0.05239493530841456
2025-03-20,volatility_60,60,0.0601653716895858
2025-03-21,volatility_60,60,0.06335230994760922
2025-03-24,volatility_60,60,0.06428834828708598
2025-03-25,volatility_60,60,0.06200682447294428
2025-03-26,volatility_60,60,0.061089455633829594
2025-03-27,volatility_60,60,0.0580433042104719
2025-03-28,volatility_60,60,0.05899721563440892
2025-03-31,volatility_60,60,0.05698681246543096
2025-04-01,volatility_60,60,0.05208996410608625
2025-04-02,volatility_60,60,0.04994403358392303
2025-04-03,volatility_60,60,0.049471422790621514
2025-04-07,volatility_60,60,0.04210141601449406
2025-04-08,volatility_60,60,0.03727616489588083
2025-04-09,volatility_60,60,0.040067748168105544
2025-04-10,volatility_60,60,0.04557859390460273
2025-04-11,volatility_60,60,0.05242023765331767
2025-04-14,volatility_60,60,0.05486756044092351
2025-04-15,volatility_60,60,0.06302920775245414
2025-04-16,volatility_60,60,0.0648115756968337
2025-04-17,volatility_60,60,0.06432688567206625
2025-04-18,volatility_60,60,0.061615021623225345
2025-04-21,volatility_60,60,0.06224330229357736
2025-04-22,volatility_60,60,0.061546997778066936
2025-04-23,volatility_60,60,0.0568115810757837
2025-04-24,volatility_60,60,0.04870767549620359
2025-04-25,volatility_60,60,0.046601723998051875
2025-04-28,volatility_60,60,0.044730534407318764
2025-04-29,volatility_60,60,0.04749604587767865
2025-04-30,volatility_60,60,0.052914063467506475
2025-05-06,volatility_60,60,0.06491115864520694
2025-05-07,volatility_60,60,0.07097372131051807
2025-05-08,volatility_60,60,0.07908628592985337
2025-05-09,volatility_60,60,0.08331987212639771
2025-05-12,volatility_60,60,0.08494562255767445
2025-05-13,volatility_60,60,0.0844600587978463
2025-05-14,volatility_60,60,0.08933148423872796
2025-05-15,volatility_60,60,0.0950077140388377
2025-05-16,volatility_60,60,0.10010491937130776
2025-05-19,volatility_60,60,0.10723248402510047
2025-05-20,volatility_60,60,0.11495571594425846
2025-05-21,volatility_60,60,0.11783209200977864
2025-05-22,volatility_60,60,0.11370154693004655
2025-05-23,volatility_60,60,0.11168848729310833
2025-05-26,volatility_60,60,0.11017590943128479
2025-05-27,volatility_60,60,0.10775642870750013
2025-05-28,volatility_60,60,0.10640634861754766
2025-05-29,volatility_60,60,0.11141156090002043
2025-05-30,volatility_60,60,0.11073583321399776
2025-06-03,volatility_60,60,0.10959316871521277
2025-06-04,volatility_60,60,0.10726893572098481
2025-06-05,volatility_60,60,0.10118832051095396
2025-06-06,volatility_60,60,0.09773539152766154
2025-06-09,volatility_60,60,0.09488869859878797
2025-06-10,volatility_60,60,0.09406055462402868
2025-06-11,volatility_60,60,0.0901096010567392
2025-06-12,volatility_60,60,0.0925528596206282
2025-06-13,volatility_60,60,0.09054134991637404
2025-06-16,volatility_60,60,0.08687958001329878
2025-06-17,volatility_60,60,0.07939595283313453
2025-06-18,volatility_60,60,0.07114708807535938
2025-06-19,volatility_60,60,0.06214116517788071
2025-06-20,volatility_60,60,0.053732587547090996
2025-06-23,volatility_60,60,0.04755733286368925
2025-06-24,volatility_60,60,0.040997838161326225
2025-06-25,volatility_60,60,0.03755352359333546
2025-06-26,volatility_60,60,0.03261230993425571
2025-06-27,volatility_60,60,0.028523484909870393
2025-06-30,volatility_60,60,0.027352041629206927
2025-07-01,volatility_60,60,0.02926397158199534
2025-07-02,volatility_60,60,0.030708618768815164
2025-07-03,volatility_60,60,0.035461579735468346
2025-07-04,volatility_60,60,0.045939204416625974
2025-07-07,volatility_60,60,0.05490628444867625
2025-07-08,volatility_60,60,0.059757468263948864
2025-07-09,volatility_60,60,0.05929197938231559
2025-07-10,volatility_60,60,0.055034765275783645
2025-07-11,volatility_60,60,0.05463715319585228
2025-07-14,volatility_60,60,0.053086859409027215
2025-07-15,volatility_60,60,0.05663313111836234
2025-07-16,volatility_60,60,0.06067654248241561
2025-07-17,volatility_60,60,0.06564404519052762
2025-07-18,volatility_60,60,0.06496143521492867
2025-07-21,volatility_60,60,0.06457967222861673
2025-07-22,volatility_60,60,0.06258106815111644
2025-07-23,volatility_60,60,0.06460143995241573
2025-07-24,volatility_60,60,0.06651766535810938
2025-07-25,volatility_60,60,0.07209585053030153
2025-07-28,volatility_60,60,0.07443964122229926
2025-07-29,volatility_60,60,0.0770062136755949
2025-07-30,volatility_60,60,0.0724229687823408
2025-07-31,volatility_60,60,0.0705695041141872
2025-08-01,volatility_60,60,0.06406775127058932
2025-08-04,volatility_60,60,0.06269871832314562
2025-08-05,volatility_60,60,0.06070571463246805
2025-08-06,volatility_60,60,0.05985555019299183
2025-08-07,volatility_60,60,0.058394723598440265
2025-08-08,volatility_60,60,0.05483546462269271
2025-08-11,volatility_60,60,0.04771059870335041
2025-08-12,volatility_60,60,0.04038779966634103
2025-08-13,volatility_60,60,0.033961043159451074
2025-08-14,volatility_60,60,0.028364917054559124
2025-08-15,volatility_60,60,0.02825260598144413
2025-08-18,volatility_60,60,0.029535939145763298
2025-08-19,volatility_60,60,0.03156852953256359
2025-08-20,volatility_60,60,0.03529588312102168
2025-08-21,volatility_60,60,0.03960514191359111
2025-08-22,volatility_60,60,0.040727285514782205
2025-08-25,volatility_60,60,0.046556312162226034
2025-08-26,volatility_60,60,0.049878760515329044
2025-08-27,volatility_60,60,0.05286376292234402
2025-08-28,volatility_60,60,0.056587624805142615
2025-08-29,volatility_60,60,0.05911839792535509
2025-09-01,volatility_60,60,0.061228591807708135
2025-09-02,volatility_60,60,0.06243830210958081
2025-09-03,volatility_60,60,0.06172949564510916
2025-09-04,volatility_60,60,0.05444481735221713
2025-09-05,volatility_60,60,0.049497637635844395
2025-09-08,volatility_60,60,0.04372808533872005
2025-09-09,volatility_60,60,0.037087500115233804
2025-09-10,volatility_60,60,0.03302074661752627
2025-09-11,volatility_60,60,0.031438516084382424
2025-09-12,volatility_60,60,0.03430714168863603
2025-09-15,volatility_60,60,0.03567594497845481
2025-09-16,volatility_60,60,0.038186568607559486
2025-09-17,volatility_60,60,0.037071356172425934
2025-09-18,volatility_60,60,0.03615162288176792
2025-09-19,volatility_60,60,0.03256799947011288
2025-09-22,volatility_60,60,0.0279953524945968
2025-09-23,volatility_60,60,0.02251681495560652
2025-09-24,volatility_60,60,0.01877338395072337
2025-09-25,volatility_60,60,0.017548814996914304
2025-09-26,volatility_60,60,0.017938939880643833
2025-09-29,volatility_60,60,0.02201410792241135
2025-09-30,volatility_60,60,0.024008438087629928
2025-10-09,volatility_60,60,0.030802205998354874
2025-10-10,volatility_60,60,0.03859824175711521
2025-10-13,volatility_60,60,0.04400198030310778
2025-10-14,volatility_60,60,0.04423909634755797
2025-10-15,volatility_60,60,0.046991511185462395
2025-10-16,volatility_60,60,0.046914776326669995
2025-10-17,volatility_60,60,0.040635227946555455
2025-10-20,volatility_60,60,0.03498254869412333
2025-10-21,volatility_60,60,0.03294500310400758
2025-10-22,volatility_60,60,0.031191641894224697
2025-10-23,volatility_60,60,0.031036929164614934
2025-10-24,volatility_60,60,0.032495761309345235
2025-10-27,volatility_60,60,0.033865620165014675
2025-10-28,volatility_60,60,0.03765640014378169
2025-10-29,volatility_60,60,0.039763779486889674
2025-10-30,volatility_60,60,0.04196103762235056
2025-10-31,volatility_60,60,0.045910939332320704
2025-11-03,volatility_60,60,0.050041184533526774
2025-11-04,volatility_60,60,0.052977443371157555
2025-11-05,volatility_60,60,0.05687701463547197
2025-11-06,volatility_60,60,0.06172028512889301
2025-11-07,volatility_60,60,0.06509928298687871
2025-11-10,volatility_60,60,0.06962183494102163
2025-11-11,volatility_60,60,0.0736210618152829
2025-11-12,volatility_60,60,0.07968260429360835
2025-11-13,volatility_60,60,0.08494618764409072
2025-11-14,volatility_60,60,0.09072650844679259
2025-11-17,volatility_60,60,0.09364862122440328
2025-11-18,volatility_60,60,0.09308061121624182
2025-11-19,volatility_60,60,0.0899647445784197
2025-11-20,volatility_60,60,0.08676195183796773
2025-11-21,volatility_60,60,0.08080823399208396
2025-11-24,volatility_60,60,0.07533559307157872
2025-11-25,volatility_60,60,0.07470770312935497
2025-11-26,volatility_60,60,0.07642677386999285
2025-11-27,volatility_60,60,0.07625151283952696
2025-11-28,volatility_60,60,0.07537419817423166
2025-12-01,volatility_60,60,0.07111652506192447
2025-12-02,volatility_60,60,0.06448492901333999
2025-12-03,volatility_60,60,0.057466828486644486
2025-12-04,volatility_60,60,0.05286786006320629
2025-12-05,volatility_60,60,0.052864620981696316
2025-12-08,volatility_60,60,0.0538999450305987
2025-12-09,volatility_60,60,0.058986198769264614
2025-12-10,volatility_60,60,0.06512532102615727
2025-12-11,volatility_60,60,0.0723478456996892
2025-12-12,volatility_60,60,0.08009492854946124
2025-12-15,volatility_60,60,0.08262843464298429
2025-12-16,volatility_60,60,0.08190649220874621
2025-12-17,volatility_60,60,0.08059681334047508
2025-12-18,volatility_60,60,0.07470884871244139
2025-12-19,volatility_60,60,0.06930450229249036
2025-12-22,volatility_60,60,0.06430416139071422
2025-12-23,volatility_60,60,0.05909786042846168
2025-12-24,volatility_60,60,0.05851494295592426
2018-04-03,volatility_60,120,
2018-04-04,volatility_60,120,
2018-04-09,volatility_60,120,
2018-04-10,volatility_60,120,
2018-04-11,volatility_60,120,
2018-04-12,volatility_60,120,
2018-04-13,volatility_60,120,
2018-04-16,volatility_60,120,
2018-04-17,volatility_60,120,
2018-04-18,volatility_60,120,
2018-04-19,volatility_60,120,
2018-04-20,volatility_60,120,
2018-04-23,volatility_60,120,
2018-04-24,volatility_60,120,
2018-04-25,volatility_60,120,
2018-04-26,volatility_60,120,
2018-04-27,volatility_60,120,
2018-05-02,volatility_60,120,
2018-05-03,volatility_60,120,
2018-05-04,volatility_60,120,
2018-05-07,volatility_60,120,
2018-05-08,volatility_60,120,
2018-05-09,volatility_60,120,
2018-05-10,volatility_60,120,
2018-05-11,volatility_60,120,
2018-05-14,volatility_60,120,
2018-05-15,volatility_60,120,
2018-05-16,volatility_60,120,
2018-05-17,volatility_60,120,
2018-05-18,volatility_60,120,
2018-05-21,volatility_60,120,
2018-05-22,volatility_60,120,
2018-05-23,volatility_60,120,
2018-05-24,volatility_60,120,
2018-05-25,volatility_60,120,
2018-05-28,volatility_60,120,
2018-05-29,volatility_60,120,
2018-05-30,volatility_60,120,
2018-05-31,volatility_60,120,
2018-06-01,volatility_60,120,
2018-06-04,volatility_60,120,
2018-06-05,volatility_60,120,
2018-06-06,volatility_60,120,
2018-06-07,volatility_60,120,
2018-06-08,volatility_60,120,
2018-06-11,volatility_60,120,
2018-06-12,volatility_60,120,
2018-06-13,volatility_60,120,
2018-06-14,volatility_60,120,
2018-06-15,volatility_60,120,
2018-06-19,volatility_60,120,
2018-06-20,volatility_60,120,
2018-06-21,volatility_60,120,
2018-06-22,volatility_60,120,
2018-06-25,volatility_60,120,
2018-06-26,volatility_60,120,
2018-06-27,volatility_60,120,
2018-06-28,volatility_60,120,
2018-06-29,volatility_60,120,
2018-07-02,volatility_60,120,
2018-07-03,volatility_60,120,
2018-07-04,volatility_60,120,
2018-07-05,volatility_60,120,
2018-07-06,volatility_60,120,
2018-07-09,volatility_60,120,
2018-07-10,volatility_60,120,
2018-07-11,volatility_60,120,
2018-07-12,volatility_60,120,
2018-07-13,volatility_60,120,
2018-07-16,volatility_60,120,
2018-07-17,volatility_60,120,
2018-07-18,volatility_60,120,
2018-07-19,volatility_60,120,
2018-07-20,volatility_60,120,
2018-07-23,volatility_60,120,
2018-07-24,volatility_60,120,
2018-07-25,volatility_60,120,
2018-07-26,volatility_60,120,
2018-07-27,volatility_60,120,
2018-07-30,volatility_60,120,
2018-07-31,volatility_60,120,
2018-08-01,volatility_60,120,
2018-08-02,volatility_60,120,
2018-08-03,volatility_60,120,
2018-08-06,volatility_60,120,
2018-08-07,volatility_60,120,
2018-08-08,volatility_60,120,
2018-08-09,volatility_60,120,
2018-08-10,volatility_60,120,
2018-08-13,volatility_60,120,
2018-08-14,volatility_60,120,
2018-08-15,volatility_60,120,
2018-08-16,volatility_60,120,
2018-08-17,volatility_60,120,
2018-08-20,volatility_60,120,
2018-08-21,volatility_60,120,
2018-08-22,volatility_60,120,
2018-08-23,volatility_60,120,
2018-08-24,volatility_60,120,
2018-08-27,volatility_60,120,
2018-08-28,volatility_60,120,
2018-08-29,volatility_60,120,
2018-08-30,volatility_60,120,
2018-08-31,volatility_60,120,
2018-09-03,volatility_60,120,
2018-09-04,volatility_60,120,
2018-09-05,volatility_60,120,
2018-09-06,volatility_60,120,
2018-09-07,volatility_60,120,
2018-09-10,volatility_60,120,
2018-09-11,volatility_60,120,
2018-09-12,volatility_60,120,
2018-09-13,volatility_60,120,
2018-09-14,volatility_60,120,
2018-09-17,volatility_60,120,
2018-09-18,volatility_60,120,
2018-09-19,volatility_60,120,
2018-09-20,volatility_60,120,
2018-09-21,volatility_60,120,
2018-09-25,volatility_60,120,0.07531092878957889
2018-09-26,volatility_60,120,0.07888060423805533
2018-09-27,volatility_60,120,0.08300348528050011
2018-09-28,volatility_60,120,0.08574804049020672
2018-10-08,volatility_60,120,0.08442101428304723
2018-10-09,volatility_60,120,0.0839823024781607
2018-10-10,volatility_60,120,0.08381091869408927
2018-10-11,volatility_60,120,0.08339697544339736
2018-10-12,volatility_60,120,0.08144280429304772
2018-10-15,volatility_60,120,0.08161374514809046
2018-10-16,volatility_60,120,0.08076774347176507
2018-10-17,volatility_60,120,0.08046801457556024
2018-10-18,volatility_60,120,0.08097015811931259
2018-10-19,volatility_60,120,0.08207924784584915
2018-10-22,volatility_60,120,0.08418159267101008
2018-10-23,volatility_60,120,0.08460980985646155
2018-10-24,volatility_60,120,0.08678463695020988
2018-10-25,volatility_60,120,0.0877854484014288
2018-10-26,volatility_60,120,0.08695224994761742
2018-10-29,volatility_60,120,0.08518817017990744
2018-10-30,volatility_60,120,0.0828558431881305
2018-10-31,volatility_60,120,0.07914294952801225
2018-11-01,volatility_60,120,0.07753125168187529
2018-11-02,volatility_60,120,0.07596982876256982
2018-11-05,volatility_60,120,0.07376327461567395
2018-11-06,volatility_60,120,0.07414006292953458
2018-11-07,volatility_60,120,0.0762565099536389
2018-11-08,volatility_60,120,0.07548224656329437
2018-11-09,volatility_60,120,0.07574640071116674
2018-11-12,volatility_60,120,0.07681606415304998
2018-11-13,volatility_60,120,0.07898921214930922
2018-11-14,volatility_60,120,0.08079353045352608
2018-11-15,volatility_60,120,0.0820044468129791
2018-11-16,volatility_60,120,0.08235082398121021
2018-11-19,volatility_60,120,0.0824152580946463
2018-11-20,volatility_60,120,0.08148194104705375
2018-11-21,volatility_60,120,0.07993945503866112
2018-11-22,volatility_60,120,0.08140553387552438
2018-11-23,volatility_60,120,0.08352312109313474
2018-11-26,volatility_60,120,0.08342495387121268
2018-11-27,volatility_60,120,0.08479457600062526
2018-11-28,volatility_60,120,0.08576547965856852
2018-11-29,volatility_60,120,0.08557186837975037
2018-11-30,volatility_60,120,0.08386074655082872
2018-12-03,volatility_60,120,0.08518036483651831
2018-12-04,volatility_60,120,0.0851578653844799
2018-12-05,volatility_60,120,0.08423992692403084
2018-12-06,volatility_60,120,0.08174773713440824
2018-12-07,volatility_60,120,0.08047669557026
2018-12-10,volatility_60,120,0.07924938286965105
2018-12-11,volatility_60,120,0.08002973143040233
2018-12-12,volatility_60,120,0.08310023285456951
2018-12-13,volatility_60,120,0.08441052169514002
2018-12-14,volatility_60,120,0.08597598895506069
2018-12-17,volatility_60,120,0.08930897652535895
2018-12-18,volatility_60,120,0.09227126459760641
2018-12-19,volatility_60,120,0.09471484506959324
2018-12-20,volatility_60,120,0.09627587137499341
2018-12-21,volatility_60,120,0.09572987855207579
2018-12-24,volatility_60,120,0.09372914205959967
2018-12-25,volatility_60,120,0.0945695563295593
2018-12-26,volatility_60,120,0.09396974382090811
2018-12-27,volatility_60,120,0.09386247492730643
2018-12-28,volatility_60,120,0.09750252524239172
2019-01-02,volatility_60,120,0.10156484727451427
2019-01-03,volatility_60,120,0.10300509118960956
2019-01-04,volatility_60,120,0.10359652778074491
2019-01-07,volatility_60,120,0.10476363962843273
2019-01-08,volatility_60,120,0.10338684293037237
2019-01-09,volatility_60,120,0.10078925942824997
2019-01-10,volatility_60,120,0.09816032247045067
2019-01-11,volatility_60,120,0.09557125842903101
2019-01-14,volatility_60,120,0.09289261573623979
2019-01-15,volatility_60,120,0.0913814911634856
2019-01-16,volatility_60,120,0.08871816112393005
2019-01-17,volatility_60,120,0.08497588627120968
2019-01-18,volatility_60,120,0.08154902470787959
2019-01-21,volatility_60,120,0.07840129599136109
2019-01-22,volatility_60,120,0.07634548460573347
2019-01-23,volatility_60,120,0.0736692874566341
2019-01-24,volatility_60,120,0.07058897516454678
2019-01-25,volatility_60,120,0.06785380012038707
2019-01-28,volatility_60,120,0.06415609669062908
2019-01-29,volatility_60,120,0.060487534843126564
2019-01-30,volatility_60,120,0.05740161082445554
2019-01-31,volatility_60,120,0.05551303686821704
2019-02-01,volatility_60,120,0.05259679004087433
2019-02-11,volatility_60,120,0.05026654393837806
2019-02-12,volatility_60,120,0.04693909053227637
2019-02-13,volatility_60,120,0.04225085769533541
2019-02-14,volatility_60,120,0.038218050580415545
2019-02-15,volatility_60,120,0.03301536128711326
2019-02-18,volatility_60,120,0.029295162691859795
2019-02-19,volatility_60,120,0.02727944838799897
2019-02-20,volatility_60,120,0.026580298474531614
2019-02-21,volatility_60,120,0.02690538138104865
2019-02-22,volatility_60,120,0.027609609107906406
2019-02-25,volatility_60,120,0.029619554226957483
2019-02-26,volatility_60,120,0.02677647204884826
2019-02-27,volatility_60,120,0.024525264772001416
2019-02-28,volatility_60,120,0.020844711002895134
2019-03-01,volatility_60,120,0.01857132957838525
2019-03-04,volatility_60,120,0.016036275784300492
2019-03-05,volatility_60,120,0.01392568496633745
2019-03-06,volatility_60,120,0.012760299100378203
2019-03-07,volatility_60,120,0.010577597013597066
2019-03-08,volatility_60,120,0.008306202611298235
2019-03-11,volatility_60,120,0.0085500055718536
2019-03-12,volatility_60,120,0.009672315217986283
2019-03-13,volatility_60,120,0.009930148566790526
2019-03-14,volatility_60,120,0.00947738158144625
2019-03-15,volatility_60,120,0.009863692417781279
2019-03-18,volatility_60,120,0.01186866903332214
2019-03-19,volatility_60,120,0.013496307612879248
2019-03-20,volatility_60,120,0.01661516031784564
2019-03-21,volatility_60,120,0.021431522349995482
2019-03-22,volatility_60,120,0.023450275129194096
2019-03-25,volatility_60,120,0.02174525483266412
2019-03-26,volatility_60,120,0.020351208699678176
2019-03-27,volatility_60,120,0.017151511528901483
2019-03-28,volatility_60,120,0.01391335701885617
2019-03-29,volatility_60,120,0.012482477342677241
2019-04-01,volatility_60,120,0.011651642445424652
2019-04-02,volatility_60,120,0.011608248265752723
2019-04-03,volatility_60,120,0.013387874744641133
2019-04-04,volatility_60,120,0.015051473493840747
2019-04-08,volatility_60,120,0.016460024127480096
2019-04-09,volatility_60,120,0.017109995217912913
2019-04-10,volatility_60,120,0.01668783508936236
2019-04-11,volatility_60,120,0.016891928126536043
2019-04-12,volatility_60,120,0.017414168381325444
2019-04-15,volatility_60,120,0.016671278039238607
2019-04-16,volatility_60,120,0.016711526601893803
2019-04-17,volatility_60,120,0.016067471393819564
2019-04-18,volatility_60,120,0.015826926899402648
2019-04-19,volatility_60,120,0.01540331330995296
2019-04-22,volatility_60,120,0.015764563797334364
2019-04-23,volatility_60,120,0.01814322328824398
2019-04-24,volatility_60,120,0.02479654561766378
2019-04-25,volatility_60,120,0.030618463912662965
2019-04-26,volatility_60,120,0.03630879427061547
2019-04-29,volatility_60,120,0.03956590219022223
2019-04-30,volatility_60,120,0.0416220048196761
2019-05-06,volatility_60,120,0.04027231146976968
2019-05-07,volatility_60,120,0.039707584427378345
2019-05-08,volatility_60,120,0.036919026946797766
2019-05-09,volatility_60,120,0.036230931081838925
2019-05-10,volatility_60,120,0.040501443563804994
2019-05-13,volatility_60,120,0.04290657421831832
2019-05-14,volatility_60,120,0.04428682150161577
2019-05-15,volatility_60,120,0.04482287013612294
2019-05-16,volatility_60,120,0.04536576424005477
2019-05-17,volatility_60,120,0.043137437809313235
2019-05-20,volatility_60,120,0.03968879634620542
2019-05-21,volatility_60,120,0.037629674384669444
2019-05-22,volatility_60,120,0.03588514832668366
2019-05-23,volatility_60,120,0.03404952947407631
2019-05-24,volatility_60,120,0.031498689753498774
2019-05-27,volatility_60,120,0.03215951514519819
2019-05-28,volatility_60,120,0.03448783402337132
2019-05-29,volatility_60,120,0.037475740619912004
2019-05-30,volatility_60,120,0.03908537642996022
2019-05-31,volatility_60,120,0.04085749076475174
2019-06-03,volatility_60,120,0.040408222659642515
2019-06-04,volatility_60,120,0.038356292312577936
2019-06-05,volatility_60,120,0.03663251644745987
2019-06-06,volatility_60,120,0.03598523342350232
2019-06-10,volatility_60,120,0.03866735399442553
2019-06-11,volatility_60,120,0.04114491386343799
2019-06-12,volatility_60,120,0.04320449328144098
2019-06-13,volatility_60,120,0.04489352850139893
2019-06-14,volatility_60,120,0.04326081259892544
2019-06-17,volatility_60,120,0.042226136183944905
2019-06-18,volatility_60,120,0.04231996415390385
2019-06-19,volatility_60,120,0.04286158370033468
2019-06-20,volatility_60,120,0.04247656791556158
2019-06-21,volatility_60,120,0.044397477352493234
2019-06-24,volatility_60,120,0.04386076198410259
2019-06-25,volatility_60,120,0.043241258063482536
2019-06-26,volatility_60,120,0.04176863788518855
2019-06-27,volatility_60,120,0.04021891786561914
2019-06-28,volatility_60,120,0.03863090513089658
2019-07-01,volatility_60,120,0.04119652949696622
2019-07-02,volatility_60,120,0.04414651665873416
2019-07-03,volatility_60,120,0.04727924189790557
2019-07-04,volatility_60,120,0.05154585926267647
2019-07-05,volatility_60,120,0.05529187987847203
2019-07-08,volatility_60,120,0.055877820016712494
2019-07-09,volatility_60,120,0.05737879391623192
2019-07-10,volatility_60,120,0.05690751491107096
2019-07-11,volatility_60,120,0.05581916625187797
2019-07-12,volatility_60,120,0.0548327520650852
2019-07-15,volatility_60,120,0.056880106176463066
2019-07-16,volatility_60,120,0.057002618576533624
2019-07-17,volatility_60,120,0.057150229740089036
2019-07-18,volatility_60,120,0.05673175396267644
2019-07-19,volatility_60,120,0.05600289012763979
2019-07-22,volatility_60,120,0.052823762386872156
2019-07-23,volatility_60,120,0.04960997902302197
2019-07-24,volatility_60,120,0.04842465032232351
2019-07-25,volatility_60,120,0.047157147381211045
2019-07-26,volatility_60,120,0.04570183179601861
2019-07-29,volatility_60,120,0.04623882182701271
2019-07-30,volatility_60,120,0.047437518892908606
2019-07-31,volatility_60,120,0.04947875824657097
2019-08-01,volatility_60,120,0.05228293169456757
2019-08-02,volatility_60,120,0.05604227778707981
2019-08-05,volatility_60,120,0.05878789358167014
2019-08-06,volatility_60,120,0.0608916390702953
2019-08-07,volatility_60,120,0.06202824850790486
2019-08-08,volatility_60,120,0.06262484727620157
2019-08-09,volatility_60,120,0.06482922092628615
2019-08-12,volatility_60,120,0.06669589237592638
2019-08-13,volatility_60,120,0.06716406599757332
2019-08-14,volatility_60,120,0.06760622566502901
2019-08-15,volatility_60,120,0.06854265445080175
2019-08-16,volatility_60,120,0.06891490376062552
2019-08-19,volatility_60,120,0.06822521073381933
2019-08-20,volatility_60,120,0.07126011655381466
2019-08-21,volatility_60,120,0.07234863664128888
2019-08-22,volatility_60,120,0.07409386754439044
2019-08-23,volatility_60,120,0.07528597262379984
2019-08-26,volatility_60,120,0.07569441460050369
2019-08-27,volatility_60,120,0.07518543929976516
2019-08-28,volatility_60,120,0.0743549565676592
2019-08-29,volatility_60,120,0.07260458146385253
2019-08-30,volatility_60,120,0.07095242053325322
2019-09-02,volatility_60,120,0.06745567247552363
2019-09-03,volatility_60,120,0.0643288114702787
2019-09-04,volatility_60,120,0.06218149033974572
2019-09-05,volatility_60,120,0.06134400876268793
2019-09-06,volatility_60,120,0.060005263595330975
2019-09-09,volatility_60,120,0.06091678868336509
2019-09-10,volatility_60,120,0.06048675161181335
2019-09-11,volatility_60,120,0.05725724620845431
2019-09-12,volatility_60,120,0.05451108879682163
2019-09-16,volatility_60,120,0.0517777309125794
2019-09-17,volatility_60,120,0.05005763585737447
2019-09-18,volatility_60,120,0.050719934332663745
2019-09-19,volatility_60,120,0.05391900470267303
2019-09-20,volatility_60,120,0.05641522138616035
2019-09-23,volatility_60,120,0.0579549638230157
2019-09-24,volatility_60,120,0.05982716565412854
2019-09-25,volatility_60,120,0.060423211858254756
2019-09-26,volatility_60,120,0.057737339073911355
2019-09-27,volatility_60,120,0.05703656915835012
2019-09-30,volatility_60,120,0.055540807241211146
2019-10-08,volatility_60,120,0.05389386934121862
2019-10-09,volatility_60,120,0.05448517813787378
2019-10-10,volatility_60,120,0.05564322310413975
2019-10-11,volatility_60,120,0.056824590231664376
2019-10-14,volatility_60,120,0.05902239544596122
2019-10-15,volatility_60,120,0.05992585045766461
2019-10-16,volatility_60,120,0.06125597103263302
2019-10-17,volatility_60,120,0.061290613381365336
2019-10-18,volatility_60,120,0.06142374038831017
2019-10-21,volatility_60,120,0.05914299768271509
2019-10-22,volatility_60,120,0.05819091288093597
2019-10-23,volatility_60,120,0.05578397159189756
2019-10-24,volatility_60,120,0.053655325968115695
2019-10-25,volatility_60,120,0.052203686317173495
2019-10-28,volatility_60,120,0.05234552580395893
2019-10-29,volatility_60,120,0.05170132950758591
2019-10-30,volatility_60,120,0.05290443939493413
2019-10-31,volatility_60,120,0.05305485066898308
2019-11-01,volatility_60,120,0.054147404881458444
2019-11-04,volatility_60,120,0.05487298183683975
2019-11-05,volatility_60,120,0.0511734354231018
2019-11-06,volatility_60,120,0.04776942535433707
2019-11-07,volatility_60,120,0.04515560283105614
2019-11-08,volatility_60,120,0.04217009481528288
2019-11-11,volatility_60,120,0.03845089324417788
2019-11-12,volatility_60,120,0.03585633876464652
2019-11-13,volatility_60,120,0.03477094651076993
2019-11-14,volatility_60,120,0.033765502259431264
2019-11-15,volatility_60,120,0.03435776906386223
2019-11-18,volatility_60,120,0.03703499119552831
2019-11-19,volatility_60,120,0.040655063753158104
2019-11-20,volatility_60,120,0.042639411473616225
2019-11-21,volatility_60,120,0.044138443988555605
2019-11-22,volatility_60,120,0.045589450473872216
2019-11-25,volatility_60,120,0.045394824738799446
2019-11-26,volatility_60,120,0.044778543408480004
2019-11-27,volatility_60,120,0.046633338365425145
2019-11-28,volatility_60,120,0.04700988297802284
2019-11-29,volatility_60,120,0.04567938756954252
2019-12-02,volatility_60,120,0.04335437760718708
2019-12-03,volatility_60,120,0.04018867023029764
2019-12-04,volatility_60,120,0.03563158552784147
2019-12-05,volatility_60,120,0.03213057993039824
2019-12-06,volatility_60,120,0.028545587783106455
2019-12-09,volatility_60,120,0.027699377415138515
2019-12-10,volatility_60,120,0.02749406930828946
2019-12-11,volatility_60,120,0.025913880520759415
2019-12-12,volatility_60,120,0.02456137516583575
2019-12-13,volatility_60,120,0.0254408432596772
2019-12-16,volatility_60,120,0.026274665789179457
2019-12-17,volatility_60,120,0.02800146973371794
2019-12-18,volatility_60,120,0.0291951183070172
2019-12-19,volatility_60,120,0.03127866139318969
2019-12-20,volatility_60,120,0.03148200425082999
2019-12-23,volatility_60,120,0.032532733791507465
2019-12-24,volatility_60,120,0.03096270845630255
2019-12-25,volatility_60,120,0.029001422950220474
2019-12-26,volatility_60,120,0.027260618418290757
2019-12-27,volatility_60,120,0.024736208427854223
2019-12-30,volatility_60,120,0.02104825530901673
2019-12-31,volatility_60,120,0.019460744855856128
2020-01-02,volatility_60,120,0.017361935982594313
2020-01-03,volatility_60,120,0.01606211985759555
2020-01-06,volatility_60,120,0.013876727684039787
2020-01-07,volatility_60,120,0.013498615939541353
2020-01-08,volatility_60,120,0.009740752835386675
2020-01-09,volatility_60,120,0.006501818383763898
2020-01-10,volatility_60,120,0.00466059676319307
2020-01-13,volatility_60,120,0.004515454291085657
2020-01-14,volatility_60,120,0.003363569941078256
2020-01-15,volatility_60,120,0.004327187507959743
2020-01-16,volatility_60,120,0.006391774377917903
2020-01-17,volatility_60,120,0.007289341685123917
2020-01-20,volatility_60,120,0.008138975414660398
2020-01-21,volatility_60,120,0.009661131411956406
2020-01-22,volatility_60,120,0.009854741684311606
2020-01-23,volatility_60,120,0.009556790499646639
2020-02-03,volatility_60,120,0.008248444098110791
2020-02-04,volatility_60,120,0.005413846153596839
2020-02-05,volatility_60,120,0.0009496691460968274
2020-02-06,volatility_60,120,-0.0018594779276236125
2020-02-07,volatility_60,120,-0.003623907718311711
2020-02-10,volatility_60,120,-0.0049422168340946485
2020-02-11,volatility_60,120,-0.007943282695034297
2020-02-12,volatility_60,120,-0.008790446550923243
2020-02-13,volatility_60,120,-0.009968634055023247
2020-02-14,volatility_60,120,-0.011041966869596527
2020-02-17,volatility_60,120,-0.01232250238225579
2020-02-18,volatility_60,120,-0.013113845535235147
2020-02-19,volatility_60,120,-0.013637598480881963
2020-02-20,volatility_60,120,-0.012881698919262517
2020-02-21,volatility_60,120,-0.010353778668523035
2020-02-24,volatility_60,120,-0.006724476421803852
2020-02-25,volatility_60,120,-0.00339155569904717
2020-02-26,volatility_60,120,-0.0016433713481964138
2020-02-27,volatility_60,120,-0.00020433865876039758
2020-02-28,volatility_60,120,-0.0009422501314864742
2020-03-02,volatility_60,120,0.0011912059499731217
2020-03-03,volatility_60,120,0.00426961194328698
2020-03-04,volatility_60,120,0.00736352482998562
2020-03-05,volatility_60,120,0.011961903633186203
2020-03-06,volatility_60,120,0.015451153803030153
2020-03-09,volatility_60,120,0.01805554886023454
2020-03-10,volatility_60,120,0.02164878499391441
2020-03-11,volatility_60,120,0.024393418634847678
2020-03-12,volatility_60,120,0.021809618134994813
2020-03-13,volatility_60,120,0.021445429881973285
2020-03-16,volatility_60,120,0.02305948331828754
2020-03-17,volatility_60,120,0.02477514291312683
2020-03-18,volatility_60,120,0.0275938959826374
2020-03-19,volatility_60,120,0.03204572478652256
2020-03-20,volatility_60,120,0.03426142177894388
2020-03-23,volatility_60,120,0.03327946327720775
2020-03-24,volatility_60,120,0.03267728432230372
2020-03-25,volatility_60,120,0.031023590596603413
2020-03-26,volatility_60,120,0.02723828428641859
2020-03-27,volatility_60,120,0.025166572365594844
2020-03-30,volatility_60,120,0.023240835443234856
2020-03-31,volatility_60,120,0.020899747659703156
2020-04-01,volatility_60,120,0.020228841795559848
2020-04-02,volatility_60,120,0.02298517651447932
2020-04-03,volatility_60,120,0.024205854096611593
2020-04-07,volatility_60,120,0.024747570416727385
2020-04-08,volatility_60,120,0.025397029189664452
2020-04-09,volatility_60,120,0.02468114117582957
2020-04-10,volatility_60,120,0.02211016190147738
2020-04-13,volatility_60,120,0.01886103940598681
2020-04-14,volatility_60,120,0.016120953091639568
2020-04-15,volatility_60,120,0.012605114632377512
2020-04-16,volatility_60,120,0.012547207832134618
2020-04-17,volatility_60,120,0.012860729956837316
2020-04-20,volatility_60,120,0.01405519106959729
2020-04-21,volatility_60,120,0.01507978603996548
2020-04-22,volatility_60,120,0.015961637901742525
2020-04-23,volatility_60,120,0.013999447054817381
2020-04-24,volatility_60,120,0.011252062137965537
2020-04-27,volatility_60,120,0.008016973333003921
2020-04-28,volatility_60,120,0.004958551024611435
2020-04-29,volatility_60,120,0.0018104642991536195
2020-04-30,volatility_60,120,-0.0024351858807834434
2020-05-06,volatility_60,120,-0.0034659604275559257
2020-05-07,volatility_60,120,-0.0026312007447859766
2020-05-08,volatility_60,120,-0.0012514510274418014
2020-05-11,volatility_60,120,0.0006872683941455439
2020-05-12,volatility_60,120,0.0029577979820220807
2020-05-13,volatility_60,120,0.006398516328729958
2020-05-14,volatility_60,120,0.009797466786666893
2020-05-15,volatility_60,120,0.012661484713820694
2020-05-18,volatility_60,120,0.015525158260027727
2020-05-19,volatility_60,120,0.016391258079068823
2020-05-20,volatility_60,120,0.01625317352963183
2020-05-21,volatility_60,120,0.015487874606454356
2020-05-22,volatility_60,120,0.01461343270696382
2020-05-25,volatility_60,120,0.011408815177697472
2020-05-26,volatility_60,120,0.010421357079759724
2020-05-27,volatility_60,120,0.009438840710854487
2020-05-28,volatility_60,120,0.008438043919262419
2020-05-29,volatility_60,120,0.008925034768473726
2020-06-01,volatility_60,120,0.012301208767488457
2020-06-02,volatility_60,120,0.016257003981025593
2020-06-03,volatility_60,120,0.019419813184590202
2020-06-04,volatility_60,120,0.02113231851722319
2020-06-05,volatility_60,120,0.021513477590485827
2020-06-08,volatility_60,120,0.022410901875197873
2020-06-09,volatility_60,120,0.022536908967515663
2020-06-10,volatility_60,120,0.02314368168811086
2020-06-11,volatility_60,120,0.02538218933538683
2020-06-12,volatility_60,120,0.026126525292154642
2020-06-15,volatility_60,120,0.023115894502853458
2020-06-16,volatility_60,120,0.01987309467186499
2020-06-17,volatility_60,120,0.016827176711569133
2020-06-18,volatility_60,120,0.01462833278172796
2020-06-19,volatility_60,120,0.011552021708354664
2020-06-22,volatility_60,120,0.010554672394209829
2020-06-23,volatility_60,120,0.010163865812199411
2020-06-24,volatility_60,120,0.009163777865745315
2020-06-29,volatility_60,120,0.008610204445162062
2020-06-30,volatility_60,120,0.007099792968424995
2020-07-01,volatility_60,120,0.007084662176122147
2020-07-02,volatility_60,120,0.007378353204819355
2020-07-03,volatility_60,120,0.007158288494889382
2020-07-06,volatility_60,120,0.006787096609327501
2020-07-07,volatility_60,120,0.008723417330480748
2020-07-08,volatility_60,120,0.01239947744715431
2020-07-09,volatility_60,120,0.015734432889532534
2020-07-10,volatility_60,120,0.01969431797925799
2020-07-13,volatility_60,120,0.02317558654729751
2020-07-14,volatility_60,120,0.026245694783722833
2020-07-15,volatility_60,120,0.027366540250306194
2020-07-16,volatility_60,120,0.027561651798278918
2020-07-17,volatility_60,120,0.029536710935366632
2020-07-20,volatility_60,120,0.03046989519928673
2020-07-21,volatility_60,120,0.03068418650142054
2020-07-22,volatility_60,120,0.031757326325376756
2020-07-23,volatility_60,120,0.03307239662970318
2020-07-24,volatility_60,120,0.032394189377735506
2020-07-27,volatility_60,120,0.031388638726994204
2020-07-28,volatility_60,120,0.03198302141830192
2020-07-29,volatility_60,120,0.03419084020726025
2020-07-30,volatility_60,120,0.03719835786796364
2020-07-31,volatility_60,120,0.04044318347365864
2020-08-03,volatility_60,120,0.04354534708663893
2020-08-04,volatility_60,120,0.04682922947078822
2020-08-05,volatility_60,120,0.05286967191243862
2020-08-06,volatility_60,120,0.057083117083766406
2020-08-07,volatility_60,120,0.06115130362978857
2020-08-10,volatility_60,120,0.06394357931604533
2020-08-11,volatility_60,120,0.06595017533489404
2020-08-12,volatility_60,120,0.06787581194895481
2020-08-13,volatility_60,120,0.0697474007013139
2020-08-14,volatility_60,120,0.06939207269286425
2020-08-17,volatility_60,120,0.06747875646196735
2020-08-18,volatility_60,120,0.06589727851417478
2020-08-19,volatility_60,120,0.06357652742533448
2020-08-20,volatility_60,120,0.06091070666138683
2020-08-21,volatility_60,120,0.059000802084258105
2020-08-24,volatility_60,120,0.06070963435559059
2020-08-25,volatility_60,120,0.06001860443390962
2020-08-26,volatility_60,120,0.059017163620556555
2020-08-27,volatility_60,120,0.05906465711106908
2020-08-28,volatility_60,120,0.05936073289617493
2020-08-31,volatility_60,120,0.06055521143025554
2020-09-01,volatility_60,120,0.06201795637762321
2020-09-02,volatility_60,120,0.06242997296707757
2020-09-03,volatility_60,120,0.06366252489142252
2020-09-04,volatility_60,120,0.06628954920358689
2020-09-07,volatility_60,120,0.06538986012449102
2020-09-08,volatility_60,120,0.06361254548593699
2020-09-09,volatility_60,120,0.06055815706744712
2020-09-10,volatility_60,120,0.05600670627862146
2020-09-11,volatility_60,120,0.05093020312663035
2020-09-14,volatility_60,120,0.04744044178573044
2020-09-15,volatility_60,120,0.04582260312793845
2020-09-16,volatility_60,120,0.0421872864226387
2020-09-17,volatility_60,120,0.040543060042981166
2020-09-18,volatility_60,120,0.04096807155187446
2020-09-21,volatility_60,120,0.04174497556260226
2020-09-22,volatility_60,120,0.04368138786369848
2020-09-23,volatility_60,120,0.04578960984840114
2020-09-24,volatility_60,120,0.04592469618138726
2020-09-25,volatility_60,120,0.040698482705877025
2020-09-28,volatility_60,120,0.03478309620452056
2020-09-29,volatility_60,120,0.03008744258145982
2020-09-30,volatility_60,120,0.025472878912863154
2020-10-09,volatility_60,120,0.02314295077103884
2020-10-12,volatility_60,120,0.025079023583426514
2020-10-13,volatility_60,120,0.027411633101224814
2020-10-14,volatility_60,120,0.03016305184123223
2020-10-15,volatility_60,120,0.033764705569272566
2020-10-16,volatility_60,120,0.03603461493890117
2020-10-19,volatility_60,120,0.036672117728669
2020-10-20,volatility_60,120,0.03624579945795167
2020-10-21,volatility_60,120,0.034281823152186704
2020-10-22,volatility_60,120,0.03364351929417387
2020-10-23,volatility_60,120,0.03614834147594119
2020-10-26,volatility_60,120,0.03961260782502933
2020-10-27,volatility_60,120,0.043595607108578883
2020-10-28,volatility_60,120,0.047909372501551015
2020-10-29,volatility_60,120,0.05182057291492168
2020-10-30,volatility_60,120,0.05515281335843668
2020-11-02,volatility_60,120,0.05678789682606988
2020-11-03,volatility_60,120,0.05885575161763764
2020-11-04,volatility_60,120,0.06204608605539992
2020-11-05,volatility_60,120,0.06397191384689091
2020-11-06,volatility_60,120,0.06495958140874562
2020-11-09,volatility_60,120,0.06655816129437589
2020-11-10,volatility_60,120,0.06695205840693993
2020-11-11,volatility_60,120,0.066394412280789
2020-11-12,volatility_60,120,0.06501759676837855
2020-11-13,volatility_60,120,0.06410457373087128
2020-11-16,volatility_60,120,0.0628598890112988
2020-11-17,volatility_60,120,0.06088241421254723
2020-11-18,volatility_60,120,0.05955746775150407
2020-11-19,volatility_60,120,0.06061504425882772
2020-11-20,volatility_60,120,0.06236417424543721
2020-11-23,volatility_60,120,0.06424040977452654
2020-11-24,volatility_60,120,0.06607515715465356
2020-11-25,volatility_60,120,0.06675314258035785
2020-11-26,volatility_60,120,0.06677164551982036
2020-11-27,volatility_60,120,0.0654760207446592
2020-11-30,volatility_60,120,0.06444133699240086
2020-12-01,volatility_60,120,0.06467424027514909
2020-12-02,volatility_60,120,0.06605205698293344
2020-12-03,volatility_60,120,0.0663172922025565
2020-12-04,volatility_60,120,0.06883725813081885
2020-12-07,volatility_60,120,0.06900732625222886
2020-12-08,volatility_60,120,0.06806964180801782
2020-12-09,volatility_60,120,0.06793118910230594
2020-12-10,volatility_60,120,0.07034990397675843
2020-12-11,volatility_60,120,0.07025871289694122
2020-12-14,volatility_60,120,0.07081601296922375
2020-12-15,volatility_60,120,0.0720161075719136
2020-12-16,volatility_60,120,0.07296456895438316
2020-12-17,volatility_60,120,0.07360259798317845
2020-12-18,volatility_60,120,0.07377694079571441
2020-12-21,volatility_60,120,0.0742411677980804
2020-12-22,volatility_60,120,0.0744026367507126
2020-12-23,volatility_60,120,0.07586445205510119
2020-12-24,volatility_60,120,0.07701462427653497
2020-12-25,volatility_60,120,0.07799951417496866
2020-12-28,volatility_60,120,0.07903526219706
2020-12-29,volatility_60,120,0.07968038324195176
2020-12-30,volatility_60,120,0.07881841598958285
2020-12-31,volatility_60,120,0.07699722464838513
2021-01-04,volatility_60,120,0.07427210247002206
2021-01-05,volatility_60,120,0.07161684158017992
2021-01-06,volatility_60,120,0.06945365599105488
2021-01-07,volatility_60,120,0.06825918359242952
2021-01-08,volatility_60,120,0.06883408991461219
2021-01-11,volatility_60,120,0.06933689159827569
2021-01-12,volatility_60,120,0.06894718762354879
2021-01-13,volatility_60,120,0.0678733525288397
2021-01-14,volatility_60,120,0.06592727342316912
2021-01-15,volatility_60,120,0.06392270618050663
2021-01-18,volatility_60,120,0.06281118791081843
2021-01-19,volatility_60,120,0.06393791143555304
2021-01-20,volatility_60,120,0.06678933080347507
2021-01-21,volatility_60,120,0.06915316462929907
2021-01-22,volatility_60,120,0.07119103100513531
2021-01-25,volatility_60,120,0.07307599261287666
2021-01-26,volatility_60,120,0.0724042641873542
2021-01-27,volatility_60,120,0.07201295692251221
2021-01-28,volatility_60,120,0.07075357728999544
2021-01-29,volatility_60,120,0.06914327987924361
2021-02-01,volatility_60,120,0.06836009160914892
2021-02-02,volatility_60,120,0.0679196732352266
2021-02-03,volatility_60,120,0.06826015307888067
2021-02-04,volatility_60,120,0.06973472811535794
2021-02-05,volatility_60,120,0.0685726506166093
2021-02-08,volatility_60,120,0.06681906279987641
2021-02-09,volatility_60,120,0.06594067612389289
2021-02-10,volatility_60,120,0.06501747678457924
2021-02-18,volatility_60,120,0.06462727444594084
2021-02-19,volatility_60,120,0.06499200806390647
2021-02-22,volatility_60,120,0.064526089447831
2021-02-23,volatility_60,120,0.06488090102108253
2021-02-24,volatility_60,120,0.06369380519486041
2021-02-25,volatility_60,120,0.06278198177770863
2021-02-26,volatility_60,120,0.0624823699621433
2021-03-01,volatility_60,120,0.06438855013141362
2021-03-02,volatility_60,120,0.0652590963882186
2021-03-03,volatility_60,120,0.06632802213124327
2021-03-04,volatility_60,120,0.06590414652208848
2021-03-05,volatility_60,120,0.06526378769485412
2021-03-08,volatility_60,120,0.06331608116173587
2021-03-09,volatility_60,120,0.060819831563191123
2021-03-10,volatility_60,120,0.060363436170136064
2021-03-11,volatility_60,120,0.0622636729767464
2021-03-12,volatility_60,120,0.06438160941991809
2021-03-15,volatility_60,120,0.06622406833579862
2021-03-16,volatility_60,120,0.0680563029907119
2021-03-17,volatility_60,120,0.0693697897799178
2021-03-18,volatility_60,120,0.07002073816490781
2021-03-19,volatility_60,120,0.07239377256976097
2021-03-22,volatility_60,120,0.072671936879345
2021-03-23,volatility_60,120,0.07173299703626303
2021-03-24,volatility_60,120,0.07003093512986355
2021-03-25,volatility_60,120,0.06909970015488012
2021-03-26,volatility_60,120,0.06700920605064024
2021-03-29,volatility_60,120,0.06700394463007828
2021-03-30,volatility_60,120,0.0696486924963177
2021-03-31,volatility_60,120,0.07277468734527837
2021-04-01,volatility_60,120,0.07612313363407616
2021-04-02,volatility_60,120,0.08053398510239335
2021-04-06,volatility_60,120,0.08389197145223828
2021-04-07,volatility_60,120,0.08551922945895632
2021-04-08,volatility_60,120,0.08658182411429124
2021-04-09,volatility_60,120,0.08544707762374573
2021-04-12,volatility_60,120,0.08374546049499298
2021-04-13,volatility_60,120,0.08172465591449979
2021-04-14,volatility_60,120,0.08110547573536246
2021-04-15,volatility_60,120,0.08000438327955915
2021-04-16,volatility_60,120,0.0808616575044753
2021-04-19,volatility_60,120,0.08136287434278729
2021-04-20,volatility_60,120,0.08187983459730384
2021-04-21,volatility_60,120,0.08187987500338666
2021-04-22,volatility_60,120,0.08228130822913068
2021-04-23,volatility_60,120,0.0829712649466407
2021-04-26,volatility_60,120,0.08425703590801713
2021-04-27,volatility_60,120,0.08583863901277342
2021-04-28,volatility_60,120,0.08726542986565052
2021-04-29,volatility_60,120,0.08724715319323667
2021-04-30,volatility_60,120,0.08472849641508588
2021-05-06,volatility_60,120,0.08230470400278521
2021-05-07,volatility_60,120,0.080465856962362
2021-05-10,volatility_60,120,0.077570937924811
2021-05-11,volatility_60,120,0.0750945822455325
2021-05-12,volatility_60,120,0.07303332773029513
2021-05-13,volatility_60,120,0.06959816482841105
2021-05-14,volatility_60,120,0.06593597630418682
2021-05-17,volatility_60,120,0.0632365402342578
2021-05-18,volatility_60,120,0.061982611061437654
2021-05-19,volatility_60,120,0.06031569386608448
2021-05-20,volatility_60,120,0.058984367354051874
2021-05-21,volatility_60,120,0.05778899845328658
2021-05-24,volatility_60,120,0.05574787932009305
2021-05-25,volatility_60,120,0.05337394857795842
2021-05-26,volatility_60,120,0.0528948812212772
2021-05-27,volatility_60,120,0.052517080361775194
2021-05-28,volatility_60,120,0.05292019432458916
2021-05-31,volatility_60,120,0.054393401209083585
2021-06-01,volatility_60,120,0.056152503441908835
2021-06-02,volatility_60,120,0.05699872114864903
2021-06-03,volatility_60,120,0.056976516310933006
2021-06-04,volatility_60,120,0.05550391860629359
2021-06-07,volatility_60,120,0.05546049865828665
2021-06-08,volatility_60,120,0.0560703877781026
2021-06-09,volatility_60,120,0.055052964433808256
2021-06-10,volatility_60,120,0.054225494742760706
2021-06-11,volatility_60,120,0.05389761325050974
2021-06-15,volatility_60,120,0.05274847270058931
2021-06-16,volatility_60,120,0.050928306090909495
2021-06-17,volatility_60,120,0.05166765015247289
2021-06-18,volatility_60,120,0.05132032492518006
2021-06-21,volatility_60,120,0.05099369653412766
2021-06-22,volatility_60,120,0.05062569577608489
2021-06-23,volatility_60,120,0.049874832249339425
2021-06-24,volatility_60,120,0.04786135587538345
2021-06-25,volatility_60,120,0.046775045665786864
2021-06-28,volatility_60,120,0.04742985143384933
2021-06-29,volatility_60,120,0.04913602115539417
2021-06-30,volatility_60,120,0.05020256469514693
2021-07-01,volatility_60,120,0.05000952882599764
2021-07-02,volatility_60,120,0.050085843624447485
2021-07-05,volatility_60,120,0.049520652156599204
2021-07-06,volatility_60,120,0.049045900016036294
2021-07-07,volatility_60,120,0.04945164923915024
2021-07-08,volatility_60,120,0.04968028623236241
2021-07-09,volatility_60,120,0.04902488681423362
2021-07-12,volatility_60,120,0.04974683219205789
2021-07-13,volatility_60,120,0.04895883908107582
2021-07-14,volatility_60,120,0.0480038410158877
2021-07-15,volatility_60,120,0.048406926874780785
2021-07-16,volatility_60,120,0.048959896116889154
2021-07-19,volatility_60,120,0.04897590219116651
2021-07-20,volatility_60,120,0.04956115546099357
2021-07-21,volatility_60,120,0.05070735759937865
2021-07-22,volatility_60,120,0.049599617523898
2021-07-23,volatility_60,120,0.048042418770072474
2021-07-26,volatility_60,120,0.04608928235530245
2021-07-27,volatility_60,120,0.045811889574719454
2021-07-28,volatility_60,120,0.04288821587173349
2021-07-29,volatility_60,120,0.04245984593465002
2021-07-30,volatility_60,120,0.040586421880931485
2021-08-02,volatility_60,120,0.03898601493591334
2021-08-03,volatility_60,120,0.03620916833389553
2021-08-04,volatility_60,120,0.035304129701004834
2021-08-05,volatility_60,120,0.03467440841585315
2021-08-06,volatility_60,120,0.03624306110675376
2021-08-09,volatility_60,120,0.0374262284464351
2021-08-10,volatility_60,120,0.03921625152447972
2021-08-11,volatility_60,120,0.04104316427310038
2021-08-12,volatility_60,120,0.04072016642105363
2021-08-13,volatility_60,120,0.04046701020163231
2021-08-16,volatility_60,120,0.04138487899724426
2021-08-17,volatility_60,120,0.04069015377458624
2021-08-18,volatility_60,120,0.0405052421133643
2021-08-19,volatility_60,120,0.04051660494449224
2021-08-20,volatility_60,120,0.04032656322107111
2021-08-23,volatility_60,120,0.03739699439776035
2021-08-24,volatility_60,120,0.03520395096659283
2021-08-25,volatility_60,120,0.0332830022860674
2021-08-26,volatility_60,120,0.03134579920509577
2021-08-27,volatility_60,120,0.029885791793124426
2021-08-30,volatility_60,120,0.030516929563404994
2021-08-31,volatility_60,120,0.03146710325269198
2021-09-01,volatility_60,120,0.03182124385105846
2021-09-02,volatility_60,120,0.032215879328715856
2021-09-03,volatility_60,120,0.032447661233669926
2021-09-06,volatility_60,120,0.036508660615416924
2021-09-07,volatility_60,120,0.039106020428031026
2021-09-08,volatility_60,120,0.03922250651146855
2021-09-09,volatility_60,120,0.03963111580004751
2021-09-10,volatility_60,120,0.04185950379493596
2021-09-13,volatility_60,120,0.043300617925307545
2021-09-14,volatility_60,120,0.04676918350961382
2021-09-15,volatility_60,120,0.049556817515481
2021-09-16,volatility_60,120,0.05172689383552969
2021-09-17,volatility_60,120,0.05341147898905636
2021-09-22,volatility_60,120,0.05585354930046034
2021-09-23,volatility_60,120,0.05610712888782333
2021-09-24,volatility_60,120,0.058864224044848215
2021-09-27,volatility_60,120,0.06139457749924105
2021-09-28,volatility_60,120,0.06298902059192579
2021-09-29,volatility_60,120,0.06146875401243966
2021-09-30,volatility_60,120,0.060441922226136376
2021-10-08,volatility_60,120,0.058139721161080106
2021-10-11,volatility_60,120,0.055687377943326274
2021-10-12,volatility_60,120,0.052826845244818274
2021-10-13,volatility_60,120,0.05007341372571212
2021-10-14,volatility_60,120,0.04692478037424178
2021-10-15,volatility_60,120,0.044348746678489315
2021-10-18,volatility_60,120,0.04142973537479006
2021-10-19,volatility_60,120,0.03806137684281933
2021-10-20,volatility_60,120,0.034128356646025045
2021-10-21,volatility_60,120,0.0321999635312994
2021-10-22,volatility_60,120,0.029746545293729398
2021-10-25,volatility_60,120,0.027374255392785096
2021-10-26,volatility_60,120,0.025483748340572567
2021-10-27,volatility_60,120,0.024096324370855852
2021-10-28,volatility_60,120,0.021045057789730367
2021-10-29,volatility_60,120,0.01870719609210468
2021-11-01,volatility_60,120,0.01796084402316271
2021-11-02,volatility_60,120,0.01677826569493248
2021-11-03,volatility_60,120,0.016727284275019565
2021-11-04,volatility_60,120,0.017562032262658275
2021-11-05,volatility_60,120,0.016808812356111164
2021-11-08,volatility_60,120,0.017018901651198445
2021-11-09,volatility_60,120,0.018945774268380264
2021-11-10,volatility_60,120,0.020509387102662625
2021-11-11,volatility_60,120,0.020661174272077865
2021-11-12,volatility_60,120,0.020483949246182607
2021-11-15,volatility_60,120,0.018970813561364392
2021-11-16,volatility_60,120,0.01832332963829115
2021-11-17,volatility_60,120,0.017862194699743126
2021-11-18,volatility_60,120,0.018886819734752088
2021-11-19,volatility_60,120,0.02026420440158021
2021-11-22,volatility_60,120,0.020426671476061007
2021-11-23,volatility_60,120,0.021019175542507988
2021-11-24,volatility_60,120,0.021462715377522704
2021-11-25,volatility_60,120,0.021172177697457682
2021-11-26,volatility_60,120,0.020736610143267536
2021-11-29,volatility_60,120,0.020589216979765106
2021-11-30,volatility_60,120,0.021913922288139796
2021-12-01,volatility_60,120,0.02279483445396734
2021-12-02,volatility_60,120,0.023169779145525503
2021-12-03,volatility_60,120,0.02255544445289985
2021-12-06,volatility_60,120,0.023596825794479897
2021-12-07,volatility_60,120,0.023248149172064723
2021-12-08,volatility_60,120,0.024237837568812048
2021-12-09,volatility_60,120,0.0245680230075659
2021-12-10,volatility_60,120,0.02709418101523993
2021-12-13,volatility_60,120,0.029142323524700753
2021-12-14,volatility_60,120,0.03191254949124483
2021-12-15,volatility_60,120,0.0344567360138334
2021-12-16,volatility_60,120,0.03613436726497911
2021-12-17,volatility_60,120,0.03853854892471303
2021-12-20,volatility_60,120,0.04112286714390306
2021-12-21,volatility_60,120,0.04210672569335969
2021-12-22,volatility_60,120,0.04373334665934729
2021-12-23,volatility_60,120,0.045762276661658816
2021-12-24,volatility_60,120,0.04782754269234583
2021-12-27,volatility_60,120,0.051504903913328785
2021-12-28,volatility_60,120,0.055156924658856285
2021-12-29,volatility_60,120,0.05857469826761095
2021-12-30,volatility_60,120,0.06364075048204139
2021-12-31,volatility_60,120,0.06749023723765099
2022-01-04,volatility_60,120,0.07050765301047686
2022-01-05,volatility_60,120,0.0731872593490838
2022-01-06,volatility_60,120,0.07585166407118818
2022-01-07,volatility_60,120,0.07696496685810993
2022-01-10,volatility_60,120,0.077993890626779
2022-01-11,volatility_60,120,0.07828887516635041
2022-01-12,volatility_60,120,0.07979422109546315
2022-01-13,volatility_60,120,0.08095520356590806
2022-01-14,volatility_60,120,0.08352191953296763
2022-01-17,volatility_60,120,0.08378773859694709
2022-01-18,volatility_60,120,0.08534071596451781
2022-01-19,volatility_60,120,0.08688308111327984
2022-01-20,volatility_60,120,0.087934951370115
2022-01-21,volatility_60,120,0.08859224897323383
2022-01-24,volatility_60,120,0.09233930473755285
2022-01-25,volatility_60,120,0.09447446375554638
2022-01-26,volatility_60,120,0.09631934186048761
2022-01-27,volatility_60,120,0.09753889656983511
2022-01-28,volatility_60,120,0.10050884899960869
2022-02-07,volatility_60,120,0.10157384510059542
2022-02-08,volatility_60,120,0.1009244168329702
2022-02-09,volatility_60,120,0.10093485922692638
2022-02-10,volatility_60,120,0.09907723842660512
2022-02-11,volatility_60,120,0.09549785086684563
2022-02-14,volatility_60,120,0.09223172522332906
2022-02-15,volatility_60,120,0.08989578922962016
2022-02-16,volatility_60,120,0.08660952943703884
2022-02-17,volatility_60,120,0.08460560486124981
2022-02-18,volatility_60,120,0.0829084708512453
2022-02-21,volatility_60,120,0.08197207796306988
2022-02-22,volatility_60,120,0.08028281625585253
2022-02-23,volatility_60,120,0.07854014032073946
2022-02-24,volatility_60,120,0.07702776996488335
2022-02-25,volatility_60,120,0.07538741381019828
2022-02-28,volatility_60,120,0.07334165089997743
2022-03-01,volatility_60,120,0.07288369747745668
2022-03-02,volatility_60,120,0.07198807616267054
2022-03-03,volatility_60,120,0.06932129897718396
2022-03-04,volatility_60,120,0.06743441088056303
2022-03-07,volatility_60,120,0.06649479402174904
2022-03-08,volatility_60,120,0.06370126774466421
2022-03-09,volatility_60,120,0.061912871485134184
2022-03-10,volatility_60,120,0.05804321776977448
2022-03-11,volatility_60,120,0.054387463500775314
2022-03-14,volatility_60,120,0.05192798051407308
2022-03-15,volatility_60,120,0.050095750497813535
2022-03-16,volatility_60,120,0.047126734078089504
2022-03-17,volatility_60,120,0.04588182309081091
2022-03-18,volatility_60,120,0.0439894339754301
2022-03-21,volatility_60,120,0.04320326642204298
2022-03-22,volatility_60,120,0.042978364389051775
2022-03-23,volatility_60,120,0.04279309211233117
2022-03-24,volatility_60,120,0.043265223328046575
2022-03-25,volatility_60,120,0.044823106361212055
2022-03-28,volatility_60,120,0.04492661929492447
2022-03-29,volatility_60,120,0.0441030958449191
2022-03-30,volatility_60,120,0.04345311297752192
2022-03-31,volatility_60,120,0.045079619116037375
2022-04-01,volatility_60,120,0.045630496669039504
2022-04-06,volatility_60,120,0.04830241117155753
2022-04-07,volatility_60,120,0.05140205747397586
2022-04-08,volatility_60,120,0.05596662418639284
2022-04-11,volatility_60,120,0.06097386480578992
2022-04-12,volatility_60,120,0.06486881010760358
2022-04-13,volatility_60,120,0.06877372184003766
2022-04-14,volatility_60,120,0.07456372841458922
2022-04-15,volatility_60,120,0.08003887508897702
2022-04-18,volatility_60,120,0.08538183272511254
2022-04-19,volatility_60,120,0.08906916867079855
2022-04-20,volatility_60,120,0.09065463180055043
2022-04-21,volatility_60,120,0.0911179355763135
2022-04-22,volatility_60,120,0.09065877854502279
2022-04-25,volatility_60,120,0.08968394755388737
2022-04-26,volatility_60,120,0.0903538008765595
2022-04-27,volatility_60,120,0.0912020408366618
2022-04-28,volatility_60,120,0.09020884011332392
2022-04-29,volatility_60,120,0.08834916821647316
2022-05-05,volatility_60,120,0.08579286111146328
2022-05-06,volatility_60,120,0.0835639537892129
2022-05-09,volatility_60,120,0.0825817439255606
2022-05-10,volatility_60,120,0.080222411771629
2022-05-11,volatility_60,120,0.07888141252493237
2022-05-12,volatility_60,120,0.0781844560476967
2022-05-13,volatility_60,120,0.07878613430091204
2022-05-16,volatility_60,120,0.07937400669037742
2022-05-17,volatility_60,120,0.0827172224609579
2022-05-18,volatility_60,120,0.08496518648147043
2022-05-19,volatility_60,120,0.08639015052131942
2022-05-20,volatility_60,120,0.08719301773560553
2022-05-23,volatility_60,120,0.08880945927176802
2022-05-24,volatility_60,120,0.09052877330549314
2022-05-25,volatility_60,120,0.09110815336919977
2022-05-26,volatility_60,120,0.09218706107846367
2022-05-27,volatility_60,120,0.09229275716022146
2022-05-30,volatility_60,120,0.09126078723332648
2022-05-31,volatility_60,120,0.09051078993906385
2022-06-01,volatility_60,120,0.08948957844721414
2022-06-02,volatility_60,120,0.0886467200764754
2022-06-06,volatility_60,120,0.08822917102102197
2022-06-07,volatility_60,120,0.08909874513838593
2022-06-08,volatility_60,120,0.08958633627190908
2022-06-09,volatility_60,120,0.09018464804918962
2022-06-10,volatility_60,120,0.08995243280406691
2022-06-13,volatility_60,120,0.09049016894743928
2022-06-14,volatility_60,120,0.08918794654322033
2022-06-15,volatility_60,120,0.08507882874203411
2022-06-16,volatility_60,120,0.0813438417492391
2022-06-17,volatility_60,120,0.07722861127185063
2022-06-20,volatility_60,120,0.07427455558193222
2022-06-21,volatility_60,120,0.07079403975480525
2022-06-22,volatility_60,120,0.06919108081340151
2022-06-23,volatility_60,120,0.06827409688878282
2022-06-24,volatility_60,120,0.06633968554253614
2022-06-27,volatility_60,120,0.06390152742258753
2022-06-28,volatility_60,120,0.062462389646138976
2022-06-29,volatility_60,120,0.060365322590572264
2022-06-30,volatility_60,120,0.05762434521201451
2022-07-01,volatility_60,120,0.05633116713970102
2022-07-04,volatility_60,120,0.053239526666548395
2022-07-05,volatility_60,120,0.05042695482300215
2022-07-06,volatility_60,120,0.046982226717105974
2022-07-07,volatility_60,120,0.04391622006421066
2022-07-08,volatility_60,120,0.03912410794007244
2022-07-11,volatility_60,120,0.03653127559468993
2022-07-12,volatility_60,120,0.03544867896796701
2022-07-13,volatility_60,120,0.0352505503146272
2022-07-14,volatility_60,120,0.034375037016170264
2022-07-15,volatility_60,120,0.03418605073684463
2022-07-18,volatility_60,120,0.03297445089597926
2022-07-19,volatility_60,120,0.03094906791288519
2022-07-20,volatility_60,120,0.028605720704217873
2022-07-21,volatility_60,120,0.02715171955894258
2022-07-22,volatility_60,120,0.026292457028751517
2022-07-25,volatility_60,120,0.025304111754968737
2022-07-26,volatility_60,120,0.024613315351854747
2022-07-27,volatility_60,120,0.024643765326166193
2022-07-28,volatility_60,120,0.02485114451987213
2022-07-29,volatility_60,120,0.025741032604720642
2022-08-01,volatility_60,120,0.02479223434173551
2022-08-02,volatility_60,120,0.02333192663328154
2022-08-03,volatility_60,120,0.021682695792327233
2022-08-04,volatility_60,120,0.020140255008280705
2022-08-05,volatility_60,120,0.020085187916238405
2022-08-08,volatility_60,120,0.021192834283067966
2022-08-09,volatility_60,120,0.020854759598036215
2022-08-10,volatility_60,120,0.021361266767002948
2022-08-11,volatility_60,120,0.021340784423621275
2022-08-12,volatility_60,120,0.021427325713599323
2022-08-15,volatility_60,120,0.02330978857684972
2022-08-16,volatility_60,120,0.025280631124442357
2022-08-17,volatility_60,120,0.02836162319154647
2022-08-18,volatility_60,120,0.03270625896421109
2022-08-19,volatility_60,120,0.03596326502369863
2022-08-22,volatility_60,120,0.038688797858189565
2022-08-23,volatility_60,120,0.04186804628551662
2022-08-24,volatility_60,120,0.04514302092039722
2022-08-25,volatility_60,120,0.0478749545668316
2022-08-26,volatility_60,120,0.051026235704723075
2022-08-29,volatility_60,120,0.05518043302273127
2022-08-30,volatility_60,120,0.05746419946704936
2022-08-31,volatility_60,120,0.056289047806581914
2022-09-01,volatility_60,120,0.054737951275612956
2022-09-02,volatility_60,120,0.05527903624159639
2022-09-05,volatility_60,120,0.055582971184462
2022-09-06,volatility_60,120,0.058522336371259795
2022-09-07,volatility_60,120,0.06228247364705549
2022-09-08,volatility_60,120,0.0656069932223141
2022-09-09,volatility_60,120,0.06768869703236463
2022-09-13,volatility_60,120,0.0679196348878807
2022-09-14,volatility_60,120,0.06831020943660043
2022-09-15,volatility_60,120,0.06625629480771209
2022-09-16,volatility_60,120,0.06630791789230726
2022-09-19,volatility_60,120,0.06317153872291853
2022-09-20,volatility_60,120,0.062222726683372837
2022-09-21,volatility_60,120,0.061931807805692934
2022-09-22,volatility_60,120,0.06153809232174788
2022-09-23,volatility_60,120,0.06158841152750973
2022-09-26,volatility_60,120,0.0638268500978305
2022-09-27,volatility_60,120,0.06536407331412736
2022-09-28,volatility_60,120,0.06317922805053468
2022-09-29,volatility_60,120,0.061811128294926604
2022-09-30,volatility_60,120,0.05801952486341109
2022-10-10,volatility_60,120,0.054038602233404315
2022-10-11,volatility_60,120,0.05093820817124025
2022-10-12,volatility_60,120,0.04932163900902135
2022-10-13,volatility_60,120,0.04640169285171181
2022-10-14,volatility_60,120,0.04390908929348867
2022-10-17,volatility_60,120,0.040438965451946356
2022-10-18,volatility_60,120,0.03772756268457019
2022-10-19,volatility_60,120,0.036826416013202676
2022-10-20,volatility_60,120,0.037766671448669166
2022-10-21,volatility_60,120,0.039935182135311616
2022-10-24,volatility_60,120,0.042948471343508446
2022-10-25,volatility_60,120,0.04532767015379615
2022-10-26,volatility_60,120,0.0463032442806107
2022-10-27,volatility_60,120,0.0465077982156662
2022-10-28,volatility_60,120,0.04679945310411183
2022-10-31,volatility_60,120,0.04706290891094857
2022-11-01,volatility_60,120,0.04699921307954192
2022-11-02,volatility_60,120,0.04760582386903167
2022-11-03,volatility_60,120,0.050112668337260975
2022-11-04,volatility_60,120,0.05258805613456947
2022-11-07,volatility_60,120,0.05650767551778717
2022-11-08,volatility_60,120,0.05940446363373385
2022-11-09,volatility_60,120,0.06218116542953979
2022-11-10,volatility_60,120,0.06398941179975953
2022-11-11,volatility_60,120,0.06522867627465005
2022-11-14,volatility_60,120,0.06370240726891052
2022-11-15,volatility_60,120,0.06504524792704765
2022-11-16,volatility_60,120,0.06446559675785112
2022-11-17,volatility_60,120,0.062490150879487075
2022-11-18,volatility_60,120,0.06159943356969168
2022-11-21,volatility_60,120,0.0609170844140102
2022-11-22,volatility_60,120,0.06020500492212303
2022-11-23,volatility_60,120,0.06108117560985525
2022-11-24,volatility_60,120,0.06126911093429507
2022-11-25,volatility_60,120,0.06050900299713588
2022-11-28,volatility_60,120,0.0621566047456253
2022-11-29,volatility_60,120,0.06382176754169039
2022-11-30,volatility_60,120,0.06478969757468984
2022-12-01,volatility_60,120,0.0657733626780857
2022-12-02,volatility_60,120,0.06747742959513155
2022-12-05,volatility_60,120,0.06775392400662049
2022-12-06,volatility_60,120,0.06919038868437839
2022-12-07,volatility_60,120,0.07060405472527552
2022-12-08,volatility_60,120,0.07259123722108342
2022-12-09,volatility_60,120,0.07507482914482524
2022-12-12,volatility_60,120,0.07928895765148031
2022-12-13,volatility_60,120,0.08111557400979005
2022-12-14,volatility_60,120,0.08380852447338066
2022-12-15,volatility_60,120,0.08540339312983276
2022-12-16,volatility_60,120,0.08707030775124072
2022-12-19,volatility_60,120,0.0868947005946291
2022-12-20,volatility_60,120,0.08689032288585263
2022-12-21,volatility_60,120,0.08654903907554698
2022-12-22,volatility_60,120,0.08564192398869182
2022-12-23,volatility_60,120,0.08499159849523746
2022-12-26,volatility_60,120,0.08324441382930654
2022-12-27,volatility_60,120,0.08166309726757831
2022-12-28,volatility_60,120,0.07970520160370463
2022-12-29,volatility_60,120,0.07812503874873634
2022-12-30,volatility_60,120,0.07662062311705625
2023-01-03,volatility_60,120,0.07667208420245328
2023-01-04,volatility_60,120,0.0772161406435503
2023-01-05,volatility_60,120,0.07814882249860905
2023-01-06,volatility_60,120,0.07944882629199533
2023-01-09,volatility_60,120,0.07947229313170698
2023-01-10,volatility_60,120,0.08014537265904967
2023-01-11,volatility_60,120,0.08006776409413766
2023-01-12,volatility_60,120,0.08156770678045278
2023-01-13,volatility_60,120,0.08316480400510208
2023-01-16,volatility_60,120,0.08357656923024326
2023-01-17,volatility_60,120,0.08445002072631702
2023-01-18,volatility_60,120,0.08479097854900002
2023-01-19,volatility_60,120,0.08343325050470062
2023-01-20,volatility_60,120,0.08120633978413809
2023-01-30,volatility_60,120,0.07918233453021871
2023-01-31,volatility_60,120,0.07629233239096841
2023-02-01,volatility_60,120,0.07506958826607298
2023-02-02,volatility_60,120,0.07491517335418232
2023-02-03,volatility_60,120,0.07754290241721054
2023-02-06,volatility_60,120,0.07888283069342292
2023-02-07,volatility_60,120,0.07986658209515121
2023-02-08,volatility_60,120,0.08053990208037304
2023-02-09,volatility_60,120,0.08316453196368159
2023-02-10,volatility_60,120,0.08458957305006959
2023-02-13,volatility_60,120,0.08772757831206901
2023-02-14,volatility_60,120,0.0914200577868838
2023-02-15,volatility_60,120,0.092917933872509
2023-02-16,volatility_60,120,0.09355486464231527
2023-02-17,volatility_60,120,0.09367012618181743
2023-02-20,volatility_60,120,0.09270559824076323
2023-02-21,volatility_60,120,0.09128155986123446
2023-02-22,volatility_60,120,0.09041701615517227
2023-02-23,volatility_60,120,0.08806075610908737
2023-02-24,volatility_60,120,0.08552479288470474
2023-02-27,volatility_60,120,0.0827909045038746
2023-02-28,volatility_60,120,0.08195310638614561
2023-03-01,volatility_60,120,0.08013048736676183
2023-03-02,volatility_60,120,0.07941366771361746
2023-03-03,volatility_60,120,0.08198345577039659
2023-03-06,volatility_60,120,0.08521635874676191
2023-03-07,volatility_60,120,0.08540484210576599
2023-03-08,volatility_60,120,0.08800983726600368
2023-03-09,volatility_60,120,0.08893413431807598
2023-03-10,volatility_60,120,0.08770849943011254
2023-03-13,volatility_60,120,0.08719540707388988
2023-03-14,volatility_60,120,0.08619277641629614
2023-03-15,volatility_60,120,0.0853032007355093
2023-03-16,volatility_60,120,0.08295573879920468
2023-03-17,volatility_60,120,0.08318926469522978
2023-03-20,volatility_60,120,0.08141593840608041
2023-03-21,volatility_60,120,0.08231625297017346
2023-03-22,volatility_60,120,0.08126337479027426
2023-03-23,volatility_60,120,0.07979446476050893
2023-03-24,volatility_60,120,0.07814115936146
2023-03-27,volatility_60,120,0.07496090784266735
2023-03-28,volatility_60,120,0.07019760578666419
2023-03-29,volatility_60,120,0.06600417168805146
2023-03-30,volatility_60,120,0.06393705455094632
2023-03-31,volatility_60,120,0.06272830726704044
2023-04-03,volatility_60,120,0.06422792928527031
2023-04-04,volatility_60,120,0.0649800560388566
2023-04-06,volatility_60,120,0.06701571225135135
2023-04-07,volatility_60,120,0.0676918216679751
2023-04-10,volatility_60,120,0.06872892918150315
2023-04-11,volatility_60,120,0.06890401890099711
2023-04-12,volatility_60,120,0.07053765769097803
2023-04-13,volatility_60,120,0.07056614016523818
2023-04-14,volatility_60,120,0.07234402235521506
2023-04-17,volatility_60,120,0.07232454029541358
2023-04-18,volatility_60,120,0.07287493330759043
2023-04-19,volatility_60,120,0.07358022895158005
2023-04-20,volatility_60,120,0.0747239455754449
2023-04-21,volatility_60,120,0.07593132610564994
2023-04-24,volatility_60,120,0.0794492481951978
2023-04-25,volatility_60,120,0.08383957965153636
2023-04-26,volatility_60,120,0.08812898479544086
2023-04-27,volatility_60,120,0.09272849640836944
2023-04-28,volatility_60,120,0.0969376780761704
2023-05-04,volatility_60,120,0.09838600622333955
2023-05-05,volatility_60,120,0.09814946048271439
2023-05-08,volatility_60,120,0.09597680217437529
2023-05-09,volatility_60,120,0.0931132829758095
2023-05-10,volatility_60,120,0.09018729326259362
2023-05-11,volatility_60,120,0.0858067334286118
2023-05-12,volatility_60,120,0.081434369781464
2023-05-15,volatility_60,120,0.08014645913121332
2023-05-16,volatility_60,120,0.07681772511913411
2023-05-17,volatility_60,120,0.07454185244829288
2023-05-18,volatility_60,120,0.07485003574520711
2023-05-19,volatility_60,120,0.0744798516649707
2023-05-22,volatility_60,120,0.07268208365272932
2023-05-23,volatility_60,120,0.07080323919696264
2023-05-24,volatility_60,120,0.06833437376754728
2023-05-25,volatility_60,120,0.0656201951489727
2023-05-26,volatility_60,120,0.06355693424765754
2023-05-29,volatility_60,120,0.059986627915316774
2023-05-30,volatility_60,120,0.057628237548042326
2023-05-31,volatility_60,120,0.05535239117570985
2023-06-01,volatility_60,120,0.05431010307567893
2023-06-02,volatility_60,120,0.052059879385780605
2023-06-05,volatility_60,120,0.05258660602531707
2023-06-06,volatility_60,120,0.05131350434732595
2023-06-07,volatility_60,120,0.05127864810036739
2023-06-08,volatility_60,120,0.05119301135453959
2023-06-09,volatility_60,120,0.050548655175455474
2023-06-12,volatility_60,120,0.0462132260235035
2023-06-13,volatility_60,120,0.04380276479206734
2023-06-14,volatility_60,120,0.0425054270693523
2023-06-15,volatility_60,120,0.04163555108259931
2023-06-16,volatility_60,120,0.0420156756814255
2023-06-19,volatility_60,120,0.04522094359798908
2023-06-20,volatility_60,120,0.047758289324751325
2023-06-21,volatility_60,120,0.050138646024867145
2023-06-26,volatility_60,120,0.05296756480027138
2023-06-27,volatility_60,120,0.05502529187438107
2023-06-28,volatility_60,120,0.056426135455798124
2023-06-29,volatility_60,120,0.05829975860818053
2023-06-30,volatility_60,120,0.061479987518135056
2023-07-03,volatility_60,120,0.06478272016179194
2023-07-04,volatility_60,120,0.06867215879881057
2023-07-05,volatility_60,120,0.07304131654529653
2023-07-06,volatility_60,120,0.07655603011118406
2023-07-07,volatility_60,120,0.07769099884918759
2023-07-10,volatility_60,120,0.07827131386976774
2023-07-11,volatility_60,120,0.08033319998217629
2023-07-12,volatility_60,120,0.08011366357284234
2023-07-13,volatility_60,120,0.08189936737905358
2023-07-14,volatility_60,120,0.08446695711623578
2023-07-17,volatility_60,120,0.08700687640182904
2023-07-18,volatility_60,120,0.08937538374881401
2023-07-19,volatility_60,120,0.09160067206464519
2023-07-20,volatility_60,120,0.09469320663135077
2023-07-21,volatility_60,120,0.09732537633575049
2023-07-24,volatility_60,120,0.10068187053515502
2023-07-25,volatility_60,120,0.10432484727389209
2023-07-26,volatility_60,120,0.10614565525147146
2023-07-27,volatility_60,120,0.10728602100761082
2023-07-28,volatility_60,120,0.10679043856930642
2023-07-31,volatility_60,120,0.10427336598567134
2023-08-01,volatility_60,120,0.10200265077844099
2023-08-02,volatility_60,120,0.100653431387053
2023-08-03,volatility_60,120,0.10011754402063142
2023-08-04,volatility_60,120,0.10017698597252639
2023-08-07,volatility_60,120,0.10058513459329828
2023-08-08,volatility_60,120,0.1008932231112925
2023-08-09,volatility_60,120,0.10120832062034858
2023-08-10,volatility_60,120,0.10050010061840713
2023-08-11,volatility_60,120,0.10092167126103414
2023-08-14,volatility_60,120,0.10104781375371763
2023-08-15,volatility_60,120,0.09959596890571161
2023-08-16,volatility_60,120,0.09889683390810768
2023-08-17,volatility_60,120,0.09807022663343672
2023-08-18,volatility_60,120,0.09922355177822989
2023-08-21,volatility_60,120,0.09974703999651965
2023-08-22,volatility_60,120,0.09989223612800038
2023-08-23,volatility_60,120,0.09702403602604602
2023-08-24,volatility_60,120,0.09432191555166164
2023-08-25,volatility_60,120,0.09049692391702575
2023-08-28,volatility_60,120,0.08732828687665511
2023-08-29,volatility_60,120,0.08588753066424588
2023-08-30,volatility_60,120,0.08531494273136837
2023-08-31,volatility_60,120,0.08474474972126994
2023-09-01,volatility_60,120,0.08317142756792183
2023-09-04,volatility_60,120,0.08200785241016599
2023-09-05,volatility_60,120,0.08036253039588877
2023-09-06,volatility_60,120,0.08200540500644787
2023-09-07,volatility_60,120,0.08417835472952694
2023-09-08,volatility_60,120,0.08826492998058674
2023-09-11,volatility_60,120,0.09287403342916883
2023-09-12,volatility_60,120,0.0972611512016172
2023-09-13,volatility_60,120,0.10036672622248198
2023-09-14,volatility_60,120,0.10266997429697125
2023-09-15,volatility_60,120,0.10221197365230948
2023-09-18,volatility_60,120,0.10272309079737722
2023-09-19,volatility_60,120,0.1023140913269301
2023-09-20,volatility_60,120,0.10156631993057985
2023-09-21,volatility_60,120,0.10135140129978097
2023-09-22,volatility_60,120,0.10245069903767091
2023-09-25,volatility_60,120,0.10149623306605444
2023-09-26,volatility_60,120,0.09973470985675977
2023-09-27,volatility_60,120,0.09938672753142272
2023-09-28,volatility_60,120,0.09753118183299972
2023-10-09,volatility_60,120,0.09653170024283592
2023-10-10,volatility_60,120,0.0955874302989328
2023-10-11,volatility_60,120,0.09667650649353766
2023-10-12,volatility_60,120,0.09644196993245728
2023-10-13,volatility_60,120,0.09897896480130178
2023-10-16,volatility_60,120,0.09982820842414425
2023-10-17,volatility_60,120,0.10087567937065577
2023-10-18,volatility_60,120,0.10050589344866374
2023-10-19,volatility_60,120,0.0989461290960591
2023-10-20,volatility_60,120,0.09713368188151293
2023-10-23,volatility_60,120,0.0950842542236954
2023-10-24,volatility_60,120,0.09331665953044123
2023-10-25,volatility_60,120,0.09270131606885837
2023-10-26,volatility_60,120,0.09235910329914783
2023-10-27,volatility_60,120,0.0891314847050346
2023-10-30,volatility_60,120,0.085260420553297
2023-10-31,volatility_60,120,0.08126085372569421
2023-11-01,volatility_60,120,0.07645582324727901
2023-11-02,volatility_60,120,0.07245454880063992
2023-11-03,volatility_60,120,0.07151940916317182
2023-11-06,volatility_60,120,0.07218422677998262
2023-11-07,volatility_60,120,0.07341260671954175
2023-11-08,volatility_60,120,0.07579908548266037
2023-11-09,volatility_60,120,0.07590872948841236
2023-11-10,volatility_60,120,0.07409868414273478
2023-11-13,volatility_60,120,0.07393869066267904
2023-11-14,volatility_60,120,0.07456261922312074
2023-11-15,volatility_60,120,0.0758817922045856
2023-11-16,volatility_60,120,0.07759218149205711
2023-11-17,volatility_60,120,0.08215700132048563
2023-11-20,volatility_60,120,0.08655247306610189
2023-11-21,volatility_60,120,0.09075095166890311
2023-11-22,volatility_60,120,0.09420780880797754
2023-11-23,volatility_60,120,0.09832587528385008
2023-11-24,volatility_60,120,0.09862436058064444
2023-11-27,volatility_60,120,0.0999952337069177
2023-11-28,volatility_60,120,0.10085785245895089
2023-11-29,volatility_60,120,0.10373908768514811
2023-11-30,volatility_60,120,0.10531843599840084
2023-12-01,volatility_60,120,0.10698810683084603
2023-12-04,volatility_60,120,0.1070283031858922
2023-12-05,volatility_60,120,0.10788827744325707
2023-12-06,volatility_60,120,0.10746751286871933
2023-12-07,volatility_60,120,0.11011130806628194
2023-12-08,volatility_60,120,0.11391432453167388
2023-12-11,volatility_60,120,0.11632859347452941
2023-12-12,volatility_60,120,0.1175011517733749
2023-12-13,volatility_60,120,0.11805068642790513
2023-12-14,volatility_60,120,0.11691453283089019
2023-12-15,volatility_60,120,0.1159234051328695
2023-12-18,volatility_60,120,0.11524287840926971
2023-12-19,volatility_60,120,0.11446384895962637
2023-12-20,volatility_60,120,0.11385994756820962
2023-12-21,volatility_60,120,0.11299919606216915
2023-12-22,volatility_60,120,0.11017281349368842
2023-12-25,volatility_60,120,0.10782330570977407
2023-12-26,volatility_60,120,0.1064564443156093
2023-12-27,volatility_60,120,0.10478756520056579
2023-12-28,volatility_60,120,0.10363173833061633
2023-12-29,volatility_60,120,0.1045181785926809
2024-01-02,volatility_60,120,0.10673653812411446
2024-01-03,volatility_60,120,0.10906527090659696
2024-01-04,volatility_60,120,0.10916593632025706
2024-01-05,volatility_60,120,0.11018591818892497
2024-01-08,volatility_60,120,0.10844931529447815
2024-01-09,volatility_60,120,0.10693106831646179
2024-01-10,volatility_60,120,0.10527882395309748
2024-01-11,volatility_60,120,0.10466321139847165
2024-01-12,volatility_60,120,0.1025852889160858
2024-01-15,volatility_60,120,0.10048549123338633
2024-01-16,volatility_60,120,0.09754701185618035
2024-01-17,volatility_60,120,0.09420053137347952
2024-01-18,volatility_60,120,0.09242044602657923
2024-01-19,volatility_60,120,0.09333155932814953
2024-01-22,volatility_60,120,0.09550187256004565
2024-01-23,volatility_60,120,0.10009732004958358
2024-01-24,volatility_60,120,0.10518457578264935
2024-01-25,volatility_60,120,0.10944209427603517
2024-01-26,volatility_60,120,0.11293497710015862
2024-01-29,volatility_60,120,0.11521820225229827
2024-01-30,volatility_60,120,0.11540603561061474
2024-01-31,volatility_60,120,0.11616988924278471
2024-02-01,volatility_60,120,0.11721953368186723
2024-02-02,volatility_60,120,0.11642355042375054
2024-02-05,volatility_60,120,0.1152534023375956
2024-02-06,volatility_60,120,0.11090911450452651
2024-02-07,volatility_60,120,0.1053659064223956
2024-02-08,volatility_60,120,0.09996319326313367
2024-02-19,volatility_60,120,0.0951596458644013
2024-02-20,volatility_60,120,0.08976191859390673
2024-02-21,volatility_60,120,0.0855266334165861
2024-02-22,volatility_60,120,0.08228303964858016
2024-02-23,volatility_60,120,0.0815538783128087
2024-02-26,volatility_60,120,0.08271266439439531
2024-02-27,volatility_60,120,0.08643638515419029
2024-02-28,volatility_60,120,0.08627111073773204
2024-02-29,volatility_60,120,0.0875612012337226
2024-03-01,volatility_60,120,0.08710722438537993
2024-03-04,volatility_60,120,0.08820823850132739
2024-03-05,volatility_60,120,0.08509507533044072
2024-03-06,volatility_60,120,0.0829766862997131
2024-03-07,volatility_60,120,0.08065157888644321
2024-03-08,volatility_60,120,0.07868032327608009
2024-03-11,volatility_60,120,0.07286384631559026
2024-03-12,volatility_60,120,0.06770156768147394
2024-03-13,volatility_60,120,0.060612472661830306
2024-03-14,volatility_60,120,0.054361421588952935
2024-03-15,volatility_60,120,0.04903569400654421
2024-03-18,volatility_60,120,0.046099021334820425
2024-03-19,volatility_60,120,0.044865277913034164
2024-03-20,volatility_60,120,0.048165596405344346
2024-03-21,volatility_60,120,0.04940551730770446
2024-03-22,volatility_60,120,0.05228157300604406
2024-03-25,volatility_60,120,0.054020396294001176
2024-03-26,volatility_60,120,0.05570600523241907
2024-03-27,volatility_60,120,0.056936245373064964
2024-03-28,volatility_60,120,0.06223788203284164
2024-03-29,volatility_60,120,0.06746555111381279
2024-04-01,volatility_60,120,0.0727278030376279
2024-04-02,volatility_60,120,0.0782968327833566
2024-04-03,volatility_60,120,0.08217494079369594
2024-04-08,volatility_60,120,0.08682703463654674
2024-04-09,volatility_60,120,0.0903401923462706
2024-04-10,volatility_60,120,0.09374554843734396
2024-04-11,volatility_60,120,0.09516758311470236
2024-04-12,volatility_60,120,0.09683785832021986
2024-04-15,volatility_60,120,0.09735039467615907
2024-04-16,volatility_60,120,0.0930463665718536
2024-04-17,volatility_60,120,0.0899276016921692
2024-04-18,volatility_60,120,0.08623180772703969
2024-04-19,volatility_60,120,0.08363581938006141
2024-04-22,volatility_60,120,0.07866500754453423
2024-04-23,volatility_60,120,0.07493851568762956
2024-04-24,volatility_60,120,0.07231009831346681
2024-04-25,volatility_60,120,0.07137117102633021
2024-04-26,volatility_60,120,0.07119832442201847
2024-04-29,volatility_60,120,0.07348822881399077
2024-04-30,volatility_60,120,0.0769401587146848
2024-05-06,volatility_60,120,0.08232944102827375
2024-05-07,volatility_60,120,0.08665969965590767
2024-05-08,volatility_60,120,0.08925019583488611
2024-05-09,volatility_60,120,0.09142478391173262
2024-05-10,volatility_60,120,0.09017507970833201
2024-05-13,volatility_60,120,0.08932560685790346
2024-05-14,volatility_60,120,0.09097626683297445
2024-05-15,volatility_60,120,0.09081897151477256
2024-05-16,volatility_60,120,0.0901441427522704
2024-05-17,volatility_60,120,0.08987671013195335
2024-05-20,volatility_60,120,0.08996139390727505
2024-05-21,volatility_60,120,0.08837973375855301
2024-05-22,volatility_60,120,0.08779710563752699
2024-05-23,volatility_60,120,0.08779102496359155
2024-05-24,volatility_60,120,0.08668899221926259
2024-05-27,volatility_60,120,0.08590795996558521
2024-05-28,volatility_60,120,0.0881281663930283
2024-05-29,volatility_60,120,0.08944460424943418
2024-05-30,volatility_60,120,0.0913778356728697
2024-05-31,volatility_60,120,0.09367360142416806
2024-06-03,volatility_60,120,0.09504565611009587
2024-06-04,volatility_60,120,0.09439395367429776
2024-06-05,volatility_60,120,0.09256379907894584
2024-06-06,volatility_60,120,0.08850655880047356
2024-06-07,volatility_60,120,0.08605901111556541
2024-06-11,volatility_60,120,0.08250700149217947
2024-06-12,volatility_60,120,0.07846420985083401
2024-06-13,volatility_60,120,0.07575082274472171
2024-06-14,volatility_60,120,0.07362832723882713
2024-06-17,volatility_60,120,0.07303422997930781
2024-06-18,volatility_60,120,0.07407080448999802
2024-06-19,volatility_60,120,0.07466395441626379
2024-06-20,volatility_60,120,0.0742776948932971
2024-06-21,volatility_60,120,0.07311664301396885
2024-06-24,volatility_60,120,0.07074250612018083
2024-06-25,volatility_60,120,0.0693332675848987
2024-06-26,volatility_60,120,0.07159164305049201
2024-06-27,volatility_60,120,0.07330929855653606
2024-06-28,volatility_60,120,0.07451174790347878
2024-07-01,volatility_60,120,0.07640722933045842
2024-07-02,volatility_60,120,0.07733248471876612
2024-07-03,volatility_60,120,0.07624783758039529
2024-07-04,volatility_60,120,0.07283964569610478
2024-07-05,volatility_60,120,0.06936083886628014
2024-07-08,volatility_60,120,0.06737156959086628
2024-07-09,volatility_60,120,0.06540675506611371
2024-07-10,volatility_60,120,0.06551293552043845
2024-07-11,volatility_60,120,0.06590662977590922
2024-07-12,volatility_60,120,0.06692516988188472
2024-07-15,volatility_60,120,0.06482068595926004
2024-07-16,volatility_60,120,0.06391103367542415
2024-07-17,volatility_60,120,0.06298734721265774
2024-07-18,volatility_60,120,0.06290597103508341
2024-07-19,volatility_60,120,0.06281451924525387
2024-07-22,volatility_60,120,0.06136986351263769
2024-07-23,volatility_60,120,0.05830593461350695
2024-07-24,volatility_60,120,0.05313184557741882
2024-07-25,volatility_60,120,0.04671654385806038
2024-07-26,volatility_60,120,0.04092548537931895
2024-07-29,volatility_60,120,0.0391296388912402
2024-07-30,volatility_60,120,0.037867134312821994
2024-07-31,volatility_60,120,0.03679936361451027
2024-08-01,volatility_60,120,0.03779217984145591
2024-08-02,volatility_60,120,0.03750968652162936
2024-08-05,volatility_60,120,0.03598871623299583
2024-08-06,volatility_60,120,0.03592851562984134
2024-08-07,volatility_60,120,0.038273573563444734
2024-08-08,volatility_60,120,0.04039436104344514
2024-08-09,volatility_60,120,0.04324396801098337
2024-08-12,volatility_60,120,0.0475807898970833
2024-08-13,volatility_60,120,0.052561121079242955
2024-08-14,volatility_60,120,0.05766134914366643
2024-08-15,volatility_60,120,0.061332715781622284
2024-08-16,volatility_60,120,0.064957169068311
2024-08-19,volatility_60,120,0.06574283853660251
2024-08-20,volatility_60,120,0.06745000416270826
2024-08-21,volatility_60,120,0.06669501493757621
2024-08-22,volatility_60,120,0.069704791193776
2024-08-23,volatility_60,120,0.0698912202387517
2024-08-26,volatility_60,120,0.07054353522905336
2024-08-27,volatility_60,120,0.06815312532350165
2024-08-28,volatility_60,120,0.06924219619385753
2024-08-29,volatility_60,120,0.06986819325654735
2024-08-30,volatility_60,120,0.07290608199931187
2024-09-02,volatility_60,120,0.07460068763672677
2024-09-03,volatility_60,120,0.07737538621725945
2024-09-04,volatility_60,120,0.0792595714650712
2024-09-05,volatility_60,120,0.08350135130558169
2024-09-06,volatility_60,120,0.08690269198257712
2024-09-09,volatility_60,120,0.09062919118238649
2024-09-10,volatility_60,120,0.09303853736777962
2024-09-11,volatility_60,120,0.09429526396813442
2024-09-12,volatility_60,120,0.09297339231489651
2024-09-13,volatility_60,120,0.09283818581467292
2024-09-18,volatility_60,120,0.09163371891273417
2024-09-19,volatility_60,120,0.09193850574483868
2024-09-20,volatility_60,120,0.09091268481157984
2024-09-23,volatility_60,120,0.08848300013613104
2024-09-24,volatility_60,120,0.08194795199111624
2024-09-25,volatility_60,120,0.07626710865950727
2024-09-26,volatility_60,120,0.06976846177011602
2024-09-27,volatility_60,120,0.06407869301214196
2024-09-30,volatility_60,120,0.059522483844777097
2024-10-08,volatility_60,120,0.058863790404519764
2024-10-09,volatility_60,120,0.0551978446657683
2024-10-10,volatility_60,120,0.05089152191803008
2024-10-11,volatility_60,120,0.043356734025201356
2024-10-14,volatility_60,120,0.03555962395974406
2024-10-15,volatility_60,120,0.029903249597351703
2024-10-16,volatility_60,120,0.029855732281717815
2024-10-17,volatility_60,120,0.030971801391028113
2024-10-18,volatility_60,120,0.03439399018070071
2024-10-21,volatility_60,120,0.038947826282872126
2024-10-22,volatility_60,120,0.044491237847444
2024-10-23,volatility_60,120,0.04757252898923619
2024-10-24,volatility_60,120,0.048752134485212976
2024-10-25,volatility_60,120,0.052149888237144726
2024-10-28,volatility_60,120,0.05455628307385315
2024-10-29,volatility_60,120,0.05467491884692974
2024-10-30,volatility_60,120,0.053940910917805535
2024-10-31,volatility_60,120,0.05177822631661925
2024-11-01,volatility_60,120,0.04622028451301306
2024-11-04,volatility_60,120,0.03997939804405922
2024-11-05,volatility_60,120,0.03669406722273825
2024-11-06,volatility_60,120,0.03724113593240899
2024-11-07,volatility_60,120,0.039355330355155156
2024-11-08,volatility_60,120,0.042060439630750276
2024-11-11,volatility_60,120,0.047674795327691456
2024-11-12,volatility_60,120,0.05064128738145175
2024-11-13,volatility_60,120,0.051628098671130045
2024-11-14,volatility_60,120,0.052304563691106684
2024-11-15,volatility_60,120,0.05256853050820316
2024-11-18,volatility_60,120,0.049841009938914514
2024-11-19,volatility_60,120,0.049662608113210764
2024-11-20,volatility_60,120,0.051721067163353555
2024-11-21,volatility_60,120,0.05260311814034255
2024-11-22,volatility_60,120,0.05131851969522448
2024-11-25,volatility_60,120,0.048911263015660164
2024-11-26,volatility_60,120,0.043707172826132436
2024-11-27,volatility_60,120,0.0393165109543345
2024-11-28,volatility_60,120,0.03430249191311323
2024-11-29,volatility_60,120,0.03297661273876102
2024-12-02,volatility_60,120,0.034948288297026446
2024-12-03,volatility_60,120,0.038430481832069666
2024-12-04,volatility_60,120,0.03966035667184362
2024-12-05,volatility_60,120,0.04394453823957054
2024-12-06,volatility_60,120,0.04761027376339481
2024-12-09,volatility_60,120,0.04994828788151461
2024-12-10,volatility_60,120,0.053244096478653156
2024-12-11,volatility_60,120,0.05440186729565955
2024-12-12,volatility_60,120,0.052245626837338806
2024-12-13,volatility_60,120,0.04971149414179903
2024-12-16,volatility_60,120,0.04896016885315339
2024-12-17,volatility_60,120,0.04888671490539142
2024-12-18,volatility_60,120,0.05093480149005178
2024-12-19,volatility_60,120,0.05290172990495718
2024-12-20,volatility_60,120,0.054619824986809444
2024-12-23,volatility_60,120,0.05465589424174939
2024-12-24,volatility_60,120,0.055877078879481165
2024-12-25,volatility_60,120,0.05603296715302653
2024-12-26,volatility_60,120,0.05765013622595524
2024-12-27,volatility_60,120,0.059530063709228156
2024-12-30,volatility_60,120,0.06261840604540668
2024-12-31,volatility_60,120,0.06338757569301189
2025-01-02,volatility_60,120,0.06250894366189318
2025-01-03,volatility_60,120,0.06048934182886669
2025-01-06,volatility_60,120,0.05607758342206653
2025-01-07,volatility_60,120,0.050376842482967005
2025-01-08,volatility_60,120,0.04504122395884011
2025-01-09,volatility_60,120,0.04405855818069351
2025-01-10,volatility_60,120,0.041591835431683356
2025-01-13,volatility_60,120,0.039214173869893565
2025-01-14,volatility_60,120,0.03988721554548428
2025-01-15,volatility_60,120,0.04163754109243952
2025-01-16,volatility_60,120,0.04339813411180511
2025-01-17,volatility_60,120,0.04468416788366584
2025-01-20,volatility_60,120,0.048832607758407504
2025-01-21,volatility_60,120,0.05268181463350628
2025-01-22,volatility_60,120,0.053010477483791625
2025-01-23,volatility_60,120,0.04900143869527761
2025-01-24,volatility_60,120,0.04473805256958337
2025-01-27,volatility_60,120,0.040181391402785
2025-02-05,volatility_60,120,0.0338848804697455
2025-02-06,volatility_60,120,0.0302222972597454
2025-02-07,volatility_60,120,0.028710157678645525
2025-02-10,volatility_60,120,0.026049270932505014
2025-02-11,volatility_60,120,0.025387060116045954
2025-02-12,volatility_60,120,0.026835381196530214
2025-02-13,volatility_60,120,0.02675713940391668
2025-02-14,volatility_60,120,0.025219635150907988
2025-02-17,volatility_60,120,0.024505902601425492
2025-02-18,volatility_60,120,0.022082229465014626
2025-02-19,volatility_60,120,0.01959092451288773
2025-02-20,volatility_60,120,0.017780445364453962
2025-02-21,volatility_60,120,0.018857674674428265
2025-02-24,volatility_60,120,0.018332522506981072
2025-02-25,volatility_60,120,0.017991590461306387
2025-02-26,volatility_60,120,0.018644597792221617
2025-02-27,volatility_60,120,0.019372076453246418
2025-02-28,volatility_60,120,0.01760766634565888
2025-03-03,volatility_60,120,0.017737024049221877
2025-03-04,volatility_60,120,0.018802101106056388
2025-03-05,volatility_60,120,0.020455624427148045
2025-03-06,volatility_60,120,0.022064227930630835
2025-03-07,volatility_60,120,0.02377793155151273
2025-03-10,volatility_60,120,0.025958153528034215
2025-03-11,volatility_60,120,0.02790376521269468
2025-03-12,volatility_60,120,0.029888460825660695
2025-03-13,volatility_60,120,0.030369443911659952
2025-03-14,volatility_60,120,0.03223632892638545
2025-03-17,volatility_60,120,0.03401827786635221
2025-03-18,volatility_60,120,0.036929185505642934
2025-03-19,volatility_60,120,0.03999496799853444
2025-03-20,volatility_60,120,0.04261077037926498
2025-03-21,volatility_60,120,0.04464354416591237
2025-03-24,volatility_60,120,0.045302672747920415
2025-03-25,volatility_60,120,0.04751757595483686
2025-03-26,volatility_60,120,0.051249746565721344
2025-03-27,volatility_60,120,0.056128299596746284
2025-03-28,volatility_60,120,0.061974086645555405
2025-03-31,volatility_60,120,0.0680058788126873
2025-04-01,volatility_60,120,0.07124929138062547
2025-04-02,volatility_60,120,0.07416003372183687
2025-04-03,volatility_60,120,0.07072865232399085
2025-04-07,volatility_60,120,0.0651184455106155
2025-04-08,volatility_60,120,0.06140779448728408
2025-04-09,volatility_60,120,0.06436665709840003
2025-04-10,volatility_60,120,0.06871885526177728
2025-04-11,volatility_60,120,0.07352943835939149
2025-04-14,volatility_60,120,0.07696630872629658
2025-04-15,volatility_60,120,0.07963904189390034
2025-04-16,volatility_60,120,0.0775874743143088
2025-04-17,volatility_60,120,0.07592271835895016
2025-04-18,volatility_60,120,0.07510856767601047
2025-04-21,volatility_60,120,0.0763617398355249
2025-04-22,volatility_60,120,0.07657753587804632
2025-04-23,volatility_60,120,0.07436212864963603
2025-04-24,volatility_60,120,0.0700112912083865
2025-04-25,volatility_60,120,0.06655665541189308
2025-04-28,volatility_60,120,0.06278035284997285
2025-04-29,volatility_60,120,0.06016604038800001
2025-04-30,volatility_60,120,0.061495884114361334
2025-05-06,volatility_60,120,0.06712053279276695
2025-05-07,volatility_60,120,0.07000040383026146
2025-05-08,volatility_60,120,0.07431242510694895
2025-05-09,volatility_60,120,0.07542462130510383
2025-05-12,volatility_60,120,0.07536752025410513
2025-05-13,volatility_60,120,0.0714811627578457
2025-05-14,volatility_60,120,0.06945341557018572
2025-05-15,volatility_60,120,0.06732408532778524
2025-05-16,volatility_60,120,0.06722741684382377
2025-05-19,volatility_60,120,0.0665589023959808
2025-05-20,volatility_60,120,0.06923003764517165
2025-05-21,volatility_60,120,0.06868036134234383
2025-05-22,volatility_60,120,0.06605345932617585
2025-05-23,volatility_60,120,0.0642371037530376
2025-05-26,volatility_60,120,0.06436085856357447
2025-05-27,volatility_60,120,0.0645141280637708
2025-05-28,volatility_60,120,0.0648745677679046
2025-05-29,volatility_60,120,0.06535750386659027
2025-05-30,volatility_60,120,0.06487296937925821
2025-06-03,volatility_60,120,0.06504603682769981
2025-06-04,volatility_60,120,0.06354291711589674
2025-06-05,volatility_60,120,0.06338747237495711
2025-06-06,volatility_60,120,0.0646888425526402
2025-06-09,volatility_60,120,0.06379403641560082
2025-06-10,volatility_60,120,0.06277581534066674
2025-06-11,volatility_60,120,0.061260369770095344
2025-06-12,volatility_60,120,0.060028041445454906
2025-06-13,volatility_60,120,0.05949150226056048
2025-06-16,volatility_60,120,0.06092887387377839
2025-06-17,volatility_60,120,0.06185919694420069
2025-06-18,volatility_60,120,0.06177101169188697
2025-06-19,volatility_60,120,0.061153268433733254
2025-06-20,volatility_60,120,0.058542448747350116
2025-06-23,volatility_60,120,0.05592284057538762
2025-06-24,volatility_60,120,0.051502331317135254
2025-06-25,volatility_60,120,0.04932148961358253
2025-06-26,volatility_60,120,0.04532780707236381
2025-06-27,volatility_60,120,0.043760350272139655
2025-06-30,volatility_60,120,0.04216942704731895
2025-07-01,volatility_60,120,0.0406769678440408
2025-07-02,volatility_60,120,0.040326326176369096
2025-07-03,volatility_60,120,0.04246650126304494
2025-07-04,volatility_60,120,0.044020310215560014
2025-07-07,volatility_60,120,0.04609122467227854
2025-07-08,volatility_60,120,0.0499126082160272
2025-07-09,volatility_60,120,0.052435286643459166
2025-07-10,volatility_60,120,0.05372750146455066
2025-07-11,volatility_60,120,0.054752356818387894
2025-07-14,volatility_60,120,0.05805803358074067
2025-07-15,volatility_60,120,0.06072235340759802
2025-07-16,volatility_60,120,0.06250171407724092
2025-07-17,volatility_60,120,0.06362953340687648
2025-07-18,volatility_60,120,0.06360236875425301
2025-07-21,volatility_60,120,0.06306333500334184
2025-07-22,volatility_60,120,0.05969632461345007
2025-07-23,volatility_60,120,0.056654557724309655
2025-07-24,volatility_60,120,0.05655969467808063
2025-07-25,volatility_60,120,0.058413192468810146
2025-07-28,volatility_60,120,0.06096784354998896
2025-07-29,volatility_60,120,0.06496013857155068
2025-07-30,volatility_60,120,0.06866706371377386
2025-07-31,volatility_60,120,0.07077161271235263
2025-08-01,volatility_60,120,0.07157701860022135
2025-08-04,volatility_60,120,0.07300929522477168
2025-08-05,volatility_60,120,0.07282566859507124
2025-08-06,volatility_60,120,0.07215780449541906
2025-08-07,volatility_60,120,0.07386310391858411
2025-08-08,volatility_60,120,0.07492158933076522
2025-08-11,volatility_60,120,0.0739077590373291
2025-08-12,volatility_60,120,0.07381014184572075
2025-08-13,volatility_60,120,0.07445837955185476
2025-08-14,volatility_60,120,0.07309850453216887
2025-08-15,volatility_60,120,0.07097707645574533
2025-08-18,volatility_60,120,0.07061221321943581
2025-08-19,volatility_60,120,0.0708722194819242
2025-08-20,volatility_60,120,0.0715261559142609
2025-08-21,volatility_60,120,0.07300574526556938
2025-08-22,volatility_60,120,0.07606942320740132
2025-08-25,volatility_60,120,0.0786460726881119
2025-08-26,volatility_60,120,0.07973596461527091
2025-08-27,volatility_60,120,0.08006634932166441
2025-08-28,volatility_60,120,0.07888797265804828
2025-08-29,volatility_60,120,0.07842689472650831
2025-09-01,volatility_60,120,0.07805864520324805
2025-09-02,volatility_60,120,0.07824942836680475
2025-09-03,volatility_60,120,0.07591954835092417
2025-09-04,volatility_60,120,0.07349883848642265
2025-09-05,volatility_60,120,0.07001949377610922
2025-09-08,volatility_60,120,0.06530383267600942
2025-09-09,volatility_60,120,0.058241726474184165
2025-09-10,volatility_60,120,0.05208391734644283
2025-09-11,volatility_60,120,0.04678984063113156
2025-09-12,volatility_60,120,0.044019864617863516
2025-09-15,volatility_60,120,0.041616638921072036
2025-09-16,volatility_60,120,0.03959220338444285
2025-09-17,volatility_60,120,0.0373124398828807
2025-09-18,volatility_60,120,0.03438196640801181
2025-09-19,volatility_60,120,0.030545742189991638
2025-09-22,volatility_60,120,0.027673697061901866
2025-09-23,volatility_60,120,0.02589039326880093
2025-09-24,volatility_60,120,0.024741001359769265
2025-09-25,volatility_60,120,0.02650519736619133
2025-09-26,volatility_60,120,0.0319390721486349
2025-09-29,volatility_60,120,0.0384601961855438
2025-09-30,volatility_60,120,0.04188295317578939
2025-10-09,volatility_60,120,0.04504709269033523
2025-10-10,volatility_60,120,0.04681650351644943
2025-10-13,volatility_60,120,0.04931956674948003
2025-10-14,volatility_60,120,0.04866297787829259
2025-10-15,volatility_60,120,0.051812321151912366
2025-10-16,volatility_60,120,0.0537956594045428
2025-10-17,volatility_60,120,0.053139636568541544
2025-10-20,volatility_60,120,0.04997199195452599
2025-10-21,volatility_60,120,0.04876233766631215
2025-10-22,volatility_60,120,0.04688635502267057
2025-10-23,volatility_60,120,0.04781918455851533
2025-10-24,volatility_60,120,0.04950671333372731
2025-10-27,volatility_60,120,0.0529807353476581
2025-10-28,volatility_60,120,0.05604802068304047
2025-10-29,volatility_60,120,0.05838499658124229
2025-10-30,volatility_60,120,0.057192003202345666
2025-10-31,volatility_60,120,0.05824022172325396
2025-11-03,volatility_60,120,0.057054467902058044
2025-11-04,volatility_60,120,0.05783808084715159
2025-11-05,volatility_60,120,0.058791364633970014
2025-11-06,volatility_60,120,0.060787917660942416
2025-11-07,volatility_60,120,0.06174700329265949
2025-11-10,volatility_60,120,0.062228649781857166
2025-11-11,volatility_60,120,0.06066583025931666
2025-11-12,volatility_60,120,0.060035201979974695
2025-11-13,volatility_60,120,0.059453615401770896
2025-11-14,volatility_60,120,0.059545712750675855
2025-11-17,volatility_60,120,0.060950613602923705
2025-11-18,volatility_60,120,0.06130827518100256
2025-11-19,volatility_60,120,0.06076663705549165
2025-11-20,volatility_60,120,0.0610289174794947
2025-11-21,volatility_60,120,0.06020668795283754
2025-11-24,volatility_60,120,0.058031439293180456
2025-11-25,volatility_60,120,0.060632007645790506
2025-11-26,volatility_60,120,0.06315276719266096
2025-11-27,volatility_60,120,0.06455763788093548
2025-11-28,volatility_60,120,0.06598091148968714
2025-12-01,volatility_60,120,0.06511746149363977
2025-12-02,volatility_60,120,0.06285676041052407
2025-12-03,volatility_60,120,0.05995256529811265
2025-12-04,volatility_60,120,0.05729867785415772
2025-12-05,volatility_60,120,0.05365471916695672
2025-12-08,volatility_60,120,0.05169879133322155
2025-12-09,volatility_60,120,0.05135714205399233
2025-12-10,volatility_60,120,0.05110641057069554
2025-12-11,volatility_60,120,0.05268429615860774
2025-12-12,volatility_60,120,0.05576672231692183
2025-12-15,volatility_60,120,0.05846778816581016
2025-12-16,volatility_60,120,0.0587912185936005
2025-12-17,volatility_60,120,0.05939169097401728
2025-12-18,volatility_60,120,0.055890102442433656
2025-12-19,volatility_60,120,0.05272806258712914
2025-12-22,volatility_60,120,0.04843608043041356
2025-12-23,volatility_60,120,0.04354660646152923
2025-12-24,volatility_60,120,0.04051587895576538
