date,stock,factor_name,factor_value,return
2023-02-06,000001,volume_factor,0.06938820761719056,-0.01526717557251911
2023-02-06,300750,volume_factor,-0.24472468332647335,0.022671009771986883
2023-02-06,600519,volume_factor,0.46257092411334155,0.03797256814636918
2023-02-07,000001,momentum,0.03806228373702414,-0.02083333333333337
2023-02-07,000001,volatility,0.019114288450255708,-0.02083333333333337
2023-02-07,000001,volume_factor,-0.2542471911615778,-0.02083333333333337
2023-02-07,300750,momentum,0.16539362460535711,0.007165952984357293
2023-02-07,300750,volatility,0.02419807799503452,0.007165952984357293
2023-02-07,300750,volume_factor,-0.4876050909793712,0.007165952984357293
2023-02-07,600519,momentum,0.04320123819043631,0.028924853490269742
2023-02-07,600519,volatility,0.017425573948890702,0.028924853490269742
2023-02-07,600519,volume_factor,-0.16370100643333363,0.028924853490269742
2023-02-08,000001,momentum,-0.023121387283236983,-0.03127641589180041
2023-02-08,000001,volatility,0.016125150587387536,-0.03127641589180041
2023-02-08,000001,volume_factor,-0.3960365844702177,-0.03127641589180041
2023-02-08,300750,momentum,0.18173350582147485,0.00337172132942154
2023-02-08,300750,volatility,0.023671993871577347,0.00337172132942154
2023-02-08,300750,volume_factor,-0.45542686052645265,0.00337172132942154
2023-02-08,600519,momentum,0.03816517322809165,0.035521986239904324
2023-02-08,600519,volatility,0.017538126840074168,0.035521986239904324
2023-02-08,600519,volume_factor,-0.4228939053637367,0.035521986239904324
2023-02-09,000001,momentum,-0.028524857375713086,-0.04446308724832204
2023-02-09,000001,volatility,0.01591163375717789,-0.04446308724832204
2023-02-09,000001,volume_factor,-0.20733265265862888,-0.04446308724832204
2023-02-09,300750,momentum,0.12248557995249865,-0.023490802314535042
2023-02-09,300750,volatility,0.019275702336385026,-0.023490802314535042
2023-02-09,300750,volume_factor,-0.3605219397092435,-0.023490802314535042
2023-02-09,600519,momentum,0.010483214523568707,0.02674168822926326
2023-02-09,600519,volatility,0.014418215718612815,0.02674168822926326
2023-02-09,600519,volume_factor,0.06315734936013673,0.02674168822926326
2023-02-10,000001,momentum,-0.0515713134568897,-0.04672897196261672
2023-02-10,000001,volatility,0.015805084645044033,-0.04672897196261672
2023-02-10,000001,volume_factor,-0.1774868073110213,-0.04672897196261672
2023-02-10,300750,momentum,0.07701404986044746,-0.06289805420125616
2023-02-10,300750,volatility,0.019395633358199577,-0.06289805420125616
2023-02-10,300750,volume_factor,-0.3036401795420567,-0.06289805420125616
2023-02-10,600519,momentum,0.0038352386404909566,0.006610901241230316
2023-02-10,600519,volatility,0.014467254840992469,0.006610901241230316
2023-02-10,600519,volume_factor,-0.3493243609920226,0.006610901241230316
2023-02-13,000001,momentum,-0.07783955520254171,0.028423772609819098
2023-02-13,000001,volatility,0.01545667155585218,0.028423772609819098
2023-02-13,000001,volume_factor,0.6866507704600413,0.028423772609819098
2023-02-13,300750,momentum,0.11407077971233903,-0.09326028793476882
2023-02-13,300750,volatility,0.020512256471691838,-0.09326028793476882
2023-02-13,300750,volume_factor,0.11002375815652599,-0.09326028793476882
2023-02-13,600519,momentum,0.009116401097578608,0.011121115808681026
2023-02-13,600519,volatility,0.014954597298826342,0.011121115808681026
2023-02-13,600519,volume_factor,0.3624415157684202,0.011121115808681026
2023-02-14,000001,momentum,-0.03924775143090764,0.01191489361702125
2023-02-14,000001,volatility,0.014696810685138211,0.01191489361702125
2023-02-14,000001,volume_factor,-0.13278334965989647,0.01191489361702125
2023-02-14,300750,momentum,0.04810840305565667,-0.08685466377440354
2023-02-14,300750,volatility,0.019603250301304234,-0.08685466377440354
2023-02-14,300750,volume_factor,0.08430436385070994,-0.08685466377440354
2023-02-14,600519,momentum,-0.006363837166958097,0.013944713805927655
2023-02-14,600519,volatility,0.014950842802090742,0.013944713805927655
2023-02-14,600519,volume_factor,-0.2972159464381283,0.013944713805927655
2023-02-15,000001,momentum,-0.0802568218298555,0.030541012216404928
2023-02-15,000001,volatility,0.014689492759979017,0.030541012216404928
2023-02-15,000001,volume_factor,0.1681844728407369,0.030541012216404928
2023-02-15,300750,momentum,0.05293631100082696,-0.09487649471938542
2023-02-15,300750,volatility,0.019470307547372792,-0.09487649471938542
2023-02-15,300750,volume_factor,-0.32945357116824603,-0.09487649471938542
2023-02-15,600519,momentum,-0.002371532009678101,-0.0030090753713198914
2023-02-15,600519,volatility,0.014900693024444035,-0.0030090753713198914
2023-02-15,600519,volume_factor,-0.3417362128375381,-0.0030090753713198914
2023-02-16,000001,momentum,-0.0858747993579454,0.03950834064969255
2023-02-16,000001,volatility,0.014663862881985776,0.03950834064969255
2023-02-16,000001,volume_factor,0.15976387157054228,0.03950834064969255
2023-02-16,300750,momentum,0.0244167610419026,-0.07362695675245412
2023-02-16,300750,volatility,0.019576150654528383,-0.07362695675245412
2023-02-16,300750,volume_factor,-0.12558111322446897,-0.07362695675245412
2023-02-16,600519,momentum,0.0168133249528597,-0.026045195725306947
2023-02-16,600519,volatility,0.015069394097626419,-0.026045195725306947
2023-02-16,600519,volume_factor,0.169966427601157,-0.026045195725306947
2023-02-17,000001,momentum,-0.11930926216640503,0.03832442067736186
2023-02-17,000001,volatility,0.013388985461947157,0.03832442067736186
2023-02-17,000001,volume_factor,-0.16617020645859348,0.03832442067736186
2023-02-17,300750,momentum,-0.04788468404141388,-0.03848136864307483
2023-02-17,300750,volatility,0.023163803582547177,-0.03848136864307483
2023-02-17,300750,volume_factor,0.8546720335384856,-0.03848136864307483
2023-02-17,600519,momentum,-0.03877866529245044,-0.019970513336013962
2023-02-17,600519,volatility,0.014199123105891609,-0.019970513336013962
2023-02-17,600519,volume_factor,-0.06035069390771941,-0.019970513336013962
2023-02-20,000001,momentum,-0.07226107226107226,-0.038525963149078635
2023-02-20,000001,volatility,0.020453359439553065,-0.038525963149078635
2023-02-20,000001,volume_factor,0.8740817518284376,-0.038525963149078635
2023-02-20,300750,momentum,-0.06371689177337314,-0.050395766006276044
2023-02-20,300750,volatility,0.02270442383972222,-0.050395766006276044
2023-02-20,300750,volume_factor,0.4537364834311495,-0.050395766006276044
2023-02-20,600519,momentum,-0.02186277789955804,-0.03809181194121403
2023-02-20,600519,volatility,0.015799732839062157,-0.03809181194121403
2023-02-20,600519,volume_factor,0.06790630039161494,-0.03809181194121403
2023-02-21,000001,momentum,-0.06818181818181812,-0.02691337258200166
2023-02-21,000001,volatility,0.0204204883834666,-0.02691337258200166
2023-02-21,000001,volume_factor,-0.12494350313431712,-0.02691337258200166
2023-02-21,300750,momentum,-0.07473184455776327,-0.02936145952109459
2023-02-21,300750,volatility,0.022839750266112804,-0.02936145952109459
2023-02-21,300750,volume_factor,0.12291214830214536,-0.02936145952109459
2023-02-21,600519,momentum,-0.02371806738245097,-0.03155886326467727
2023-02-21,600519,volatility,0.01581697568047,-0.03155886326467727
2023-02-21,600519,volume_factor,-0.32196709455794614,-0.03155886326467727
2023-02-22,000001,momentum,-0.0844961240310077,0.012701100762066098
2023-02-22,000001,volatility,0.020149779174671503,0.012701100762066098
2023-02-22,000001,volume_factor,-0.4335524691970961,0.012701100762066098
2023-02-22,300750,momentum,-0.09463942727431462,0.006171648987463918
2023-02-22,300750,volatility,0.02282129016332452,0.006171648987463918
2023-02-22,300750,volume_factor,0.0309766631658428,0.006171648987463918
2023-02-22,600519,momentum,-0.03326252888588033,0.0015271875603630747
2023-02-22,600519,volatility,0.016205618980582478,0.0015271875603630747
2023-02-22,600519,volume_factor,-0.21037143486439935,0.0015271875603630747
2023-02-23,000001,momentum,-0.08074534161490687,0.016047297297297147
2023-02-23,000001,volatility,0.02019895533243231,0.016047297297297147
2023-02-23,000001,volume_factor,-0.27490272421448547,0.016047297297297147
2023-02-23,300750,momentum,-0.08166754339821147,-0.03298486801279299
2023-02-23,300750,volatility,0.023060168787567982,-0.03298486801279299
2023-02-23,300750,volume_factor,-0.2120395446711688,-0.03298486801279299
2023-02-23,600519,momentum,-0.036575829732192644,0.00610262168627651
2023-02-23,600519,volatility,0.016288416114176352,0.00610262168627651
2023-02-23,600519,volume_factor,-0.20770963233323914,0.00610262168627651
2023-02-24,000001,momentum,-0.09829721362229094,0.036909871244635184
2023-02-24,000001,volatility,0.020297584578869758,0.036909871244635184
2023-02-24,000001,volume_factor,-0.3614212213510546,0.036909871244635184
2023-02-24,300750,momentum,-0.11206336839371511,-0.00833577069318503
2023-02-24,300750,volatility,0.022996459599559475,-0.00833577069318503
2023-02-24,300750,volume_factor,-0.1720324095428375,-0.00833577069318503
2023-02-24,600519,momentum,-0.04284651771635972,0.018674159538492052
2023-02-24,600519,volatility,0.016560364427357314,0.018674159538492052
2023-02-24,600519,volume_factor,-0.1064141580850747,0.018674159538492052
2023-02-27,000001,momentum,-0.1128284389489953,0.013937282229965264
2023-02-27,000001,volatility,0.020345660862504077,0.013937282229965264
2023-02-27,000001,volume_factor,-0.437847124054916,0.013937282229965264
2023-02-27,300750,momentum,-0.160072911056796,0.020073982737361273
2023-02-27,300750,volatility,0.019697913481104147,0.020073982737361273
2023-02-27,300750,volume_factor,-0.195920915857989,0.020073982737361273
2023-02-27,600519,momentum,-0.045410384867497045,-0.0020048435057171687
2023-02-27,600519,volatility,0.01640891750418254,-0.0020048435057171687
2023-02-27,600519,volume_factor,-0.17900118322059255,-0.0020048435057171687
2023-02-28,000001,momentum,-0.09467918622848193,-0.007778738115816752
2023-02-28,000001,volatility,0.020502271535890227,-0.007778738115816752
2023-02-28,000001,volume_factor,-0.43936761017597736,-0.007778738115816752
2023-02-28,300750,momentum,-0.142893102869609,-0.004601076847772889
2023-02-28,300750,volatility,0.01999463495580586,-0.004601076847772889
2023-02-28,300750,volume_factor,-0.17022784891242093,-0.004601076847772889
2023-02-28,600519,momentum,-0.01921507441190584,-0.01556553555476703
2023-02-28,600519,volatility,0.015543536406471038,-0.01556553555476703
2023-02-28,600519,volume_factor,-0.09354617135655852,-0.01556553555476703
2023-03-01,000001,momentum,-0.04243394715772608,-0.053511705685618804
2023-03-01,000001,volatility,0.021747723876149316,-0.053511705685618804
2023-03-01,000001,volume_factor,0.15107580651383,-0.053511705685618804
2023-03-01,300750,momentum,-0.14754901960784317,-0.037377803335250204
2023-03-01,300750,volatility,0.019521209421875425,-0.037377803335250204
2023-03-01,300750,volume_factor,0.11613736053264967,-0.037377803335250204
2023-03-01,600519,momentum,-0.0038664513301431835,-0.0410506458048302
2023-03-01,600519,volatility,0.01595190209667536,-0.0410506458048302
2023-03-01,600519,volume_factor,-0.05742435366048704,-0.0410506458048302
2023-03-02,000001,momentum,-0.029055690072639306,-0.08645054031587696
2023-03-02,000001,volatility,0.021765228231357233,-0.08645054031587696
2023-03-02,000001,volume_factor,-0.018263713827492145,-0.08645054031587696
2023-03-02,300750,momentum,-0.15188813530938627,-0.01036627505183152
2023-03-02,300750,volatility,0.01977209752441408,-0.01036627505183152
2023-03-02,300750,volume_factor,0.4131300051071294,-0.01036627505183152
2023-03-02,600519,momentum,-0.004895125999698102,-0.035168381211180155
2023-03-02,600519,volatility,0.015971322315392087,-0.035168381211180155
2023-03-02,600519,volume_factor,-0.4766953454391992,-0.035168381211180155
2023-03-03,000001,momentum,-0.002477291494632494,-0.09519867549668881
2023-03-03,000001,volatility,0.021199016623096728,-0.09519867549668881
2023-03-03,000001,volume_factor,-0.3138520546682815,-0.09519867549668881
2023-03-03,300750,momentum,-0.12825677065478236,0.009438135968146133
2023-03-03,300750,volatility,0.019620810343806763,0.009438135968146133
2023-03-03,300750,volume_factor,-0.2698204437101891,0.009438135968146133
2023-03-03,600519,momentum,2.441048674506341e-05,-0.041521224400126955
2023-03-03,600519,volatility,0.01583403308311082,-0.041521224400126955
2023-03-03,600519,volume_factor,-0.33010614165868835,-0.041521224400126955
2023-03-06,000001,momentum,-0.012722646310432406,-0.06872852233676985
2023-03-06,000001,volatility,0.021961354344461326,-0.06872852233676985
2023-03-06,000001,volume_factor,0.43584408595946544,-0.06872852233676985
2023-03-06,300750,momentum,-0.1017589576547232,-0.04414466686007157
2023-03-06,300750,volatility,0.020220919855434668,-0.04414466686007157
2023-03-06,300750,volume_factor,0.4422820858688157,-0.04414466686007157
2023-03-06,600519,momentum,0.007514050159688868,-0.027731020162429787
2023-03-06,600519,volatility,0.015570480480315693,-0.027731020162429787
2023-03-06,600519,volume_factor,-0.10542826441124475,-0.027731020162429787
2023-03-07,000001,momentum,-0.043333333333333335,-0.0714285714285714
2023-03-07,000001,volatility,0.02171519823632408,-0.0714285714285714
2023-03-07,000001,volume_factor,0.2367162816435413,-0.0714285714285714
2023-03-07,300750,momentum,-0.11142182993970107,-0.040912667191188135
2023-03-07,300750,volatility,0.02038613858671361,-0.040912667191188135
2023-03-07,300750,volume_factor,-0.149614049407506,-0.040912667191188135
2023-03-07,600519,momentum,-0.005378205286713955,-0.013860056931893072
2023-03-07,600519,volatility,0.01579990346445389,-0.013860056931893072
2023-03-07,600519,volume_factor,-0.009449034555164992,-0.013860056931893072
2023-03-08,000001,momentum,-0.04311073541842769,-0.042402826855123754
2023-03-08,000001,volatility,0.021708489367142526,-0.042402826855123754
2023-03-08,000001,volume_factor,0.03837945108733032,-0.042402826855123754
2023-03-08,300750,momentum,-0.1203748303192188,-0.02693150139386702
2023-03-08,300750,volatility,0.020417961525815317,-0.02693150139386702
2023-03-08,300750,volume_factor,-0.3053804518949005,-0.02693150139386702
2023-03-08,600519,momentum,-0.008462957423472028,-0.012255980289869628
2023-03-08,600519,volatility,0.015895394864054297,-0.012255980289869628
2023-03-08,600519,volume_factor,-0.023287245111394794,-0.012255980289869628
2023-03-09,000001,momentum,-0.07802013422818788,-0.034576888080072865
2023-03-09,000001,volatility,0.02239908692952185,-0.034576888080072865
2023-03-09,000001,volume_factor,0.5758893955873483,-0.034576888080072865
2023-03-09,300750,momentum,-0.134294844114345,-0.032970869912210654
2023-03-09,300750,volatility,0.01988881940925473,-0.032970869912210654
2023-03-09,300750,volume_factor,-0.30506932908576134,-0.032970869912210654
2023-03-09,600519,momentum,-0.029280378850754296,-0.011334917581381276
2023-03-09,600519,volatility,0.015071110685359336,-0.011334917581381276
2023-03-09,600519,volume_factor,0.19019036925126032,-0.011334917581381276
2023-03-10,000001,momentum,-0.0713678844519966,-0.03568161024702654
2023-03-10,000001,volatility,0.02230882856215446,-0.03568161024702654
2023-03-10,000001,volume_factor,-0.22241629140743313,-0.03568161024702654
2023-03-10,300750,momentum,-0.09803663196732115,-0.08064280496712928
2023-03-10,300750,volatility,0.02091589548911801,-0.08064280496712928
2023-03-10,300750,volume_factor,0.56318568923941,-0.08064280496712928
2023-03-10,600519,momentum,-0.03679536868959432,-0.0050934650842968665
2023-03-10,600519,volatility,0.015262627134775702,-0.0050934650842968665
2023-03-10,600519,volume_factor,-0.09407516337770705,-0.0050934650842968665
2023-03-13,000001,momentum,-0.06632213608957793,-0.04428044280442811
2023-03-13,000001,volatility,0.02221270833575521,-0.04428044280442811
2023-03-13,000001,volume_factor,-0.05792091472811367,-0.04428044280442811
2023-03-13,300750,momentum,-0.1604450673121841,-0.033840861955587
2023-03-13,300750,volatility,0.019956774362535512,-0.033840861955587
2023-03-13,300750,volume_factor,0.5046548091038918,-0.033840861955587
2023-03-13,600519,momentum,-0.05626151616885011,-0.020472122529444525
2023-03-13,600519,volatility,0.013729640481677572,-0.020472122529444525
2023-03-13,600519,volume_factor,-0.08537263502542358,-0.020472122529444525
2023-03-14,000001,momentum,-0.09276595744680849,-0.015947467166979368
2023-03-14,000001,volatility,0.022101174590333065,-0.015947467166979368
2023-03-14,000001,volume_factor,0.06979060862311504,-0.015947467166979368
2023-03-14,300750,momentum,-0.15383947939262477,0.018662838392124792
2023-03-14,300750,volatility,0.019774471111864488,0.018662838392124792
2023-03-14,300750,volume_factor,0.44408898263705776,0.018662838392124792
2023-03-14,600519,momentum,-0.046736720679151356,0.005672364241415817
2023-03-14,600519,volatility,0.01373234633928658,0.005672364241415817
2023-03-14,600519,volume_factor,0.04491526731185025,0.005672364241415817
2023-03-15,000001,momentum,-0.054101221640488695,-0.023985239852398532
2023-03-15,000001,volatility,0.02207058351056039,-0.023985239852398532
2023-03-15,000001,volume_factor,-0.07656738976907684,-0.023985239852398532
2023-03-15,300750,momentum,-0.14694073492188175,0.03182073975546129
2023-03-15,300750,volatility,0.019905168414127657,0.03182073975546129
2023-03-15,300750,volume_factor,-0.007021059349563319,0.03182073975546129
2023-03-15,600519,momentum,-0.054211501889699476,0.014272442668431307
2023-03-15,600519,volatility,0.013824846665710759,0.014272442668431307
2023-03-15,600519,volume_factor,-0.15502125310880321,0.014272442668431307
2023-03-16,000001,momentum,-0.0684811237928008,0.007540056550424223
2023-03-16,000001,volatility,0.02245407080852569,0.007540056550424223
2023-03-16,000001,volume_factor,-0.12054310007137492,0.007540056550424223
2023-03-16,300750,momentum,-0.14269921287697884,0.03801516480115552
2023-03-16,300750,volatility,0.019865715293604976,0.03801516480115552
2023-03-16,300750,volume_factor,-0.2257007449602254,0.03801516480115552
2023-03-16,600519,momentum,-0.06527941228914802,0.01454251794764172
2023-03-16,600519,volatility,0.013385069768780886,0.01454251794764172
2023-03-16,600519,volume_factor,-0.19636940775166967,0.01454251794764172
2023-03-17,000001,momentum,-0.060606060606060774,0.006641366223908873
2023-03-17,000001,volatility,0.022303956482365106,0.006641366223908873
2023-03-17,000001,volume_factor,0.4490416032131055,0.006641366223908873
2023-03-17,300750,momentum,-0.1151160065619874,0.0518035912919117
2023-03-17,300750,volatility,0.016849240259490625,0.0518035912919117
2023-03-17,300750,volume_factor,0.5502058314617593,0.0518035912919117
2023-03-17,600519,momentum,-0.047995028694666764,0.023434700250857476
2023-03-17,600519,volatility,0.012463918883963919,0.023434700250857476
2023-03-17,600519,volume_factor,0.22905282020844275,0.023434700250857476
2023-03-20,000001,momentum,-0.13232830820770525,0.0028957528957529455
2023-03-20,000001,volatility,0.01593753839224268,0.0028957528957529455
2023-03-20,000001,volume_factor,0.15642882309464667,0.0028957528957529455
2023-03-20,300750,momentum,-0.10542831717483958,0.048115183246073334
2023-03-20,300750,volatility,0.017252192139061883,0.048115183246073334
2023-03-20,300750,volume_factor,0.22338687437283755,0.048115183246073334
2023-03-20,600519,momentum,-0.08574933358495918,0.024634895242027
2023-03-20,600519,volatility,0.009302801717945123,0.024634895242027
2023-03-20,600519,volume_factor,-0.0481676146590827,0.024634895242027
2023-03-21,000001,momentum,-0.11774600504625743,-0.0057197330791229906
2023-03-21,000001,volatility,0.01651902283825456,-0.0057197330791229906
2023-03-21,000001,volume_factor,-0.17616102244486287,-0.0057197330791229906
2023-03-21,300750,momentum,-0.056062333713416845,-0.003271592510569743
2023-03-21,300750,volatility,0.019883201534484703,-0.003271592510569743
2023-03-21,300750,volume_factor,0.3149514090611836,-0.003271592510569743
2023-03-21,600519,momentum,-0.05451399587589767,0.004261612895139155
2023-03-21,600519,volatility,0.011972008971233487,0.004261612895139155
2023-03-21,600519,volume_factor,0.40611807201715777,0.004261612895139155
2023-03-22,000001,momentum,-0.10414902624894162,-0.02457466918714557
2023-03-22,000001,volatility,0.016840590191330176,-0.02457466918714557
2023-03-22,000001,volume_factor,-0.15082815445710107,-0.02457466918714557
2023-03-22,300750,momentum,-0.02753134040501448,0.002726957211562464
2023-03-22,300750,volatility,0.0200564183216531,0.002726957211562464
2023-03-22,300750,volume_factor,0.3182909591097407,0.002726957211562464
2023-03-22,600519,momentum,-0.037817510141008315,0.010445485856247494
2023-03-22,600519,volatility,0.011393833352220549,0.010445485856247494
2023-03-22,600519,volume_factor,-0.2974512558116088,0.010445485856247494
2023-03-23,000001,momentum,-0.0971283783783784,-0.020579981290925975
2023-03-23,000001,volatility,0.01712356573161914,-0.020579981290925975
2023-03-23,000001,volume_factor,-0.22017867402858537,-0.020579981290925975
2023-03-23,300750,momentum,-0.03938135471860227,0.004770423375074495
2023-03-23,300750,volatility,0.019880115269180626,0.004770423375074495
2023-03-23,300750,volume_factor,-0.25387675117333863,0.004770423375074495
2023-03-23,600519,momentum,-0.026326709954596517,0.01575681604512691
2023-03-23,600519,volatility,0.011207331511001988,0.01575681604512691
2023-03-23,600519,volume_factor,-0.19626938590276133,0.01575681604512691
2023-03-24,000001,momentum,-0.08927038626609451,-0.027332704995287394
2023-03-24,000001,volatility,0.0169376900174488,-0.027332704995287394
2023-03-24,000001,volume_factor,-0.3942158200259013,-0.027332704995287394
2023-03-24,300750,momentum,-0.0320269084527639,0.03489953165130677
2023-03-24,300750,volatility,0.01957238447683837,0.03489953165130677
2023-03-24,300750,volume_factor,-0.13043767470255296,0.03489953165130677
2023-03-24,600519,momentum,-0.005831012532325541,0.025874466940960295
2023-03-24,600519,volatility,0.0104834470898062,0.025874466940960295
2023-03-24,600519,volume_factor,-0.3919351651465046,0.025874466940960295
2023-03-27,000001,momentum,-0.09494773519163757,0.00673724735322434
2023-03-27,000001,volatility,0.017183709118951434,0.00673724735322434
2023-03-27,000001,volume_factor,-0.03530040447812133,0.00673724735322434
2023-03-27,300750,momentum,-0.012626387176325582,0.0061441630451071205
2023-03-27,300750,volatility,0.019529882299619553,0.0061441630451071205
2023-03-27,300750,volume_factor,0.16150068162677989,0.0061441630451071205
2023-03-27,600519,momentum,-0.026130406793170025,0.02158105802584931
2023-03-27,600519,volatility,0.010022459392713241,0.02158105802584931
2023-03-27,600519,volume_factor,-0.25972530078499323,0.02158105802584931
2023-03-28,000001,momentum,-0.09853068280034571,0.0009587727708533222
2023-03-28,000001,volatility,0.017051467859212247,0.0009587727708533222
2023-03-28,000001,volume_factor,-0.357375687201518,0.0009587727708533222
2023-03-28,300750,momentum,-0.03069016152716597,-0.012927334242286537
2023-03-28,300750,volatility,0.019562529475430156,-0.012927334242286537
2023-03-28,300750,volume_factor,-0.4494885870381128,-0.012927334242286537
2023-03-28,600519,momentum,-0.01954257883723498,0.020462544619455292
2023-03-28,600519,volatility,0.010252512110806576,0.020462544619455292
2023-03-28,600519,volume_factor,-0.1508777280654071,0.020462544619455292
2023-03-29,000001,momentum,-0.137123745819398,0.004844961240309864
2023-03-29,000001,volatility,0.014429095842046038,0.004844961240309864
2023-03-29,000001,volume_factor,-0.4140434573818911,0.004844961240309864
2023-03-29,300750,momentum,-0.03086064788192444,-0.033425632911392444
2023-03-29,300750,volatility,0.019551540191864187,-0.033425632911392444
2023-03-29,300750,volume_factor,-0.006594009779068211,-0.033425632911392444
2023-03-29,600519,momentum,-0.029249564541306783,0.0043212635970792945
2023-03-29,600519,volatility,0.009650217279251378,0.0043212635970792945
2023-03-29,600519,volume_factor,-0.22550164026807817,0.0043212635970792945
2023-03-30,000001,momentum,-0.12967581047381538,-0.005730659025788065
2023-03-30,000001,volatility,0.014964622813780018,-0.005730659025788065
2023-03-30,000001,volume_factor,-0.1817406457060725,-0.005730659025788065
2023-03-30,300750,momentum,-0.0018758021522362611,-0.026360039564787274
2023-03-30,300750,volatility,0.018420254707076346,-0.026360039564787274
2023-03-30,300750,volume_factor,-0.35559459738301,-0.026360039564787274
2023-03-30,600519,momentum,-0.016983695652173947,-0.005559532036726211
2023-03-30,600519,volatility,0.009722294250415417,-0.005559532036726211
2023-03-30,600519,volume_factor,-0.04575963370489755,-0.005559532036726211
2023-03-31,000001,momentum,-0.14569536423841056,0.014534883720930258
2023-03-31,000001,volatility,0.014821568984390176,0.014534883720930258
2023-03-31,000001,volume_factor,-0.14848129423381717,0.014534883720930258
2023-03-31,300750,momentum,0.010175490340657678,-0.010948905109489093
2023-03-31,300750,volatility,0.01875967836463955,-0.010948905109489093
2023-03-31,300750,volume_factor,0.3962588358361898,-0.010948905109489093
2023-03-31,600519,momentum,0.0011960846535015168,-0.02943973083674678
2023-03-31,600519,volatility,0.01006472752441982,-0.02943973083674678
2023-03-31,600519,volume_factor,0.3231547256042444,-0.02943973083674678
2023-04-03,000001,momentum,-0.10137457044673537,-0.012428298279158811
2023-04-03,000001,volatility,0.013916795097497306,-0.012428298279158811
2023-04-03,000001,volume_factor,-0.2449533728021116,-0.012428298279158811
2023-04-03,300750,momentum,-0.026109660574412552,0.0034256776884125095
2023-04-03,300750,volatility,0.01889802196191432,0.0034256776884125095
2023-04-03,300750,volume_factor,0.1931290027317154,0.0034256776884125095
2023-04-03,600519,momentum,-0.0031146715158067995,-0.03486143549987364
2023-04-03,600519,volatility,0.010259455140512425,-0.03486143549987364
2023-04-03,600519,volume_factor,0.030585042393678874,-0.03486143549987364
2023-04-04,000001,momentum,-0.09059233449477355,-0.016283524904214586
2023-04-04,000001,volatility,0.013786994408388365,-0.016283524904214586
2023-04-04,000001,volume_factor,-0.31778384829497597,-0.016283524904214586
2023-04-04,300750,momentum,-0.03879819040125887,0.01140840026602552
2023-04-04,300750,volatility,0.019655698256033624,0.01140840026602552
2023-04-04,300750,volume_factor,0.3799439428039382,0.01140840026602552
2023-04-04,600519,momentum,0.016339950526433444,-0.07368382429383025
2023-04-04,600519,volatility,0.010028745479503817,-0.07368382429383025
2023-04-04,600519,volume_factor,-0.028066716879506126,-0.07368382429383025
2023-04-06,000001,momentum,-0.08392226148409898,-0.0019286403085824189
2023-04-06,000001,volatility,0.013624363317056302,-0.0019286403085824189
2023-04-06,000001,volume_factor,-0.38926839401247315,-0.0019286403085824189
2023-04-06,300750,momentum,-0.026881720430107503,0.0007161857990587439
2023-04-06,300750,volatility,0.019504768935785944,0.0007161857990587439
2023-04-06,300750,volume_factor,-0.27922945067265714,0.0007161857990587439
2023-04-06,600519,momentum,0.0166807034304175,-0.04572205736894153
2023-04-06,600519,volatility,0.010008168819327699,-0.04572205736894153
2023-04-06,600519,volume_factor,-0.2655159387584286,-0.04572205736894153
2023-04-07,000001,momentum,-0.05277525022747953,0.00672430355427478
2023-04-07,000001,volatility,0.012397509721945053,0.00672430355427478
2023-04-07,000001,volume_factor,-0.2979787376793349,0.00672430355427478
2023-04-07,300750,momentum,-0.01800678371907416,0.019098897749784127
2023-04-07,300750,volatility,0.01959086023794365,0.019098897749784127
2023-04-07,300750,volume_factor,-0.3193420191141315,0.019098897749784127
2023-04-07,600519,momentum,0.013183206970691419,-0.04813139492315244
2023-04-07,600519,volatility,0.01005796014032515,-0.04813139492315244
2023-04-07,600519,volume_factor,-0.30806380649320086,-0.04813139492315244
2023-04-10,000001,momentum,-0.042086001829826136,0.02387774594078329
2023-04-10,000001,volatility,0.012516324704029252,0.02387774594078329
2023-04-10,000001,volume_factor,-0.2513569098998729,0.02387774594078329
2023-04-10,300750,momentum,-0.010226442658875068,0.01608856088560895
2023-04-10,300750,volatility,0.02021054747624705,0.01608856088560895
2023-04-10,300750,volume_factor,0.17410070570414105,0.01608856088560895
2023-04-10,600519,momentum,0.013816024041155117,-0.011743723074217671
2023-04-10,600519,volatility,0.010015932224590442,-0.011743723074217671
2023-04-10,600519,volume_factor,0.47388830854557606,-0.011743723074217671
2023-04-11,000001,momentum,-0.04704797047970477,0.04453049370764761
2023-04-11,000001,volatility,0.012700779808692773,0.04453049370764761
2023-04-11,000001,volume_factor,-0.07843825984811137,0.04453049370764761
2023-04-11,300750,momentum,0.022358237644797496,0.02488743753401601
2023-04-11,300750,volatility,0.01831151842268562,0.02488743753401601
2023-04-11,300750,volume_factor,-0.006373091988799651,0.02488743753401601
2023-04-11,600519,momentum,-0.010425617954809674,0.007981406515381817
2023-04-11,600519,volatility,0.010574893200118927,0.007981406515381817
2023-04-11,600519,volume_factor,0.43238246558682625,0.007981406515381817
2023-04-12,000001,momentum,-0.03658536585365857,0.036027263875365145
2023-04-12,000001,volatility,0.012284720102809104,0.036027263875365145
2023-04-12,000001,volume_factor,0.09366624344189911,0.036027263875365145
2023-04-12,300750,momentum,0.013638228055783408,0.05159332321699561
2023-04-12,300750,volatility,0.018757569019868,0.05159332321699561
2023-04-12,300750,volume_factor,-0.37465665596238507,0.05159332321699561
2023-04-12,600519,momentum,-0.04531588766197758,0.042845636874975224
2023-04-12,600519,volatility,0.012772711572418645,0.042845636874975224
2023-04-12,600519,volume_factor,1.3483703169300476,0.042845636874975224
2023-04-13,000001,momentum,-0.045202952029520294,0.018357487922705307
2023-04-13,000001,volatility,0.011711959495814685,0.018357487922705307
2023-04-13,000001,volume_factor,0.34771655447019745,0.018357487922705307
2023-04-13,300750,momentum,0.0007673811838133648,0.021981392495654672
2023-04-13,300750,volatility,0.01892408023472031,0.021981392495654672
2023-04-13,300750,volume_factor,-0.27331382753644684,0.021981392495654672
2023-04-13,600519,momentum,-0.01776578686146235,0.012230831022777222
2023-04-13,600519,volatility,0.013495606479099498,0.012230831022777222
2023-04-13,600519,volume_factor,0.3260826630278655,0.012230831022777222
2023-04-14,000001,momentum,-0.012252591894439169,-0.018129770992366567
2023-04-14,000001,volatility,0.011258688515329558,-0.018129770992366567
2023-04-14,000001,volume_factor,0.5115886776680778,-0.018129770992366567
2023-04-14,300750,momentum,0.03486872646618866,0.021332801674724733
2023-04-14,300750,volatility,0.01963088820654813,0.021332801674724733
2023-04-14,300750,volume_factor,0.12810231324131838,0.021332801674724733
2023-04-14,600519,momentum,-0.024525794369940956,0.007854973077976002
2023-04-14,600519,volatility,0.013543362601002841,0.007854973077976002
2023-04-14,600519,volume_factor,-0.054578162501057514,0.007854973077976002
2023-04-17,000001,momentum,0.01707779886148031,-0.0774253731343284
2023-04-17,000001,volatility,0.01230876517051941,-0.0774253731343284
2023-04-17,000001,volume_factor,0.5415029456631537,-0.0774253731343284
2023-04-17,300750,momentum,0.09391387255680916,-0.029633933759442233
2023-04-17,300750,volatility,0.01937459140367678,-0.029633933759442233
2023-04-17,300750,volume_factor,0.26243263719141763,-0.029633933759442233
2023-04-17,600519,momentum,0.007039369272513252,-0.030502529168043524
2023-04-17,600519,volatility,0.014748508673801697,-0.030502529168043524
2023-04-17,600519,volume_factor,0.3463161569428057,-0.030502529168043524
2023-04-18,000001,momentum,0.04150579150579148,-0.06672845227062085
2023-04-18,000001,volatility,0.011603850539524063,-0.06672845227062085
2023-04-18,000001,volume_factor,0.7820590145452286,-0.06672845227062085
2023-04-18,300750,momentum,0.08450261780104706,-0.06198706189050873
2023-04-18,300750,volatility,0.019305990657472037,-0.06198706189050873
2023-04-18,300750,volume_factor,0.01135940644089306,-0.06198706189050873
2023-04-18,600519,momentum,0.018319744039632546,-0.017496072568793486
2023-04-18,600519,volatility,0.014624622442185967,-0.017496072568793486
2023-04-18,600519,volume_factor,-0.18680523332615484,-0.017496072568793486
2023-04-19,000001,momentum,0.014299332697807365,-0.06860902255639101
2023-04-19,000001,volatility,0.011854860455517582,-0.06860902255639101
2023-04-19,000001,volume_factor,0.1629393103106711,-0.06860902255639101
2023-04-19,300750,momentum,0.04640628145762027,-0.010052910052910091
2023-04-19,300750,volatility,0.017353136705327833,-0.010052910052910091
2023-04-19,300750,volume_factor,-0.14660870874123244,-0.010052910052910091
2023-04-19,600519,momentum,-0.010027324459151221,-0.009552809500898984
2023-04-19,600519,volatility,0.013024811660066755,-0.009552809500898984
2023-04-19,600519,volume_factor,-0.326956762238407,-0.009552809500898984
2023-04-20,000001,momentum,-0.003780718336483968,-0.046489563567362335
2023-04-20,000001,volatility,0.01191353292764285,-0.046489563567362335
2023-04-20,000001,volume_factor,-0.0658456773348981,-0.046489563567362335
2023-04-20,300750,momentum,-0.008775844117209664,0.06197478991596639
2023-04-20,300750,volatility,0.019304196074465787,0.06197478991596639
2023-04-20,300750,volume_factor,0.1712804961667136,0.06197478991596639
2023-04-20,600519,momentum,-0.019742909303069656,0.010265468602001837
2023-04-20,600519,volatility,0.013231862508197032,0.010265468602001837
2023-04-20,600519,volume_factor,-0.09291000946548522,0.010265468602001837
2023-04-21,000001,momentum,-0.03741814780168384,0.004859086491739717
2023-04-21,000001,volatility,0.01274175785229504,0.004859086491739717
2023-04-21,000001,volume_factor,0.050234498998572796,0.004859086491739717
2023-04-21,300750,momentum,0.01823693102762869,0.03538138695036852
2023-04-21,300750,volatility,0.020099443929615428,0.03538138695036852
2023-04-21,300750,volume_factor,0.7688809637447986,0.03538138695036852
2023-04-21,600519,momentum,-0.03095581322469454,0.022669797103699096
2023-04-21,600519,volatility,0.01339382745512842,0.022669797103699096
2023-04-21,600519,volume_factor,-0.1575010748480995,0.022669797103699096
2023-04-24,000001,momentum,-0.06786050895381701,0.06370070778564196
2023-04-24,000001,volatility,0.015175755468372094,0.06370070778564196
2023-04-24,000001,volume_factor,0.6004550321024016,0.06370070778564196
2023-04-24,300750,momentum,0.009215893639522577,0.032085828343313416
2023-04-24,300750,volatility,0.020518928502669523,0.032085828343313416
2023-04-24,300750,volume_factor,0.1926946474795752,0.032085828343313416
2023-04-24,600519,momentum,-0.04603379062816548,0.029430271885896975
2023-04-24,600519,volatility,0.013610621767594361,0.029430271885896975
2023-04-24,600519,volume_factor,-0.09492728012920026,0.029430271885896975
2023-04-25,000001,momentum,-0.030798845043310874,0.06256206554121135
2023-04-25,000001,volatility,0.015331111310841817,0.06256206554121135
2023-04-25,000001,volume_factor,0.3973270492482006,0.06256206554121135
2023-04-25,300750,momentum,-0.02942204905339918,0.07210499227997946
2023-04-25,300750,volatility,0.021564925394025415,0.07210499227997946
2023-04-25,300750,volume_factor,0.1567438620989423,0.07210499227997946
2023-04-25,600519,momentum,-0.02355155719798796,0.012649740170984414
2023-04-25,600519,volatility,0.014196509914678102,0.012649740170984414
2023-04-25,600519,volume_factor,-0.08994241121268054,0.012649740170984414
2023-04-26,000001,momentum,-0.04985618408437198,0.12108980827447025
2023-04-26,000001,volatility,0.015604834930754747,0.12108980827447025
2023-04-26,000001,volume_factor,0.04609885574033368,0.12108980827447025
2023-04-26,300750,momentum,0.03928697672069892,0.030659345998736764
2023-04-26,300750,volatility,0.025299693165831534,0.030659345998736764
2023-04-26,300750,volume_factor,1.4488324605747689,0.030659345998736764
2023-04-26,600519,momentum,-0.023645191083597528,-0.014949985618867956
2023-04-26,600519,volatility,0.014192969988625416,-0.014949985618867956
2023-04-26,600519,volume_factor,0.2049004700027648,-0.014949985618867956
2023-04-27,000001,momentum,-0.026162790697674354,0.08955223880596996
2023-04-27,000001,volatility,0.01590248991117158,0.08955223880596996
2023-04-27,000001,volume_factor,0.03730844629719332,0.08955223880596996
2023-04-27,300750,momentum,0.04979232594936711,-0.024351184588573438
2023-04-27,300750,volatility,0.025808532331585077,-0.024351184588573438
2023-04-27,300750,volume_factor,0.9720131583263161,-0.024351184588573438
2023-04-27,600519,momentum,-0.01991754830378001,-0.02275491587269396
2023-04-27,600519,volatility,0.014306922654769388,-0.02275491587269396
2023-04-27,600519,volume_factor,0.0822336999247657,-0.02275491587269396
2023-04-28,000001,momentum,-0.012416427889207382,0.028046421663443066
2023-04-28,000001,volatility,0.01693720126036032,0.028046421663443066
2023-04-28,000001,volume_factor,0.4466795580364893,0.028046421663443066
2023-04-28,300750,momentum,0.049258160237388715,0.00787141779788847
2023-04-28,300750,volatility,0.025811837670778354,0.00787141779788847
2023-04-28,300750,volume_factor,0.49364569063093433,0.00787141779788847
2023-04-28,600519,momentum,-0.024360746371803743,-0.022464519719699427
2023-04-28,600519,volatility,0.014223614784411474,-0.022464519719699427
2023-04-28,600519,volume_factor,0.09235331850481932,-0.022464519719699427
2023-05-04,000001,momentum,0.019379844961240345,0.011406844106463865
2023-05-04,000001,volatility,0.01705856110576807,0.011406844106463865
2023-05-04,000001,volume_factor,0.4356911628109348,0.011406844106463865
2023-05-04,300750,momentum,0.006472019464720313,0.07194314171058358
2023-05-04,300750,volatility,0.026321131966333428,0.07194314171058358
2023-05-04,300750,volume_factor,0.07014930681048459,0.07194314171058358
2023-05-04,600519,momentum,-0.04272722839867382,-0.020903638239076927
2023-05-04,600519,volatility,0.013908100394109673,-0.020903638239076927
2023-05-04,600519,volume_factor,0.14399720102629043,-0.020903638239076927
2023-05-05,000001,momentum,0.022944550669215857,-0.027102803738317638
2023-05-05,000001,volatility,0.01721260925192716,-0.027102803738317638
2023-05-05,000001,volume_factor,0.6305374496688014,-0.027102803738317638
2023-05-05,300750,momentum,0.03420712938139214,0.05270990350919291
2023-05-05,300750,volatility,0.025903377365258325,0.05270990350919291
2023-05-05,300750,volume_factor,-0.0769090798811185,0.05270990350919291
2023-05-05,600519,momentum,-0.032088296738172484,-0.027759384709417856
2023-05-05,600519,volatility,0.013756761803727318,-0.027759384709417856
2023-05-05,600519,volume_factor,-0.1359680315679923,-0.027759384709417856
2023-05-08,000001,momentum,0.06417624521072796,-0.04410441044104407
2023-05-08,000001,volatility,0.01907076749341617,-0.04410441044104407
2023-05-08,000001,volume_factor,1.2296037059954776,-0.04410441044104407
2023-05-08,300750,momentum,0.08517931140328439,0.035263058646049394
2023-05-08,300750,volatility,0.0250314919195236,0.035263058646049394
2023-05-08,300750,volume_factor,0.24545743661211672,0.035263058646049394
2023-05-08,600519,momentum,-0.057527075701888974,-0.0027381972021075507
2023-05-08,600519,volatility,0.014089700281985274,-0.0027381972021075507
2023-05-08,600519,volume_factor,0.34683237984644055,-0.0027381972021075507
2023-05-09,000001,momentum,0.055930568948891146,-0.04931506849315059
2023-05-09,000001,volatility,0.019358501987306553,-0.04931506849315059
2023-05-09,000001,volume_factor,0.9032136912875164,-0.04931506849315059
2023-05-09,300750,momentum,0.05964804583589123,0.06358018731292847
2023-05-09,300750,volatility,0.02578766762355813,0.06358018731292847
2023-05-09,300750,volume_factor,0.04974341006106031,0.06358018731292847
2023-05-09,600519,momentum,-0.04634025717111756,-0.012128558834206271
2023-05-09,600519,volatility,0.01398666816319596,-0.012128558834206271
2023-05-09,600519,volume_factor,0.15870805905159324,-0.012128558834206271
2023-05-10,000001,momentum,0.0211335254562921,-0.03292568203198509
2023-05-10,000001,volatility,0.020643305674249594,-0.03292568203198509
2023-05-10,000001,volume_factor,-0.05157344852171597,-0.03292568203198509
2023-05-10,300750,momentum,0.08614821963732422,0.0349810597203386
2023-05-10,300750,volatility,0.02659041444405951,0.0349810597203386
2023-05-10,300750,volume_factor,0.4723236378547968,0.0349810597203386
2023-05-10,600519,momentum,-0.04094612286939314,-0.015527548458890816
2023-05-10,600519,volatility,0.01401341778254349,-0.015527548458890816
2023-05-10,600519,volume_factor,-0.19223066902572283,-0.015527548458890816
2023-05-11,000001,momentum,0.01623686723973261,-0.03383458646616555
2023-05-11,000001,volatility,0.020615941386631635,-0.03383458646616555
2023-05-11,000001,volume_factor,-0.3140357517226847,-0.03383458646616555
2023-05-11,300750,momentum,0.09082410824108256,-0.03608317171079334
2023-05-11,300750,volatility,0.026853420746044288,-0.03608317171079334
2023-05-11,300750,volume_factor,0.6914562654037479,-0.03608317171079334
2023-05-11,600519,momentum,-0.034307999547835144,-0.016953781922469102
2023-05-11,600519,volatility,0.013839580081692098,-0.016953781922469102
2023-05-11,600519,volume_factor,-0.39035264856305407,-0.016953781922469102
2023-05-12,000001,momentum,0.007744433688286589,-0.026897214217098897
2023-05-12,000001,volatility,0.020997517557439338,-0.026897214217098897
2023-05-12,000001,volume_factor,-0.33055424392940513,-0.026897214217098897
2023-05-12,300750,momentum,0.08500321607045658,-0.03639016827032693
2023-05-12,300750,volatility,0.026986479614001153,-0.03639016827032693
2023-05-12,300750,volume_factor,0.06542120789920758,-0.03639016827032693
2023-05-12,600519,momentum,-0.024965839580114224,-0.004518545683151576
2023-05-12,600519,volatility,0.013462408816458358,-0.004518545683151576
2023-05-12,600519,volume_factor,-0.20637671820867887,-0.004518545683151576
2023-05-15,000001,momentum,0.03407984420642651,-0.04237288135593209
2023-05-15,000001,volatility,0.02138067837502564,-0.04237288135593209
2023-05-15,000001,volume_factor,-0.29874669306723667,-0.04237288135593209
2023-05-15,300750,momentum,0.11077389984825503,-0.03638433515482686
2023-05-15,300750,volatility,0.026288022212064183,-0.03638433515482686
2023-05-15,300750,volume_factor,0.22290544273398916,-0.03638433515482686
2023-05-15,600519,momentum,0.01465598056432138,0.01932411154631941
2023-05-15,600519,volatility,0.011294357610155598,0.01932411154631941
2023-05-15,600519,volume_factor,0.10699202656092766,0.01932411154631941
2023-05-16,000001,momentum,0.005797101449275477,-0.03938520653218058
2023-05-16,000001,volatility,0.021863597098808613,-0.03938520653218058
2023-05-16,000001,volume_factor,-0.24207149955014462,-0.03938520653218058
2023-05-16,300750,momentum,0.12621408853900418,-0.0616404157777678
2023-05-16,300750,volatility,0.026022865166714898,-0.0616404157777678
2023-05-16,300750,volume_factor,-0.365825510342776,-0.0616404157777678
2023-05-16,600519,momentum,-0.01276852115778293,0.013950772017087498
2023-05-16,600519,volatility,0.010604883353217335,0.013950772017087498
2023-05-16,600519,volume_factor,-0.028936588563001853,0.013950772017087498
2023-05-17,000001,momentum,-0.019083969465648942,-0.046692607003890885
2023-05-17,000001,volatility,0.021854789070163645,-0.046692607003890885
2023-05-17,000001,volume_factor,-0.4150118918819189,-0.046692607003890885
2023-05-17,300750,momentum,0.10307531276479098,-0.06664859247209798
2023-05-17,300750,volatility,0.02562252637158815,-0.06664859247209798
2023-05-17,300750,volume_factor,-0.17627492654985666,-0.06664859247209798
2023-05-17,600519,momentum,-0.0080961631226939,0.006506138114140025
2023-05-17,600519,volatility,0.010525621115570557,0.006506138114140025
2023-05-17,600519,volume_factor,-0.25973481589339686,0.006506138114140025
2023-05-18,000001,momentum,-0.04104477611940305,-0.05447470817120614
2023-05-18,000001,volatility,0.021139417578921318,-0.05447470817120614
2023-05-18,000001,volume_factor,-0.45423463994271895,-0.05447470817120614
2023-05-18,300750,momentum,0.03481503002130548,-0.038884469608347794
2023-05-18,300750,volatility,0.026411921555987886,-0.038884469608347794
2023-05-18,300750,volume_factor,0.07340822986800588,-0.038884469608347794
2023-05-18,600519,momentum,-0.0393991001753895,0.006615331692731097
2023-05-18,600519,volatility,0.008605925512165262,0.006615331692731097
2023-05-18,600519,volume_factor,-0.13040527394564072,0.006615331692731097
2023-05-19,000001,momentum,-0.06116774791473567,-0.02369200394866733
2023-05-19,000001,volatility,0.021224523947024444,-0.02369200394866733
2023-05-19,000001,volume_factor,-0.43414891962164204,-0.02369200394866733
2023-05-19,300750,momentum,0.020131312156029812,-0.047323837016705284
2023-05-19,300750,volatility,0.026575908219758772,-0.047323837016705284
2023-05-19,300750,volume_factor,-0.14387967306669247,-0.047323837016705284
2023-05-19,600519,momentum,-0.03705721380428728,-0.005881037272882805
2023-05-19,600519,volatility,0.008699817274172583,-0.005881037272882805
2023-05-19,600519,volume_factor,0.1873042231195985,-0.005881037272882805
2023-05-22,000001,momentum,-0.044172932330827086,-0.03933136676499516
2023-05-22,000001,volatility,0.021114210952904548,-0.03933136676499516
2023-05-22,000001,volume_factor,-0.5396744491908995,-0.03933136676499516
2023-05-22,300750,momentum,0.017845117845117775,-0.06256793157223195
2023-05-22,300750,volatility,0.02657024871766484,-0.06256793157223195
2023-05-22,300750,volume_factor,-0.35892225953579715,-0.06256793157223195
2023-05-22,600519,momentum,-0.008229723228077246,-0.03638359801868962
2023-05-22,600519,volatility,0.011330766403874927,-0.03638359801868962
2023-05-22,600519,volume_factor,0.7305064426615695,-0.03638359801868962
2023-05-23,000001,momentum,-0.05123339658444015,-0.03400000000000003
2023-05-23,000001,volatility,0.0213108270835575,-0.03400000000000003
2023-05-23,000001,volume_factor,-0.4152603815716459,-0.03400000000000003
2023-05-23,300750,momentum,0.034063625450180046,-0.0020800077395636274
2023-05-23,300750,volatility,0.025570367829834982,-0.0020800077395636274
2023-05-23,300750,volume_factor,-0.1504290153276845,-0.0020800077395636274
2023-05-23,600519,momentum,-0.01109105803445709,-0.03640976190630274
2023-05-23,600519,volatility,0.011486657865352249,-0.03640976190630274
2023-05-23,600519,volume_factor,-0.2873849761990631,-0.03640976190630274
2023-05-24,000001,momentum,-0.04761904761904745,-0.04183673469387761
2023-05-24,000001,volatility,0.02113056579099614,-0.04183673469387761
2023-05-24,000001,volume_factor,-0.3031090893149695,-0.04183673469387761
2023-05-24,300750,momentum,0.008052315650773467,-0.01975213013168098
2023-05-24,300750,volatility,0.024994492798912058,-0.01975213013168098
2023-05-24,300750,volume_factor,-0.34464877984565734,-0.01975213013168098
2023-05-24,600519,momentum,-0.009423650322421984,-0.053540880421014125
2023-05-24,600519,volatility,0.011415998979221052,-0.053540880421014125
2023-05-24,600519,volume_factor,-0.22046310709509764,-0.053540880421014125
2023-05-25,000001,momentum,-0.01718907987866536,-0.034979423868312765
2023-05-25,000001,volatility,0.019369731973602096,-0.034979423868312765
2023-05-25,000001,volume_factor,-0.23473112417136488,-0.034979423868312765
2023-05-25,300750,momentum,0.024950099800399306,-0.005793573515092465
2023-05-25,300750,volatility,0.02447411338911095,-0.005793573515092465
2023-05-25,300750,volume_factor,-0.38547252637756846,-0.005793573515092465
2023-05-25,600519,momentum,-0.0026218505020844107,-0.04276964327961941
2023-05-25,600519,volatility,0.011111765628169928,-0.04276964327961941
2023-05-25,600519,volume_factor,-0.05671824779515344,-0.04276964327961941
2023-05-26,000001,momentum,-0.01787487586891756,-0.01718907987866536
2023-05-26,000001,volatility,0.019333883642244677,-0.01718907987866536
2023-05-26,000001,volume_factor,-0.5409012349990086,-0.01718907987866536
2023-05-26,300750,momentum,0.036078229541945506,0.041925388703988764
2023-05-26,300750,volatility,0.02385614644441886,0.041925388703988764
2023-05-26,300750,volume_factor,-0.18864114533038845,0.041925388703988764
2023-05-26,600519,momentum,-0.025673427808796778,-0.013208046585495015
2023-05-26,600519,volatility,0.010476163005085663,-0.013208046585495015
2023-05-26,600519,volume_factor,-0.2283011106540518,-0.013208046585495015
2023-05-29,000001,momentum,-0.014127144298688221,-0.007164790174002067
2023-05-29,000001,volatility,0.019196610067375806,-0.007164790174002067
2023-05-29,000001,volume_factor,-0.4819613417973079,-0.007164790174002067
2023-05-29,300750,momentum,-0.03614984694621248,0.013812572465594641
2023-05-29,300750,volatility,0.01992891624486172,0.013812572465594641
2023-05-29,300750,volume_factor,-0.22314645135317068,0.013812572465594641
2023-05-29,600519,momentum,-0.03509635358409757,-0.01589782994621236
2023-05-29,600519,volatility,0.010211228725971137,-0.01589782994621236
2023-05-29,600519,volume_factor,-0.2338831360309016,-0.01589782994621236
2023-05-30,000001,momentum,-0.0388059701492538,-0.0031055900621117516
2023-05-30,000001,volatility,0.019014393185623573,-0.0031055900621117516
2023-05-30,000001,volume_factor,-0.2930670517430686,-0.0031055900621117516
2023-05-30,300750,momentum,-0.02830766332250012,-0.02767813863305868
2023-05-30,300750,volatility,0.020737556350540212,-0.02767813863305868
2023-05-30,300750,volume_factor,0.2656229751758654,-0.02767813863305868
2023-05-30,600519,momentum,-0.05677959659436438,-0.0008731102200909557
2023-05-30,600519,volatility,0.010220514901928254,-0.0008731102200909557
2023-05-30,600519,volume_factor,0.13832158563768893,-0.0008731102200909557
2023-05-31,000001,momentum,-0.09187620889748538,0.03620873269435565
2023-05-31,000001,volatility,0.01842683609066314,0.03620873269435565
2023-05-31,000001,volume_factor,0.1050644897393267,0.03620873269435565
2023-05-31,300750,momentum,-0.045625942684766274,-0.06850059265112596
2023-05-31,300750,volatility,0.021093172288784594,-0.06850059265112596
2023-05-31,300750,volume_factor,-0.07955174872094928,-0.06850059265112596
2023-05-31,600519,momentum,-0.08324268258746748,0.01517722863805071
2023-05-31,600519,volatility,0.011427423059980615,0.01517722863805071
2023-05-31,600519,volume_factor,0.5544348733133686,0.01517722863805071
2023-06-01,000001,momentum,-0.10836501901140672,0.056503198294242996
2023-06-01,000001,volatility,0.01771228814150639,0.056503198294242996
2023-06-01,000001,volume_factor,-0.27909102693069554,0.056503198294242996
2023-06-01,300750,momentum,-0.012667408016245219,-0.07291513637921754
2023-06-01,300750,volatility,0.020495949133825686,-0.07291513637921754
2023-06-01,300750,volume_factor,-0.21577791279151282,-0.07291513637921754
2023-06-01,600519,momentum,-0.07257376443770935,0.022024496072938993
2023-06-01,600519,volatility,0.011588590972842178,0.022024496072938993
2023-06-01,600519,volume_factor,0.20184692972059004,0.022024496072938993
2023-06-02,000001,momentum,-0.09158878504672885,-0.0051440329218107594
2023-06-02,000001,volatility,0.019435135278381317,-0.0051440329218107594
2023-06-02,000001,volume_factor,0.21738990945022207,-0.0051440329218107594
2023-06-02,300750,momentum,0.006912774230713792,-0.0781883194278904
2023-06-02,300750,volatility,0.021354099679224484,-0.0781883194278904
2023-06-02,300750,volume_factor,0.1226353782571512,-0.0781883194278904
2023-06-02,600519,momentum,-0.050552640961646245,-0.003084681204903239
2023-06-02,600519,volatility,0.013110577613190063,-0.003084681204903239
2023-06-02,600519,volume_factor,0.041854199452421526,-0.003084681204903239
2023-06-05,000001,momentum,-0.12691269126912696,-0.012371134020618513
2023-06-05,000001,volatility,0.016636543780416773,-0.012371134020618513
2023-06-05,000001,volume_factor,-0.41901834668064997,-0.012371134020618513
2023-06-05,300750,momentum,-0.05190458231189887,-0.03903336482522013
2023-06-05,300750,volatility,0.022844894908461758,-0.03903336482522013
2023-06-05,300750,volume_factor,0.5853266060379552,-0.03903336482522013
2023-06-05,600519,momentum,-0.03602481247891198,0.020866427936781395
2023-06-05,600519,volatility,0.012548309826468906,0.020866427936781395
2023-06-05,600519,volume_factor,-0.3017668088187443,0.020866427936781395
2023-06-06,000001,momentum,-0.12054794520547929,-0.007268951194184914
2023-06-06,000001,volatility,0.0165372205526535,-0.007268951194184914
2023-06-06,000001,volume_factor,0.01773652362280509,-0.007268951194184914
2023-06-06,300750,momentum,-0.031621125808631745,-0.030809113116306963
2023-06-06,300750,volatility,0.022302290466343015,-0.030809113116306963
2023-06-06,300750,volume_factor,-0.18168415262604998,-0.030809113116306963
2023-06-06,600519,momentum,-0.035659648394959276,0.021517447214697283
2023-06-06,600519,volatility,0.012552919198366576,0.021517447214697283
2023-06-06,600519,volume_factor,-0.12387564260778328,0.021517447214697283
2023-06-07,000001,momentum,-0.08466603951081841,-0.018499486125385323
2023-06-07,000001,volatility,0.016007204853953405,-0.018499486125385323
2023-06-07,000001,volume_factor,-0.1842459755048721,-0.018499486125385323
2023-06-07,300750,momentum,-0.11794416124959073,0.032341869466093964
2023-06-07,300750,volatility,0.02438595280860538,0.032341869466093964
2023-06-07,300750,volume_factor,1.2638681066199315,0.032341869466093964
2023-06-07,600519,momentum,-0.047941305866825434,0.05163298313331621
2023-06-07,600519,volatility,0.012679462598287448,0.05163298313331621
2023-06-07,600519,volume_factor,-0.20789887317083966,0.05163298313331621
2023-06-08,000001,momentum,-0.06860902255639101,-0.02219979818365292
2023-06-08,000001,volatility,0.016772548411368188,-0.02219979818365292
2023-06-08,000001,volume_factor,0.10418491846352396,-0.02219979818365292
2023-06-08,300750,momentum,-0.14609174146407478,0.12080076061694478
2023-06-08,300750,volatility,0.02236667242196964,0.12080076061694478
2023-06-08,300750,volume_factor,0.1053975345055933,0.12080076061694478
2023-06-08,600519,momentum,-0.031911088566764834,0.05844260533104051
2023-06-08,600519,volatility,0.013036264741995304,0.05844260533104051
2023-06-08,600519,volume_factor,-0.34822360677975117,0.05844260533104051
2023-06-09,000001,momentum,-0.07108549471661862,0.004136504653567741
2023-06-09,000001,volatility,0.0169304784910446,0.004136504653567741
2023-06-09,000001,volume_factor,0.6261184327936429,0.004136504653567741
2023-06-09,300750,momentum,-0.11829084773587484,0.09857770881820538
2023-06-09,300750,volatility,0.023258628468375835,0.09857770881820538
2023-06-09,300750,volume_factor,0.1190470040607583,0.09857770881820538
2023-06-09,600519,momentum,-0.026456412405699847,0.08858230640908338
2023-06-09,600519,volatility,0.01297419301580251,0.08858230640908338
2023-06-09,600519,volume_factor,-0.21742672278521302,0.08858230640908338
2023-06-12,000001,momentum,-0.09792843691148767,-0.0052192066805846205
2023-06-12,000001,volatility,0.016015485498656657,-0.0052192066805846205
2023-06-12,000001,volume_factor,-0.052005290050045616,-0.0052192066805846205
2023-06-12,300750,momentum,-0.11994535519125682,0.08242781744799754
2023-06-12,300750,volatility,0.023230818852683705,0.08242781744799754
2023-06-12,300750,volume_factor,-0.1468259243217147,0.08242781744799754
2023-06-12,600519,momentum,-0.013208062774083484,0.03164890811267007
2023-06-12,600519,volatility,0.013743121305633545,0.03164890811267007
2023-06-12,600519,volume_factor,0.19975320478676184,0.03164890811267007
2023-06-13,000001,momentum,-0.08165225744476456,-0.012552301255230214
2023-06-13,000001,volatility,0.015641786226436263,-0.012552301255230214
2023-06-13,000001,volume_factor,0.07192490669077212,-0.012552301255230214
2023-06-13,300750,momentum,-0.11756161772048479,0.07664214803765246
2023-06-13,300750,volatility,0.023296187873514864,0.07664214803765246
2023-06-13,300750,volume_factor,-0.37575122245989,0.07664214803765246
2023-06-13,600519,momentum,-0.0028150899319522305,0.029256929272722276
2023-06-13,600519,volatility,0.013625471813770312,0.029256929272722276
2023-06-13,600519,volume_factor,-0.3380359581504012,0.029256929272722276
2023-06-14,000001,momentum,-0.07101167315175083,-0.012565445026178068
2023-06-14,000001,volatility,0.0155290030042507,-0.012565445026178068
2023-06-14,000001,volume_factor,0.3221484912983599,-0.012565445026178068
2023-06-14,300750,momentum,-0.1201933938818851,0.05911355348980529
2023-06-14,300750,volatility,0.023234586957128232,0.05911355348980529
2023-06-14,300750,volume_factor,-0.22528714571513186,0.05911355348980529
2023-06-14,600519,momentum,0.017007965090297228,0.005783447063689051
2023-06-14,600519,volatility,0.0142240745197683,0.005783447063689051
2023-06-14,600519,volume_factor,0.3765773008493831,0.005783447063689051
2023-06-15,000001,momentum,-0.057392996108949434,-0.044375644994840036
2023-06-15,000001,volatility,0.016043440962283266,-0.044375644994840036
2023-06-15,000001,volume_factor,0.1276052842258697,-0.044375644994840036
2023-06-15,300750,momentum,-0.007112442094427074,-0.02690984495028048
2023-06-15,300750,volatility,0.030682495574523124,-0.02690984495028048
2023-06-15,300750,volume_factor,1.2502705568022225,-0.02690984495028048
2023-06-15,600519,momentum,0.04233812283347893,-0.02919448605011299
2023-06-15,600519,volatility,0.014607255004388395,-0.02919448605011299
2023-06-15,600519,volume_factor,0.08778905785038416,-0.02919448605011299
2023-06-16,000001,momentum,-0.04146100691016785,-0.036045314109166005
2023-06-16,000001,volatility,0.0158316264233221,-0.036045314109166005
2023-06-16,000001,volume_factor,0.016617217238644733,-0.036045314109166005
2023-06-16,300750,momentum,0.005205622071837501,-0.035921095993597274
2023-06-16,300750,volatility,0.03056683414500977,-0.035921095993597274
2023-06-16,300750,volume_factor,0.2915950107666325,-0.035921095993597274
2023-06-16,600519,momentum,0.06459273487968198,-0.05353667051837385
2023-06-16,600519,volatility,0.015627254068126095,-0.05353667051837385
2023-06-16,600519,volume_factor,0.5967994946570512,-0.05353667051837385
2023-06-19,000001,momentum,-0.0629301868239922,-0.015739769150052263
2023-06-19,000001,volatility,0.016181789904745014,-0.015739769150052263
2023-06-19,000001,volume_factor,0.12432836195567276,-0.015739769150052263
2023-06-19,300750,momentum,-0.01143613250791553,-0.016157560112816105
2023-06-19,300750,volatility,0.030770311420035345,-0.016157560112816105
2023-06-19,300750,volume_factor,-0.1919044873964426,-0.016157560112816105
2023-06-19,600519,momentum,-0.0012766174743399361,-0.009983127109111423
2023-06-19,600519,volatility,0.016248293873608186,-0.009983127109111423
2023-06-19,600519,volume_factor,0.36244173627511866,-0.009983127109111423
2023-06-20,000001,momentum,-0.05600000000000005,-0.01906779661016944
2023-06-20,000001,volatility,0.01594012821238155,-0.01906779661016944
2023-06-20,000001,volume_factor,-0.3525060395897449,-0.01906779661016944
2023-06-20,300750,momentum,0.012480046437382208,-0.026276814294586948
2023-06-20,300750,volatility,0.030293544297401373,-0.026276814294586948
2023-06-20,300750,volume_factor,-0.22137618361831501,-0.026276814294586948
2023-06-20,600519,momentum,0.012237977206686512,-0.019020522984463883
2023-06-20,600519,volatility,0.0159245531743707,-0.019020522984463883
2023-06-20,600519,volume_factor,-0.10748752647030002,-0.019020522984463883
2023-06-21,000001,momentum,-0.037755102040816446,-0.012725344644750725
2023-06-21,000001,volatility,0.015415800814647393,-0.012725344644750725
2023-06-21,000001,volume_factor,-0.2576922199461047,-0.012725344644750725
2023-06-21,300750,momentum,-0.0016460108443067112,0.0188148579187275
2023-06-21,300750,volatility,0.030498552893421644,0.0188148579187275
2023-06-21,300750,volume_factor,-0.2616164476506361,0.0188148579187275
2023-06-21,600519,momentum,0.016277733523120563,-0.01215571132113058
2023-06-21,600519,volatility,0.01582377672619523,-0.01215571132113058
2023-06-21,600519,volume_factor,-0.24372007272168594,-0.01215571132113058
2023-06-26,000001,momentum,-0.0473251028806585,0.033477321814255
2023-06-26,000001,volatility,0.015783188213352173,0.033477321814255
2023-06-26,000001,volume_factor,-0.17522946795859917,0.033477321814255
2023-06-26,300750,momentum,0.005258033106134263,0.022810925997675424
2023-06-26,300750,volatility,0.030466478124092856,0.022810925997675424
2023-06-26,300750,volume_factor,-0.31689184199544207,0.022810925997675424
2023-06-26,600519,momentum,0.00525748534475956,0.02681022985800574
2023-06-26,600519,volatility,0.016265830599138623,0.02681022985800574
2023-06-26,600519,volume_factor,0.020624762050607925,0.02681022985800574
2023-06-27,000001,momentum,-0.0535894843276038,0.012820512820512997
2023-06-27,000001,volatility,0.015408037668693964,0.012820512820512997
2023-06-27,000001,volume_factor,-0.4354583561247032,0.012820512820512997
2023-06-27,300750,momentum,0.01723709701455456,0.028225412637952862
2023-06-27,300750,volatility,0.030161084761654737,0.028225412637952862
2023-06-27,300750,volume_factor,-0.4178100093593051,0.028225412637952862
2023-06-27,600519,momentum,0.013558761249338191,0.029679634913069908
2023-06-27,600519,volatility,0.016176592922133626,0.029679634913069908
2023-06-27,600519,volume_factor,-0.35021389756041166,0.029679634913069908
2023-06-28,000001,momentum,-0.03991811668372558,0.004264392324093702
2023-06-28,000001,volatility,0.015275005867777993,0.004264392324093702
2023-06-28,000001,volume_factor,-0.5476659636265728,0.004264392324093702
2023-06-28,300750,momentum,0.03750567122044668,0.014625139691948785
2023-06-28,300750,volatility,0.029935554555868358,0.014625139691948785
2023-06-28,300750,volume_factor,-0.4079988228613769,0.014625139691948785
2023-06-28,600519,momentum,0.026085689303410042,0.008334301687518586
2023-06-28,600519,volatility,0.016337842937717614,0.008334301687518586
2023-06-28,600519,volume_factor,-0.20598312703457744,0.008334301687518586
2023-06-29,000001,momentum,-0.04140786749482406,0.006479481641468832
2023-06-29,000001,volatility,0.015328112190767391,0.006479481641468832
2023-06-29,000001,volume_factor,-0.38794807939118525,0.006479481641468832
2023-06-29,300750,momentum,-0.01206980126030055,0.01153034689171295
2023-06-29,300750,volatility,0.028676298912844202,0.01153034689171295
2023-06-29,300750,volume_factor,-0.5501842486121901,0.01153034689171295
2023-06-29,600519,momentum,0.030505127843484914,0.009893440218985194
2023-06-29,600519,volatility,0.016157354167454598,0.009893440218985194
2023-06-29,600519,volume_factor,-0.375322357981419,0.009893440218985194
2023-06-30,000001,momentum,-0.008519701810436597,-0.0032223415682063328
2023-06-30,000001,volatility,0.014123249695058855,-0.0032223415682063328
2023-06-30,000001,volume_factor,-0.31781644696203026,-0.0032223415682063328
2023-06-30,300750,momentum,0.03763334650335848,-0.031128034269395477
2023-06-30,300750,volatility,0.029140311419693563,-0.031128034269395477
2023-06-30,300750,volume_factor,-0.029659292290402983,-0.031128034269395477
2023-06-30,600519,momentum,0.06071581329249276,-0.0006308737927221975
2023-06-30,600519,volatility,0.0147451308460285,-0.0006308737927221975
2023-06-30,600519,volume_factor,-0.0682009159039827,-0.0006308737927221975
2023-07-03,000001,momentum,0.02025586353944564,-0.030303030303030387
2023-07-03,000001,volatility,0.01546804386054199,-0.030303030303030387
2023-07-03,000001,volume_factor,0.15250215697574943,-0.030303030303030387
2023-07-03,300750,momentum,0.034180500465207375,-0.005113878498034907
2023-07-03,300750,volatility,0.029111783181410597,-0.005113878498034907
2023-07-03,300750,volume_factor,-0.2990643466176015,-0.005113878498034907
2023-07-03,600519,momentum,0.07832839017960125,-0.014770954700283334
2023-07-03,600519,volatility,0.015312683319300831,-0.014770954700283334
2023-07-03,600519,volume_factor,-0.10903280317860076,-0.014770954700283334
2023-07-04,000001,momentum,-0.024691358024691357,-0.020042194092827148
2023-07-04,000001,volatility,0.013215269099876787,-0.020042194092827148
2023-07-04,000001,volume_factor,-0.16455999575977276,-0.020042194092827148
2023-07-04,300750,momentum,0.0038617401668652462,-0.0007598784194529085
2023-07-04,300750,volatility,0.028520675103168545,-0.0007598784194529085
2023-07-04,300750,volume_factor,-0.5285107165307465,-0.0007598784194529085
2023-07-04,600519,momentum,0.0576097744159223,-0.013061535047395711
2023-07-04,600519,volatility,0.014580055230695183,-0.013061535047395711
2023-07-04,600519,volume_factor,-0.40187561295520546,-0.013061535047395711
2023-07-05,000001,momentum,-0.028865979381443196,-0.010615711252653925
2023-07-05,000001,volatility,0.013264852720055505,-0.010615711252653925
2023-07-05,000001,volume_factor,-0.4220869864970036,-0.010615711252653925
2023-07-05,300750,momentum,0.03833722838247722,-0.002490182932669227
2023-07-05,300750,volatility,0.026886464880196588,-0.002490182932669227
2023-07-05,300750,volume_factor,-0.5743872428534151,-0.002490182932669227
2023-07-05,600519,momentum,0.051351606041840636,-0.0010115690203786887
2023-07-05,600519,volatility,0.014780016893938777,-0.0010115690203786887
2023-07-05,600519,volume_factor,-0.29039104290138384,-0.0010115690203786887
2023-07-06,000001,momentum,-0.03219106957424722,0.020386266094420513
2023-07-06,000001,volatility,0.013364969549769222,0.020386266094420513
2023-07-06,000001,volume_factor,-0.17181488669593048,0.020386266094420513
2023-07-06,300750,momentum,0.027768084151752248,0.02498059759410176
2023-07-06,300750,volatility,0.027077116107770943,0.02498059759410176
2023-07-06,300750,volume_factor,-0.4843695314920873,0.02498059759410176
2023-07-06,600519,momentum,0.04160980889065158,0.02285854420372635
2023-07-06,600519,volatility,0.014966464570012437,0.02285854420372635
2023-07-06,600519,volume_factor,-0.2628673248816965,0.02285854420372635
2023-07-07,000001,momentum,-0.04624871531346364,0.028017241379310276
2023-07-07,000001,volatility,0.013074984228776756,0.028017241379310276
2023-07-07,000001,volume_factor,-0.320565706002078,0.028017241379310276
2023-07-07,300750,momentum,0.07926408992100087,0.029622715661230092
2023-07-07,300750,volatility,0.02322673275472806,0.029622715661230092
2023-07-07,300750,volume_factor,-0.4529451938471114,0.029622715661230092
2023-07-07,600519,momentum,0.0441985946695298,0.04098061929740071
2023-07-07,600519,volatility,0.014864139443572866,0.04098061929740071
2023-07-07,600519,volume_factor,-0.25667446732911037,0.04098061929740071
2023-07-10,000001,momentum,-0.06357214934409694,0.0118534482758621
2023-07-10,000001,volatility,0.012148876043228457,0.0118534482758621
2023-07-10,000001,volume_factor,-0.2858128904434797,0.0118534482758621
2023-07-10,300750,momentum,0.10981407141347987,-0.014992146970634446
2023-07-10,300750,volatility,0.024061198774499495,-0.014992146970634446
2023-07-10,300750,volume_factor,-0.08251744743536094,-0.014992146970634446
2023-07-10,600519,momentum,0.039505857695614655,0.0187857442889916
2023-07-10,600519,volatility,0.01474792434825275,0.0187857442889916
2023-07-10,600519,volume_factor,-0.3375100464780182,0.0187857442889916
2023-07-11,000001,momentum,-0.03929679420889354,0.0043057050592034685
2023-07-11,000001,volatility,0.011119688135179398,0.0043057050592034685
2023-07-11,000001,volume_factor,-0.13133001124550747,0.0043057050592034685
2023-07-11,300750,momentum,0.08818205327126982,-0.01706273764258559
2023-07-11,300750,volatility,0.023783366481718186,-0.01706273764258559
2023-07-11,300750,volume_factor,-0.45438238687153043,-0.01706273764258559
2023-07-11,600519,momentum,0.04702550718398535,0.008223314381163416
2023-07-11,600519,volatility,0.0147490943993458,0.008223314381163416
2023-07-11,600519,volume_factor,-0.37376512335080203,0.008223314381163416
2023-07-12,000001,momentum,-0.02713987473903967,0.007510729613734002
2023-07-12,000001,volatility,0.01103580411231228,0.007510729613734002
2023-07-12,000001,volume_factor,0.12212425589623499,0.007510729613734002
2023-07-12,300750,momentum,0.07782262237400395,-0.03595775324051853
2023-07-12,300750,volatility,0.02398210629335821,-0.03595775324051853
2023-07-12,300750,volume_factor,-0.46713292714322496,-0.03595775324051853
2023-07-12,600519,momentum,0.028820286950100193,0.005896113051558904
2023-07-12,600519,volatility,0.01414486025093757,0.005896113051558904
2023-07-12,600519,volume_factor,-0.31541438428519164,0.005896113051558904
2023-07-13,000001,momentum,-0.005230125523012608,-0.011566771819137678
2023-07-13,000001,volatility,0.012050730197038296,-0.011566771819137678
2023-07-13,000001,volume_factor,0.678742478935644,-0.011566771819137678
2023-07-13,300750,momentum,0.0869296846870018,-0.042354834129951224
2023-07-13,300750,volatility,0.024093242077759244,-0.042354834129951224
2023-07-13,300750,volume_factor,0.32763690806387147,-0.042354834129951224
2023-07-13,600519,momentum,0.04297728409360113,-0.009085460109151788
2023-07-13,600519,volatility,0.014500046970441273,-0.009085460109151788
2023-07-13,600519,volume_factor,0.2927350962525861,-0.009085460109151788
2023-07-14,000001,momentum,-0.0010471204188483574,-0.012578616352201144
2023-07-14,000001,volatility,0.012071676638991172,-0.012578616352201144
2023-07-14,000001,volume_factor,0.10267644909255935,-0.012578616352201144
2023-07-14,300750,momentum,0.07642134456371008,-0.03191946180638383
2023-07-14,300750,volatility,0.024251311602475213,-0.03191946180638383
2023-07-14,300750,volume_factor,-0.21647699337710036,-0.03191946180638383
2023-07-14,600519,momentum,0.03362153639371379,0.01144071770185362
2023-07-14,600519,volatility,0.014103327481279742,0.01144071770185362
2023-07-14,600519,volume_factor,-0.03962143999834333,0.01144071770185362
2023-07-17,000001,momentum,-0.030959752321981338,-0.005324813631522929
2023-07-17,000001,volatility,0.01204366423315855,-0.005324813631522929
2023-07-17,000001,volume_factor,-0.043989783687136574,-0.005324813631522929
2023-07-17,300750,momentum,-0.024647721381780396,-0.0322284499420179
2023-07-17,300750,volatility,0.013685768528275395,-0.0322284499420179
2023-07-17,300750,volume_factor,-0.2838202647518294,-0.0322284499420179
2023-07-17,600519,momentum,0.0005585032113932797,0.026120823078679578
2023-07-17,600519,volatility,0.013987224139462606,0.026120823078679578
2023-07-17,600519,volume_factor,-0.23626667803174584,0.026120823078679578
2023-07-18,000001,momentum,-0.03913491246138012,0.05037513397642024
2023-07-18,000001,volatility,0.012060239155582814,0.05037513397642024
2023-07-18,000001,volume_factor,-0.236093121453677,0.05037513397642024
2023-07-18,300750,momentum,-0.026364107151264027,0.004110052705381673
2023-07-18,300750,volatility,0.01367655851962706,0.004110052705381673
2023-07-18,300750,volume_factor,-0.3667070360961777,0.004110052705381673
2023-07-18,600519,momentum,-0.030265767797667986,0.06738458597508523
2023-07-18,600519,volatility,0.012484560013411009,0.06738458597508523
2023-07-18,600519,volume_factor,-0.163181816891372,0.06738458597508523
2023-07-19,000001,momentum,-0.014690451206715527,0.03833865814696469
2023-07-19,000001,volatility,0.011530789304394098,0.03833865814696469
2023-07-19,000001,volume_factor,-0.3513766334974878,0.03833865814696469
2023-07-19,300750,momentum,-0.040059276256035115,0.03565559484089431
2023-07-19,300750,volatility,0.014728541856304747,0.03565559484089431
2023-07-19,300750,volume_factor,0.30504724995931043,0.03565559484089431
2023-07-19,600519,momentum,0.003138102055424863,0.06724857443216203
2023-07-19,600519,volatility,0.010006935228583433,0.06724857443216203
2023-07-19,600519,volume_factor,-0.2503197986919783,0.06724857443216203
2023-07-20,000001,momentum,-0.004237288135593098,0.04574468085106376
2023-07-20,000001,volatility,0.011348254306459906,0.04574468085106376
2023-07-20,000001,volume_factor,-0.060448833361383514,0.04574468085106376
2023-07-20,300750,momentum,-0.03320433806315981,0.029304210318244595
2023-07-20,300750,volatility,0.01487860526833681,0.029304210318244595
2023-07-20,300750,volume_factor,0.08499351254779186,0.029304210318244595
2023-07-20,600519,momentum,0.0041237772520938965,0.07260513832733761
2023-07-20,600519,volatility,0.010006507897870151,0.07260513832733761
2023-07-20,600519,volume_factor,0.015488125364998995,0.07260513832733761
2023-07-21,000001,momentum,-0.0010604453870625141,0.09766454352441611
2023-07-21,000001,volatility,0.011357206520993304,0.09766454352441611
2023-07-21,000001,volume_factor,-0.3472832895206569,0.09766454352441611
2023-07-21,300750,momentum,-0.016099311414993656,0.04169541646131103
2023-07-21,300750,volatility,0.014573302580743741,0.04169541646131103
2023-07-21,300750,volume_factor,-0.348030322978795,0.04169541646131103
2023-07-21,600519,momentum,0.03943538905343491,0.07769570726581576
2023-07-21,600519,volatility,0.011935664755938756,0.07769570726581576
2023-07-21,600519,volume_factor,1.2473917311599663,0.07769570726581576
2023-07-24,000001,momentum,0.008639308855291628,0.1134903640256959
2023-07-24,000001,volatility,0.01074383510240259,0.1134903640256959
2023-07-24,000001,volume_factor,-0.24485389402175117,0.1134903640256959
2023-07-24,300750,momentum,-0.029978690430065846,0.09371411453392575
2023-07-24,300750,volatility,0.014812983396746282,0.09371411453392575
2023-07-24,300750,volume_factor,0.07480120647107213,0.09371411453392575
2023-07-24,600519,momentum,0.05756910122643233,0.06764542251344507
2023-07-24,600519,volatility,0.011064951762593554,0.06764542251344507
2023-07-24,600519,volume_factor,0.1390057317185911,0.06764542251344507
2023-07-25,000001,momentum,0.047008547008547064,0.04489795918367334
2023-07-25,000001,volatility,0.015202085007738715,0.04489795918367334
2023-07-25,000001,volume_factor,2.157648182264523,0.04489795918367334
2023-07-25,300750,momentum,0.014063873425139262,0.044062409708176764
2023-07-25,300750,volatility,0.016985304873223667,0.044062409708176764
2023-07-25,300750,volume_factor,0.476989197244861,0.044062409708176764
2023-07-25,600519,momentum,0.09362860631067638,0.036087397767297524
2023-07-25,600519,volatility,0.013238386327145451,0.036087397767297524
2023-07-25,600519,volume_factor,1.303719229206322,0.036087397767297524
2023-07-26,000001,momentum,0.03944562899786774,0.036923076923076836
2023-07-26,000001,volatility,0.015294754470045909,0.036923076923076836
2023-07-26,000001,volume_factor,0.13350151964087487,0.036923076923076836
2023-07-26,300750,momentum,0.010495116855351982,0.047314516516805405
2023-07-26,300750,volatility,0.01695771481862983,0.047314516516805405
2023-07-26,300750,volume_factor,0.1751816548553946,0.047314516516805405
2023-07-26,600519,momentum,0.08139339711559557,0.030714584203928252
2023-07-26,600519,volatility,0.013176498450958392,0.030714584203928252
2023-07-26,600519,volume_factor,0.04566067615231417,0.030714584203928252
2023-07-27,000001,momentum,0.06155507559395246,0.05900305188199395
2023-07-27,000001,volatility,0.014939133783911568,0.05900305188199395
2023-07-27,000001,volume_factor,0.6055268791026869,0.05900305188199395
2023-07-27,300750,momentum,0.021981257053137693,0.05838014306975858
2023-07-27,300750,volatility,0.016781118927485843,0.05838014306975858
2023-07-27,300750,volume_factor,0.5226649264114389,0.05838014306975858
2023-07-27,600519,momentum,0.09791116759539875,0.024005983687328536
2023-07-27,600519,volatility,0.01279100190774677,0.024005983687328536
2023-07-27,600519,volume_factor,0.06715074947140875,0.024005983687328536
2023-07-28,000001,momentum,0.11063372717508058,0.003868471953578423
2023-07-28,000001,volatility,0.018506306002901773,0.003868471953578423
2023-07-28,000001,volume_factor,1.9860362547577362,0.003868471953578423
2023-07-28,300750,momentum,0.005997144217039674,0.07314534443603327
2023-07-28,300750,volatility,0.015629997604799883,0.07314534443603327
2023-07-28,300750,volume_factor,0.38648342540621683,0.07314534443603327
2023-07-28,600519,momentum,0.13397938278429966,-0.002024604972613364
2023-07-28,600519,volatility,0.014440753749308737,-0.002024604972613364
2023-07-28,600519,volume_factor,0.9520663596498908,-0.002024604972613364
2023-07-31,000001,momentum,0.0867293625914316,-0.015384615384615441
2023-07-31,000001,volatility,0.017735282123170087,-0.015384615384615441
2023-07-31,000001,volume_factor,1.222859205367787,-0.015384615384615441
2023-07-31,300750,momentum,0.0372650220180879,0.039897744910070365
2023-07-31,300750,volatility,0.01757275835736115,0.039897744910070365
2023-07-31,300750,volume_factor,1.0941597323088086,0.039897744910070365
2023-07-31,600519,momentum,0.09962754273708341,0.004255614806065511
2023-07-31,600519,volatility,0.01439279103579932,0.004255614806065511
2023-07-31,600519,volume_factor,1.1304644824777408,0.004255614806065511
2023-08-01,000001,momentum,0.08016877637130793,-0.005859375
2023-08-01,000001,volatility,0.01802674511929957,-0.005859375
2023-08-01,000001,volume_factor,0.1246817461910239,-0.005859375
2023-08-01,300750,momentum,0.029682750759878473,0.05368756053687562
2023-08-01,300750,volatility,0.01775562842385041,0.05368756053687562
2023-08-01,300750,volume_factor,0.07305364203072884,0.05368756053687562
2023-08-01,600519,momentum,0.10043432774308081,0.0005761862233875092
2023-08-01,600519,volatility,0.014391798104560042,0.0005761862233875092
2023-08-01,600519,volume_factor,-0.11123948608928735,0.0005761862233875092
2023-08-02,000001,momentum,0.07324840764331197,0.013847675568743778
2023-08-02,000001,volatility,0.01827351205492318,0.013847675568743778
2023-08-02,000001,volume_factor,0.25922243043131776,0.013847675568743778
2023-08-02,300750,momentum,0.04305143185518623,0.04820715302327727
2023-08-02,300750,volatility,0.017611553061786633,0.04820715302327727
2023-08-02,300750,volume_factor,-0.04589093825018187,0.04820715302327727
2023-08-02,600519,momentum,0.10539524818653834,0.005954070255712152
2023-08-02,600519,volatility,0.014187506524412764,0.005954070255712152
2023-08-02,600519,volume_factor,-0.15198247977201707,0.005954070255712152
2023-08-03,000001,momentum,0.11695278969957079,-0.016330451488952957
2023-08-03,000001,volatility,0.018825188578864623,-0.016330451488952957
2023-08-03,000001,volume_factor,0.284912110922356,-0.016330451488952957
2023-08-03,300750,momentum,0.0693150950717889,0.03338625538670903
2023-08-03,300750,volatility,0.01737325165208065,0.03338625538670903
2023-08-03,300750,volume_factor,0.06996197718631181,0.03338625538670903
2023-08-03,600519,momentum,0.11325369628209847,-0.002011570880337654
2023-08-03,600519,volatility,0.013931252743976939,-0.002011570880337654
2023-08-03,600519,volume_factor,-0.02724157082672951,-0.002011570880337654
2023-08-04,000001,momentum,0.11853448275862077,-0.039499036608863225
2023-08-04,000001,volatility,0.018788363476319396,-0.039499036608863225
2023-08-04,000001,volume_factor,0.36303089187753956,-0.039499036608863225
2023-08-04,300750,momentum,0.1142660640597366,-0.017679217000264535
2023-08-04,300750,volatility,0.017820863631027823,-0.017679217000264535
2023-08-04,300750,volume_factor,0.9474768461185652,-0.017679217000264535
2023-08-04,600519,momentum,0.13239792265941253,-0.03417776807163142
2023-08-04,600519,volatility,0.01355728050039467,-0.03417776807163142
2023-08-04,600519,volume_factor,0.08654464741683676,-0.03417776807163142
2023-08-07,000001,momentum,0.10344827586206917,-0.0478515625
2023-08-07,000001,volatility,0.019243320473394457,-0.0478515625
2023-08-07,000001,volume_factor,-0.3286536517617247,-0.0478515625
2023-08-07,300750,momentum,0.08419399362238833,-0.059657594381036017
2023-08-07,300750,volatility,0.01668456833376391,-0.059657594381036017
2023-08-07,300750,volume_factor,-0.07581353940563118,-0.059657594381036017
2023-08-07,600519,momentum,0.1208633558434844,-0.04896568423965686
2023-08-07,600519,volatility,0.013720397976775593,-0.04896568423965686
2023-08-07,600519,volume_factor,0.03261386326899296,-0.04896568423965686
2023-08-08,000001,momentum,0.09580193756727673,-0.036345776031434074
2023-08-08,000001,volatility,0.01938177827701355,-0.036345776031434074
2023-08-08,000001,volume_factor,-0.25289049959064713,-0.036345776031434074
2023-08-08,300750,momentum,0.08578897338403024,-0.0693368351936966
2023-08-08,300750,volatility,0.016674800899261308,-0.0693368351936966
2023-08-08,300750,volume_factor,-0.08396060107048697,-0.0693368351936966
2023-08-08,600519,momentum,0.11564035848511134,-0.044352307736604146
2023-08-08,600519,volatility,0.013759093106870278,-0.044352307736604146
2023-08-08,600519,volume_factor,-0.24189091282130193,-0.044352307736604146
2023-08-09,000001,momentum,0.09978540772532196,-0.04292682926829261
2023-08-09,000001,volatility,0.019383778804015265,-0.04292682926829261
2023-08-09,000001,volume_factor,-0.40046487202006964,-0.04292682926829261
2023-08-09,300750,momentum,0.09606337013922217,-0.06307213875870532
2023-08-09,300750,volatility,0.016382881627091405,-0.06307213875870532
2023-08-09,300750,volume_factor,-0.2959847203372853,-0.06307213875870532
2023-08-09,600519,momentum,0.1131028294933829,-0.04046452444971582
2023-08-09,600519,volatility,0.013795821242650344,-0.04046452444971582
2023-08-09,600519,volume_factor,-0.2170165638427608,-0.04046452444971582
2023-08-10,000001,momentum,0.0767613038906414,-0.0576171875
2023-08-10,000001,volatility,0.019074037501667904,-0.0576171875
2023-08-10,000001,volume_factor,-0.4891539124766231,-0.0576171875
2023-08-10,300750,momentum,0.07808433107756385,-0.049383257978139694
2023-08-10,300750,volatility,0.01628514120167608,-0.049383257978139694
2023-08-10,300750,volume_factor,-0.13254283382520748,-0.049383257978139694
2023-08-10,600519,momentum,0.08618568409098071,-0.02727193517469728
2023-08-10,600519,volatility,0.01392295148638508,-0.02727193517469728
2023-08-10,600519,volume_factor,-0.20836124422459246,-0.02727193517469728
2023-08-11,000001,momentum,0.04507337526205468,-0.033099297893681046
2023-08-11,000001,volatility,0.02023933585814718,-0.033099297893681046
2023-08-11,000001,volume_factor,0.0014059434249724667,-0.033099297893681046
2023-08-11,300750,momentum,0.06307552841261499,-0.02526816570171897
2023-08-11,300750,volatility,0.01709463807081609,-0.02526816570171897
2023-08-11,300750,volume_factor,0.049261453283314216,-0.02526816570171897
2023-08-11,600519,momentum,0.050639242286893094,-0.01869030972003205
2023-08-11,600519,volatility,0.015201309888634027,-0.01869030972003205
2023-08-11,600519,volume_factor,0.13020143289930042,-0.01869030972003205
2023-08-14,000001,momentum,0.03833865814696469,-0.03589743589743588
2023-08-14,000001,volatility,0.020584978056717898,-0.03589743589743588
2023-08-14,000001,volume_factor,0.015955610343463267,-0.03589743589743588
2023-08-14,300750,momentum,0.03503092385001927,0.00028009896830205605
2023-08-14,300750,volatility,0.01921824382250468,0.00028009896830205605
2023-08-14,300750,volume_factor,0.4974101643944593,0.00028009896830205605
2023-08-14,600519,momentum,0.04632354806789629,-0.007274711284895874
2023-08-14,600519,volatility,0.01546399944629229,-0.007274711284895874
2023-08-14,600519,volume_factor,-0.01816098088742424,-0.007274711284895874
2023-08-15,000001,momentum,0.05144694533762073,-0.03669724770642213
2023-08-15,000001,volatility,0.020504251755208338,-0.03669724770642213
2023-08-15,000001,volume_factor,-0.2671324458134625,-0.03669724770642213
2023-08-15,300750,momentum,0.028045065519075596,-0.002586896194910926
2023-08-15,300750,volatility,0.019325569243408936,-0.002586896194910926
2023-08-15,300750,volume_factor,-0.1632312226591539,-0.002586896194910926
2023-08-15,600519,momentum,0.05746328097620035,-0.015052454610642751
2023-08-15,600519,volatility,0.015395569418911256,-0.015052454610642751
2023-08-15,600519,volume_factor,-0.38702611695647593,-0.015052454610642751
2023-08-16,000001,momentum,0.04472843450479225,-0.04892966360856277
2023-08-16,000001,volatility,0.02049321472581439,-0.04892966360856277
2023-08-16,000001,volume_factor,-0.4166962185501525,-0.04892966360856277
2023-08-16,300750,momentum,0.06523579503012789,-0.02384180262727309
2023-08-16,300750,volatility,0.01794786163563424,-0.02384180262727309
2023-08-16,300750,volume_factor,-0.18932119176555418,-0.02384180262727309
2023-08-16,600519,momentum,0.06180115319677615,-0.02760193213524942
2023-08-16,600519,volatility,0.01538388556918546,-0.02760193213524942
2023-08-16,600519,volume_factor,-0.455409145359164,-0.02760193213524942
2023-08-17,000001,momentum,0.02659574468085113,-0.04559585492227969
2023-08-17,000001,volatility,0.02091608502639644,-0.04559585492227969
2023-08-17,000001,volume_factor,-0.03756012519144181,-0.04559585492227969
2023-08-17,300750,momentum,0.07017197074520642,-0.029091244920576353
2023-08-17,300750,volatility,0.018038276771816675,-0.029091244920576353
2023-08-17,300750,volume_factor,0.16280180926291643,-0.029091244920576353
2023-08-17,600519,momentum,0.0662506765145967,-0.007016600979338317
2023-08-17,600519,volatility,0.015376923777265253,-0.007016600979338317
2023-08-17,600519,volume_factor,-0.2866823302260627,-0.007016600979338317
2023-08-18,000001,momentum,0.023354564755838636,-0.034232365145228205
2023-08-18,000001,volatility,0.020923190898195772,-0.034232365145228205
2023-08-18,000001,volume_factor,-0.35111860960464314,-0.034232365145228205
2023-08-18,300750,momentum,0.07037949728930504,-0.03467170089326821
2023-08-18,300750,volatility,0.018037828537971638,-0.03467170089326821
2023-08-18,300750,volume_factor,-0.06830564130656103,-0.03467170089326821
2023-08-18,600519,momentum,0.019340482739438336,0.013576773348533022
2023-08-18,600519,volatility,0.014537142022275955,0.013576773348533022
2023-08-18,600519,volume_factor,-0.26374769421071187,0.013576773348533022
2023-08-21,000001,momentum,0.0064239828693790635,0.02127659574468077
2023-08-21,000001,volatility,0.021638974562903576,0.02127659574468077
2023-08-21,000001,volume_factor,-0.3193228256790005,0.02127659574468077
2023-08-21,300750,momentum,0.0697987917519598,-0.011480841928408148
2023-08-21,300750,volatility,0.018063872195511088,-0.011480841928408148
2023-08-21,300750,volume_factor,-0.3961412730527679,-0.011480841928408148
2023-08-21,600519,momentum,0.012270507510663275,0.026851088516381294
2023-08-21,600519,volatility,0.014648316456388217,0.026851088516381294
2023-08-21,600519,volume_factor,-0.1806283062765639,0.026851088516381294
2023-08-22,000001,momentum,-0.03571428571428581,-0.006349206349206216
2023-08-22,000001,volatility,0.018425105228356362,-0.006349206349206216
2023-08-22,000001,volume_factor,-0.3674345022401676,-0.006349206349206216
2023-08-22,300750,momentum,0.021188481171145135,0.036546260492313465
2023-08-22,300750,volatility,0.01650223418001608,0.036546260492313465
2023-08-22,300750,volume_factor,-0.1393247431457607,0.036546260492313465
2023-08-22,600519,momentum,-0.02420750999940302,0.038744608607873765
2023-08-22,600519,volatility,0.012149679500966761,0.038744608607873765
2023-08-22,600519,volume_factor,0.19725238439663428,0.038744608607873765
2023-08-23,000001,momentum,-0.043076923076923124,-0.012861736334405016
2023-08-23,000001,volatility,0.018577515591294124,-0.012861736334405016
2023-08-23,000001,volume_factor,-0.2765674993915276,-0.012861736334405016
2023-08-23,300750,momentum,0.004039044092898125,0.047890426703701916
2023-08-23,300750,volatility,0.01690888505396018,0.047890426703701916
2023-08-23,300750,volume_factor,-0.32021299981223406,0.047890426703701916
2023-08-23,600519,momentum,-0.032565219986866456,0.05060010490265654
2023-08-23,600519,volatility,0.012257307603084801,0.05060010490265654
2023-08-23,600519,volume_factor,-0.1060569668699648,0.05060010490265654
2023-08-24,000001,momentum,-0.06307222787385547,0.0
2023-08-24,000001,volatility,0.018563445220618216,0.0
2023-08-24,000001,volume_factor,0.337977104773431,0.0
2023-08-24,300750,momentum,0.009457967257189503,0.03614572434129193
2023-08-24,300750,volatility,0.01697217827619251,0.03614572434129193
2023-08-24,300750,volume_factor,-0.17368241195530276,0.03614572434129193
2023-08-24,600519,momentum,-0.01289935770340378,0.018462278618035288
2023-08-24,600519,volatility,0.01366462368062985,0.018462278618035288
2023-08-24,600519,volume_factor,0.15491509346146515,0.018462278618035288
2023-08-25,000001,momentum,-0.09961315280464211,0.009667024704618665
2023-08-25,000001,volatility,0.013833306647725715,0.009667024704618665
2023-08-25,000001,volume_factor,-0.050177984185213464,0.009667024704618665
2023-08-25,300750,momentum,-0.008090461771385393,0.03844502742666345
2023-08-25,300750,volatility,0.01665453851246779,0.03844502742666345
2023-08-25,300750,volume_factor,-0.33233587532909104,0.03844502742666345
2023-08-25,600519,momentum,-0.041306529781193535,0.015596489443802986
2023-08-25,600519,volatility,0.010934709035694773,0.015596489443802986
2023-08-25,600519,volume_factor,-0.12620210433511592,0.015596489443802986
2023-08-28,000001,momentum,-0.07692307692307698,0.004166666666666874
2023-08-28,000001,volatility,0.015896025168680234,0.004166666666666874
2023-08-28,000001,volume_factor,1.2266380981600733,0.004166666666666874
2023-08-28,300750,momentum,-0.03309595544599653,0.03375666871252547
2023-08-28,300750,volatility,0.014510581490726388,0.03375666871252547
2023-08-28,300750,volume_factor,0.3626991233138419,0.03375666871252547
2023-08-28,600519,momentum,-0.026407971606074887,0.01845354203339844
2023-08-28,600519,volatility,0.010930619268118367,0.01845354203339844
2023-08-28,600519,volume_factor,0.9242162891855408,0.01845354203339844
2023-08-29,000001,momentum,-0.0830078125,0.008519701810436597
2023-08-29,000001,volatility,0.016206589780353782,0.008519701810436597
2023-08-29,000001,volume_factor,1.073830791362624,0.008519701810436597
2023-08-29,300750,momentum,0.013837000138370081,-0.007642964378326789
2023-08-29,300750,volatility,0.01679303934589966,-0.007642964378326789
2023-08-29,300750,volume_factor,0.7110423370814984,-0.007642964378326789
2023-08-29,600519,momentum,-0.02170493503500326,0.0043407072349046505
2023-08-29,600519,volatility,0.01112662872202576,0.0043407072349046505
2023-08-29,600519,volume_factor,0.32674315489898187,0.0043407072349046505
2023-08-30,000001,momentum,-0.08902077151335297,0.03257328990227992
2023-08-30,000001,volatility,0.016448075914698285,0.03257328990227992
2023-08-30,000001,volume_factor,0.4322252929351318,0.03257328990227992
2023-08-30,300750,momentum,0.004591157430788195,-0.01407613911612815
2023-08-30,300750,volatility,0.01680913485628433,-0.01407613911612815
2023-08-30,300750,volume_factor,-0.14535210970624768,-0.01407613911612815
2023-08-30,600519,momentum,-0.01390055312617644,0.002936771313617914
2023-08-30,600519,volatility,0.011112420538664155,0.002936771313617914
2023-08-30,600519,volume_factor,-0.09474309474309472,0.002936771313617914
2023-08-31,000001,momentum,-0.11527377521613824,0.021715526601520097
2023-08-31,000001,volatility,0.014413599462381717,0.021715526601520097
2023-08-31,000001,volume_factor,-0.14388980078740266,0.021715526601520097
2023-08-31,300750,momentum,-0.01174869584939886,-0.04608464151289826
2023-08-31,300750,volatility,0.01660491746243644,-0.04608464151289826
2023-08-31,300750,volume_factor,-0.4225204773408774,-0.04608464151289826
2023-08-31,600519,momentum,-0.018243266744733422,-0.00531428065306605
2023-08-31,600519,volatility,0.011160980007755747,-0.00531428065306605
2023-08-31,600519,volume_factor,-0.31227624035063706,-0.00531428065306605
2023-09-01,000001,momentum,-0.09441233140655114,-0.005319148936170248
2023-09-01,000001,volatility,0.015592453899979587,-0.005319148936170248
2023-09-01,000001,volume_factor,0.21943142104473234,-0.005319148936170248
2023-09-01,300750,momentum,-0.04016400670134901,-0.06182536401635208
2023-09-01,300750,volatility,0.015101934089619528,-0.06182536401635208
2023-09-01,300750,volume_factor,-0.4175053682233181,-0.06182536401635208
2023-09-01,600519,momentum,-0.02437903012609055,-0.019174128180961314
2023-09-01,600519,volatility,0.010964166863962182,-0.019174128180961314
2023-09-01,600519,volume_factor,-0.37338818470866963,-0.019174128180961314
2023-09-04,000001,momentum,-0.05859375,-0.022821576763485507
2023-09-04,000001,volatility,0.016843242119023938,-0.022821576763485507
2023-09-04,000001,volume_factor,0.45071316261054073,-0.022821576763485507
2023-09-04,300750,momentum,-0.0388059701492538,-0.07362075264888568
2023-09-04,300750,volatility,0.015136237040900915,-0.07362075264888568
2023-09-04,300750,volume_factor,-0.0980826458056614,-0.07362075264888568
2023-09-04,600519,momentum,-0.012643558876435645,-0.025593413330997627
2023-09-04,600519,volatility,0.01117440958672386,-0.025593413330997627
2023-09-04,600519,volume_factor,0.13796876080059683,-0.025593413330997627
2023-09-05,000001,momentum,-0.06974459724950877,-0.011615628299894487
2023-09-05,000001,volatility,0.017155788376896165,-0.011615628299894487
2023-09-05,000001,volume_factor,-0.17594628885220287,-0.011615628299894487
2023-09-05,300750,momentum,-0.045173998686802386,-0.08659973410351618
2023-09-05,300750,volatility,0.015100027003430187,-0.08659973410351618
2023-09-05,300750,volume_factor,-0.2482508007258053,-0.08659973410351618
2023-09-05,600519,momentum,-0.018024243471250423,-0.022718076528368325
2023-09-05,600519,volatility,0.011195502477405654,-0.022718076528368325
2023-09-05,600519,volume_factor,-0.2497963876778614,-0.022718076528368325
2023-09-06,000001,momentum,-0.07219512195121958,-0.018927444794952675
2023-09-06,000001,volatility,0.01708170306068509,-0.018927444794952675
2023-09-06,000001,volume_factor,-0.35136976993913605,-0.018927444794952675
2023-09-06,300750,momentum,-0.055100521221146725,-0.08260325406758451
2023-09-06,300750,volatility,0.015220779433177215,-0.08260325406758451
2023-09-06,300750,volume_factor,-0.19235211552107234,-0.08260325406758451
2023-09-06,600519,momentum,-0.01685829931541949,-0.024063717021463482
2023-09-06,600519,volatility,0.01120429054970037,-0.024063717021463482
2023-09-06,600519,volume_factor,-0.45758892644455174,-0.024063717021463482
2023-09-07,000001,momentum,-0.0810546875,-0.004250797024442199
2023-09-07,000001,volatility,0.017137625566287323,-0.004250797024442199
2023-09-07,000001,volume_factor,-0.4500385375890047,-0.004250797024442199
2023-09-07,300750,momentum,-0.08774856239849005,-0.05572129727648922
2023-09-07,300750,volatility,0.017005299192303203,-0.05572129727648922
2023-09-07,300750,volume_factor,0.22658581997498572,-0.05572129727648922
2023-09-07,600519,momentum,-0.02149225988208303,-0.01146300198866168
2023-09-07,600519,volatility,0.011426525537582624,-0.01146300198866168
2023-09-07,600519,volume_factor,-0.16877955183992321,-0.01146300198866168
2023-09-08,000001,momentum,-0.06218655967903719,-0.005347593582887611
2023-09-08,000001,volatility,0.01633331664422611,-0.005347593582887611
2023-09-08,000001,volume_factor,-0.5003535377082725,-0.005347593582887611
2023-09-08,300750,momentum,-0.08329967236659042,-0.07432068543451653
2023-09-08,300750,volatility,0.016778825551987512,-0.07432068543451653
2023-09-08,300750,volume_factor,0.052804198097736954,-0.07432068543451653
2023-09-08,600519,momentum,-0.009223170985689255,-0.021927269451367803
2023-09-08,600519,volatility,0.010425479087745512,-0.021927269451367803
2023-09-08,600519,volume_factor,-0.38014871964063646,-0.021927269451367803
2023-09-11,000001,momentum,-0.03384615384615386,-0.011677282377919207
2023-09-11,000001,volatility,0.01585493361366893,-0.011677282377919207
2023-09-11,000001,volume_factor,-0.3057075770829589,-0.011677282377919207
2023-09-11,300750,momentum,-0.053078754493254277,-0.041757049891540166
2023-09-11,300750,volatility,0.014731337833513712,-0.041757049891540166
2023-09-11,300750,volume_factor,0.11946363066997945,-0.041757049891540166
2023-09-11,600519,momentum,0.011621351277621317,0.004212809818303853
2023-09-11,600519,volatility,0.009529434568132836,0.004212809818303853
2023-09-11,600519,volume_factor,-0.1752993721276458,0.004212809818303853
2023-09-12,000001,momentum,-0.04587155963302758,-0.007478632478632563
2023-09-12,000001,volatility,0.015779661945007354,-0.007478632478632563
2023-09-12,000001,volume_factor,-0.4682495102488754,-0.007478632478632563
2023-09-12,300750,momentum,-0.06288509477446969,-0.028156996587030747
2023-09-12,300750,volatility,0.015084473053347536,-0.028156996587030747
2023-09-12,300750,volume_factor,0.18220902258564453,-0.028156996587030747
2023-09-12,600519,momentum,0.004206010135399785,0.0041883937090085865
2023-09-12,600519,volatility,0.00945064762980202,0.0041883937090085865
2023-09-12,600519,volume_factor,-0.36554780681744115,0.0041883937090085865
2023-09-13,000001,momentum,-0.04892966360856277,-0.010718113612004254
2023-09-13,000001,volatility,0.015772125798922752,-0.010718113612004254
2023-09-13,000001,volume_factor,-0.471557366313612,-0.010718113612004254
2023-09-13,300750,momentum,-0.07479781216399417,-0.03385377191652761
2023-09-13,300750,volatility,0.014942181698642455,-0.03385377191652761
2023-09-13,300750,volume_factor,-0.022092199486549502,-0.03385377191652761
2023-09-13,600519,momentum,-5.400378026454433e-05,0.0024543043337372783
2023-09-13,600519,volatility,0.009404164631476386,0.0024543043337372783
2023-09-13,600519,volume_factor,0.00032829604095496734,0.0024543043337372783
2023-09-14,000001,momentum,-0.029015544041450902,-0.025613660618996614
2023-09-14,000001,volatility,0.015485043818643832,-0.025613660618996614
2023-09-14,000001,volume_factor,-0.3917828222004728,-0.025613660618996614
2023-09-14,300750,momentum,-0.09383080901366825,-0.04178556869139838
2023-09-14,300750,volatility,0.01447495656621973,-0.04178556869139838
2023-09-14,300750,volume_factor,0.1902317471470769,-0.04178556869139838
2023-09-14,600519,momentum,-0.005589394482264365,-0.012190435012370604
2023-09-14,600519,volatility,0.009337023099789125,-0.012190435012370604
2023-09-14,600519,volume_factor,-0.10255391469519903,-0.012190435012370604
2023-09-15,000001,momentum,-0.03526970954356845,0.0021505376344086446
2023-09-15,000001,volatility,0.015544741838486982,0.0021505376344086446
2023-09-15,000001,volume_factor,-0.030540115845141047,0.0021505376344086446
2023-09-15,300750,momentum,-0.12943180771710106,0.01676627704024969
2023-09-15,300750,volatility,0.015978058898434896,0.01676627704024969
2023-09-15,300750,volume_factor,1.0769994511491947,0.01676627704024969
2023-09-15,600519,momentum,-0.01249135913263888,0.04114728529848821
2023-09-15,600519,volatility,0.010014142762674262,0.04114728529848821
2023-09-15,600519,volume_factor,0.4161861947872434,0.04114728529848821
2023-09-18,000001,momentum,-0.009574468085106314,-0.0010741138560687036
2023-09-18,000001,volatility,0.014556562518095156,-0.0010741138560687036
2023-09-18,000001,volume_factor,-0.4481955419108873,-0.0010741138560687036
2023-09-18,300750,momentum,-0.09287347738834184,-0.019447445593455792
2023-09-18,300750,volatility,0.017671447334275482,-0.019447445593455792
2023-09-18,300750,volume_factor,0.563738966992045,-0.019447445593455792
2023-09-18,600519,momentum,0.023327531983756256,0.0018976577651799165
2023-09-18,600519,volatility,0.011861770514212965,0.0018976577651799165
2023-09-18,600519,volume_factor,0.5684961533088289,0.0018976577651799165
2023-09-19,000001,momentum,-0.016931216931216908,-0.0053821313240042246
2023-09-19,000001,volatility,0.014498318794710701,-0.0053821313240042246
2023-09-19,000001,volume_factor,-0.4424561313785469,-0.0053821313240042246
2023-09-19,300750,momentum,-0.08690936527397908,-0.04038630377524144
2023-09-19,300750,volatility,0.017622740646207977,-0.04038630377524144
2023-09-19,300750,volume_factor,-0.11611453730498589,-0.04038630377524144
2023-09-19,600519,momentum,0.023823070569881644,-0.006537236553549763
2023-09-19,600519,volatility,0.011855715574494375,-0.006537236553549763
2023-09-19,600519,volume_factor,-0.2570049219086894,-0.006537236553549763
2023-09-20,000001,momentum,-0.010718113612004254,0.0021668472372697867
2023-09-20,000001,volatility,0.01429344981206039,0.0021668472372697867
2023-09-20,000001,volume_factor,-0.3767564105080409,0.0021668472372697867
2023-09-20,300750,momentum,-0.08428715099851536,-0.03263427644997652
2023-09-20,300750,volatility,0.017541524194884472,-0.03263427644997652
2023-09-20,300750,volume_factor,-0.23279886697509078,-0.03263427644997652
2023-09-20,600519,momentum,0.030853722501619885,-0.005986052497680361
2023-09-20,600519,volatility,0.01165528570345019,-0.005986052497680361
2023-09-20,600519,volume_factor,-0.3687325166880422,-0.005986052497680361
2023-09-21,000001,momentum,-0.008686210640608039,0.01642935377875121
2023-09-21,000001,volatility,0.014207661308877607,0.01642935377875121
2023-09-21,000001,volume_factor,-0.03478951719632506,0.01642935377875121
2023-09-21,300750,momentum,-0.10567868353467136,-0.0196766645394596
2023-09-21,300750,volatility,0.017540283962403033,-0.0196766645394596
2023-09-21,300750,volume_factor,-0.055164955289768725,-0.0196766645394596
2023-09-21,600519,momentum,-0.010770664822443266,9.726798545828252e-05
2023-09-21,600519,volatility,0.010712117865899946,9.726798545828252e-05
2023-09-21,600519,volume_factor,0.0006520745726856791,9.726798545828252e-05
2023-09-22,000001,momentum,0.0010741138560688146,-0.013948497854077369
2023-09-22,000001,volatility,0.01478319050619097,-0.013948497854077369
2023-09-22,000001,volume_factor,0.03854493597340691,-0.013948497854077369
2023-09-22,300750,momentum,-0.08304316718340088,-0.08026425301706208
2023-09-22,300750,volatility,0.01860659761842154,-0.08026425301706208
2023-09-22,300750,volume_factor,0.26970490449474327,-0.08026425301706208
2023-09-22,600519,momentum,0.014370068141164039,-0.04246409719560029
2023-09-22,600519,volatility,0.012756531056611566,-0.04246409719560029
2023-09-22,600519,volume_factor,0.6979152523544441,-0.04246409719560029
2023-09-25,000001,momentum,-0.03124999999999989,-0.021505376344086113
2023-09-25,000001,volatility,0.012858861221826227,-0.021505376344086113
2023-09-25,000001,volume_factor,-0.06695460074090975,-0.021505376344086113
2023-09-25,300750,momentum,-0.10018412728388648,-0.07639435437326203
2023-09-25,300750,volatility,0.018310793832005658,-0.07639435437326203
2023-09-25,300750,volume_factor,-0.2132202863493251,-0.07639435437326203
2023-09-25,600519,momentum,-0.0015402730862552616,-0.03715461633302164
2023-09-25,600519,volatility,0.01290595528845934,-0.03715461633302164
2023-09-25,600519,volume_factor,-0.26039384993069004,-0.03715461633302164
2023-09-26,000001,momentum,-0.015974440894568676,-0.01948051948051943
2023-09-26,000001,volatility,0.012007416086354831,-0.01948051948051943
2023-09-26,000001,volume_factor,-0.39854225771838436,-0.01948051948051943
2023-09-26,300750,momentum,-0.1546790409899459,-0.052365319412302824
2023-09-26,300750,volatility,0.0157841207582375,-0.052365319412302824
2023-09-26,300750,volume_factor,0.2022588728607888,-0.052365319412302824
2023-09-26,600519,momentum,-0.020808302117935384,-0.022555712610147105
2023-09-26,600519,volatility,0.01286837770574596,-0.022555712610147105
2023-09-26,600519,volume_factor,-0.13591211104532597,-0.022555712610147105
2023-09-27,000001,momentum,0.004343105320304019,-0.006486486486486531
2023-09-27,000001,volatility,0.011197799661609798,-0.006486486486486531
2023-09-27,000001,volume_factor,-0.2950941638470347,-0.006486486486486531
2023-09-27,300750,momentum,-0.15465472327590146,-0.04173649781045574
2023-09-27,300750,volatility,0.015784475209622815,-0.04173649781045574
2023-09-27,300750,volume_factor,0.2696023812671329,-0.04173649781045574
2023-09-27,600519,momentum,-0.024668879034389635,-0.01686188311101744
2023-09-27,600519,volatility,0.012838503667806062,-0.01686188311101744
2023-09-27,600519,volume_factor,0.1413203896231674,-0.01686188311101744
2023-09-28,000001,momentum,0.007600434310531812,-0.02155172413793094
2023-09-28,000001,volatility,0.01121706149395638,-0.02155172413793094
2023-09-28,000001,volume_factor,-0.235708514545364,-0.02155172413793094
2023-09-28,300750,momentum,-0.1538602772422657,-0.06742974937615276
2023-09-28,300750,volatility,0.015798038963922272,-0.06742974937615276
2023-09-28,300750,volume_factor,-0.09743680501934637,-0.06742974937615276
2023-09-28,600519,momentum,-0.028608544182338935,-0.028904017992827158
2023-09-28,600519,volatility,0.012937352438931595,-0.028904017992827158
2023-09-28,600519,volume_factor,0.1053523855655123,-0.028904017992827158
2023-10-09,000001,momentum,-0.022340425531914954,-0.01088139281828071
2023-10-09,000001,volatility,0.010361052185847337,-0.01088139281828071
2023-10-09,000001,volume_factor,0.0556655310399905,-0.01088139281828071
2023-10-09,300750,momentum,-0.1878645905103119,-0.060743170635145116
2023-10-09,300750,volatility,0.017276192684727062,-0.060743170635145116
2023-10-09,300750,volume_factor,0.7997782200102304,-0.060743170635145116
2023-10-09,600519,momentum,-0.043620405278039565,-0.029010501678420675
2023-10-09,600519,volatility,0.013161984233669205,-0.029010501678420675
2023-10-09,600519,volume_factor,0.5332742615164285,-0.029010501678420675
2023-10-10,000001,momentum,-0.05601659751037358,0.0
2023-10-10,000001,volatility,0.008414039627643229,0.0
2023-10-10,000001,volume_factor,0.30345315852931853,0.0
2023-10-10,300750,momentum,-0.1960632078918524,-0.05271828665568368
2023-10-10,300750,volatility,0.016928539248642377,-0.05271828665568368
2023-10-10,300750,volume_factor,0.04341281156827592,-0.05271828665568368
2023-10-10,600519,momentum,-0.05605675746693528,-0.027218459064056177
2023-10-10,600519,volatility,0.012911944452187596,-0.027218459064056177
2023-10-10,600519,volume_factor,0.05469775712937519,-0.027218459064056177
2023-10-11,000001,momentum,-0.043294614572333745,-0.0033112582781458233
2023-10-11,000001,volatility,0.007677773939688006,-0.0033112582781458233
2023-10-11,000001,volume_factor,0.15734538868148884,-0.0033112582781458233
2023-10-11,300750,momentum,-0.19277495071746198,-0.04810313493866425
2023-10-11,300750,volatility,0.017040412820868652,-0.04810313493866425
2023-10-11,300750,volume_factor,0.03984687984823565,-0.04810313493866425
2023-10-11,600519,momentum,-0.04703122709280172,-0.031075966893326368
2023-10-11,600519,volatility,0.013030216223587519,-0.031075966893326368
2023-10-11,600519,volume_factor,0.12271600580159459,-0.031075966893326368
2023-10-12,000001,momentum,-0.03364879074658256,-0.05549510337323171
2023-10-12,000001,volatility,0.008420325044901785,-0.05549510337323171
2023-10-12,000001,volume_factor,0.3400628294358956,-0.05549510337323171
2023-10-12,300750,momentum,-0.1783711120381959,-0.07469675599435832
2023-10-12,300750,volatility,0.017465246545915438,-0.07469675599435832
2023-10-12,300750,volume_factor,0.2067444561239693,-0.07469675599435832
2023-10-12,600519,momentum,-0.043922579133846784,-0.09555603197451834
2023-10-12,600519,volatility,0.013098987780725171,-0.09555603197451834
2023-10-12,600519,volume_factor,-0.2467143519539059,-0.09555603197451834
2023-10-13,000001,momentum,-0.03506907545164717,-0.04405286343612336
2023-10-13,000001,volatility,0.00850650880298873,-0.04405286343612336
2023-10-13,000001,volume_factor,0.0631876088114891,-0.04405286343612336
2023-10-13,300750,momentum,-0.17279376383408718,-0.055843173753708286
2023-10-13,300750,volatility,0.016987117744655153,-0.055843173753708286
2023-10-13,300750,volume_factor,0.3853236273953107,-0.055843173753708286
2023-10-13,600519,momentum,-0.051645840135347676,-0.06635160088886105
2023-10-13,600519,volatility,0.013573656349354079,-0.06635160088886105
2023-10-13,600519,volume_factor,0.24295721312981566,-0.06635160088886105
2023-10-16,000001,momentum,-0.027807486631016065,-0.05610561056105612
2023-10-16,000001,volatility,0.008456616490736172,-0.05610561056105612
2023-10-16,000001,volume_factor,-0.22220679424748968,-0.05610561056105612
2023-10-16,300750,momentum,-0.1869277845777234,-0.04516167881014033
2023-10-16,300750,volatility,0.01779282842541893,-0.04516167881014033
2023-10-16,300750,volume_factor,0.17957398166670324,-0.04516167881014033
2023-10-16,600519,momentum,-0.05321161526680873,-0.05450220431983255
2023-10-16,600519,volatility,0.013635464869307024,-0.05450220431983255
2023-10-16,600519,volume_factor,0.010953208767429778,-0.05450220431983255
2023-10-17,000001,momentum,-0.03397027600849256,-0.051648351648351576
2023-10-17,000001,volatility,0.0082216910468178,-0.051648351648351576
2023-10-17,000001,volume_factor,-0.2250947307069746,-0.051648351648351576
2023-10-17,300750,momentum,-0.17792348649181622,-0.054092953523238396
2023-10-17,300750,volatility,0.018066037482829346,-0.054092953523238396
2023-10-17,300750,volume_factor,0.01926978406891866,-0.054092953523238396
2023-10-17,600519,momentum,-0.05763099860971288,-0.05281231121426977
2023-10-17,600519,volatility,0.013587990552021777,-0.05281231121426977
2023-10-17,600519,volume_factor,-0.2715335084837466,-0.05281231121426977
2023-10-18,000001,momentum,-0.03525641025641024,-0.06312292358803973
2023-10-18,000001,volatility,0.008266479243801313,-0.06312292358803973
2023-10-18,000001,volume_factor,0.011049613208473419,-0.06312292358803973
2023-10-18,300750,momentum,-0.15875326239710896,-0.06157150528011468
2023-10-18,300750,volatility,0.0182469076204157,-0.06157150528011468
2023-10-18,300750,volume_factor,-0.16427912156015367,-0.06157150528011468
2023-10-18,600519,momentum,-0.055181187031581036,-0.03207265567940043
2023-10-18,600519,volatility,0.013615970296385942,-0.03207265567940043
2023-10-18,600519,volume_factor,-0.02892482985394207,-0.03207265567940043
2023-10-19,000001,momentum,-0.06966773847802787,-0.02188940092165892
2023-10-19,000001,volatility,0.01170242759062781,-0.02188940092165892
2023-10-19,000001,volume_factor,0.7494022005376537,-0.02188940092165892
2023-10-19,300750,momentum,-0.17128998029407305,-0.028229985976464866
2023-10-19,300750,volatility,0.018470140013600252,-0.028229985976464866
2023-10-19,300750,volume_factor,-0.17814978936033066,-0.028229985976464866
2023-10-19,600519,momentum,-0.11396013105625102,0.02860045376045517
2023-10-19,600519,volatility,0.01900287740897073,0.02860045376045517
2023-10-19,600519,volume_factor,2.111068779037157,0.02860045376045517
2023-10-20,000001,momentum,-0.0736392742796157,-0.017281105990783474
2023-10-20,000001,volatility,0.011590262378874082,-0.017281105990783474
2023-10-20,000001,volume_factor,-0.22439891686293578,-0.017281105990783474
2023-10-20,300750,momentum,-0.1729005299633103,0.022919105415562857
2023-10-20,300750,volatility,0.01847105528429912,0.022919105415562857
2023-10-20,300750,volume_factor,0.3758452149504705,0.022919105415562857
2023-10-20,600519,momentum,-0.1043032836107709,0.021259763333445036
2023-10-20,600519,volatility,0.019311015697913166,0.021259763333445036
2023-10-20,600519,volume_factor,0.8138573649980212,0.021259763333445036
2023-10-23,000001,momentum,-0.07741935483870976,-0.005827505827505908
2023-10-23,000001,volatility,0.011693560036062131,-0.005827505827505908
2023-10-23,000001,volume_factor,-0.1967948357810665,-0.005827505827505908
2023-10-23,300750,momentum,-0.16131591474057227,0.06785646717538008
2023-10-23,300750,volatility,0.01765139351351071,0.06785646717538008
2023-10-23,300750,volume_factor,-0.04388318650762035,0.06785646717538008
2023-10-23,600519,momentum,-0.08474461787859067,0.024836803016376807
2023-10-23,600519,volatility,0.01892401067787887,0.024836803016376807
2023-10-23,600519,volume_factor,0.015189216481034107,0.024836803016376807
2023-10-24,000001,momentum,-0.07303974221267451,-0.010428736964078977
2023-10-24,000001,volatility,0.011848418236100467,-0.010428736964078977
2023-10-24,000001,volume_factor,0.1296954802111372,-0.010428736964078977
2023-10-24,300750,momentum,-0.18850645675773015,0.05820072275407351
2023-10-24,300750,volatility,0.01544559881266292,0.05820072275407351
2023-10-24,300750,volume_factor,0.15867770205450893,0.05820072275407351
2023-10-24,600519,momentum,-0.11114426376249442,0.02794897616649883
2023-10-24,600519,volatility,0.017272326693796983,0.02794897616649883
2023-10-24,600519,volume_factor,0.2078935180035233,0.02794897616649883
2023-10-25,000001,momentum,-0.0893433799784713,0.011820330969267046
2023-10-25,000001,volatility,0.012364728727921926,0.011820330969267046
2023-10-25,000001,volume_factor,0.9638521528004842,0.011820330969267046
2023-10-25,300750,momentum,-0.18767752930847492,0.07349481848814299
2023-10-25,300750,volatility,0.015469683027757981,0.07349481848814299
2023-10-25,300750,volume_factor,0.00785887673032537,0.07349481848814299
2023-10-25,600519,momentum,-0.08929841230004365,0.06790459630589551
2023-10-25,600519,volatility,0.01843288449757977,0.06790459630589551
2023-10-25,600519,volume_factor,0.40332027462084485,0.06790459630589551
2023-10-26,000001,momentum,-0.08017334777898155,0.008244994110718551
2023-10-26,000001,volatility,0.012487148197515808,0.008244994110718551
2023-10-26,000001,volume_factor,-0.1675705021130499,0.008244994110718551
2023-10-26,300750,momentum,-0.16646618900685117,0.047057347220479384
2023-10-26,300750,volatility,0.01632126541365684,0.047057347220479384
2023-10-26,300750,volume_factor,0.8180533328885562,0.047057347220479384
2023-10-26,600519,momentum,-0.09085031875729555,0.07062905753301996
2023-10-26,600519,volatility,0.01842347488557157,0.07062905753301996
2023-10-26,600519,volume_factor,-0.14801790281329918,0.07062905753301996
2023-10-27,000001,momentum,-0.06571741511500562,0.003516998827667095
2023-10-27,000001,volatility,0.012529336262301273,0.003516998827667095
2023-10-27,000001,volume_factor,0.2694148058898951,0.003516998827667095
2023-10-27,300750,momentum,-0.1170495639225696,0.016382581461181767
2023-10-27,300750,volatility,0.01973406087206664,0.016382581461181767
2023-10-27,300750,volume_factor,0.9618823772799889,0.016382581461181767
2023-10-27,600519,momentum,-0.07397230294114077,0.08831716187650174
2023-10-27,600519,volatility,0.018315550193166434,0.08831716187650174
2023-10-27,600519,volume_factor,0.26831236569389416,0.08831716187650174
2023-10-30,000001,momentum,-0.08476394849785418,0.028135990621336537
2023-10-30,000001,volatility,0.011215315519393806,0.028135990621336537
2023-10-30,000001,volume_factor,0.12014445691227515,0.028135990621336537
2023-10-30,300750,momentum,-0.11917394923012903,0.05350499025571365
2023-10-30,300750,volatility,0.019554894534818464,0.05350499025571365
2023-10-30,300750,volume_factor,0.298196179557882,0.05350499025571365
2023-10-30,600519,momentum,-0.09908289345640053,0.08575824031946588
2023-10-30,600519,volatility,0.01652856710896132,0.08575824031946588
2023-10-30,600519,volume_factor,-0.09104803452251342,0.08575824031946588
2023-10-31,000001,momentum,-0.08172043010752705,0.016393442622950838
2023-10-31,000001,volatility,0.011274155657330753,0.016393442622950838
2023-10-31,000001,volume_factor,-0.08545216784069043,0.016393442622950838
2023-10-31,300750,momentum,-0.12424576315651403,0.033790665628183
2023-10-31,300750,volatility,0.019633893089761153,0.033790665628183
2023-10-31,300750,volume_factor,-0.27612475816824567,0.033790665628183
2023-10-31,600519,momentum,-0.08803225864092012,0.06961525148093228
2023-10-31,600519,volatility,0.01656863674573861,0.06961525148093228
2023-10-31,600519,volume_factor,-0.2587892575015909,0.06961525148093228
2023-11-01,000001,momentum,-0.07359307359307354,0.002336448598130758
2023-11-01,000001,volatility,0.011352604485784663,0.002336448598130758
2023-11-01,000001,volume_factor,-0.21205214373068937,0.002336448598130758
2023-11-01,300750,momentum,-0.09127603465906042,0.025466390287237184
2023-11-01,300750,volatility,0.019513686240717965,0.025466390287237184
2023-11-01,300750,volume_factor,-0.212499066885265,0.025466390287237184
2023-11-01,600519,momentum,-0.0210580132928333,0.010660260270100919
2023-11-01,600519,volatility,0.02232553462477469,0.010660260270100919
2023-11-01,600519,volume_factor,2.037763724777165,0.010660260270100919
2023-11-02,000001,momentum,-0.0745945945945945,0.001168224299065379
2023-11-02,000001,volatility,0.011330904362165469,0.001168224299065379
2023-11-02,000001,volume_factor,-0.14729268559441133,0.001168224299065379
2023-11-02,300750,momentum,-0.09779964318538148,0.035234899328858926
2023-11-02,300750,volatility,0.019577620896006943,0.035234899328858926
2023-11-02,300750,volume_factor,-0.44158925951855854,0.035234899328858926
2023-11-02,600519,momentum,-0.020776248833217936,0.008984963562006065
2023-11-02,600519,volatility,0.022325372212157652,0.008984963562006065
2023-11-02,600519,volume_factor,-0.10012220642244729,0.008984963562006065
2023-11-03,000001,momentum,-0.0775862068965516,-0.02102803738317749
2023-11-03,000001,volatility,0.011247599428734451,-0.02102803738317749
2023-11-03,000001,volume_factor,-0.04105498998696078,-0.02102803738317749
2023-11-03,300750,momentum,-0.0845719865465987,0.00942222222222222
2023-11-03,300750,volatility,0.019908123185663536,0.00942222222222222
2023-11-03,300750,volume_factor,-0.4154186163055702,0.00942222222222222
2023-11-03,600519,momentum,0.007713816789252981,-0.021353729965797763
2023-11-03,600519,volatility,0.02267593937951473,-0.021353729965797763
2023-11-03,600519,volume_factor,-0.041879663438641024,-0.021353729965797763
2023-11-06,000001,momentum,-0.04570184983677905,-0.050171037628278126
2023-11-06,000001,volatility,0.012823891201179332,-0.050171037628278126
2023-11-06,000001,volume_factor,0.34055538039777433,-0.050171037628278126
2023-11-06,300750,momentum,0.008936146145579915,-0.05174056841751218
2023-11-06,300750,volatility,0.022327695621253228,-0.05174056841751218
2023-11-06,300750,volume_factor,0.4194442724913767,-0.05174056841751218
2023-11-06,600519,momentum,0.02155769763789217,-0.028940942389436564
2023-11-06,600519,volatility,0.022445417099494488,-0.028940942389436564
2023-11-06,600519,volume_factor,-0.18409490123245653,-0.028940942389436564
2023-11-07,000001,momentum,-0.0461538461538461,-0.03801843317972353
2023-11-07,000001,volatility,0.012838816969117053,-0.03801843317972353
2023-11-07,000001,volume_factor,-0.13657067124312539,-0.03801843317972353
2023-11-07,300750,momentum,-0.01976935749588138,-0.043813387423935146
2023-11-07,300750,volatility,0.023533419062568,-0.043813387423935146
2023-11-07,300750,volume_factor,0.0454695870262245,-0.043813387423935146
2023-11-07,600519,momentum,0.013095790417865238,-0.01581466917421792
2023-11-07,600519,volatility,0.022629085181835,-0.01581466917421792
2023-11-07,600519,volume_factor,-0.3733348907688344,-0.01581466917421792
2023-11-08,000001,momentum,-0.052980132450331174,-0.015151515151515249
2023-11-08,000001,volatility,0.0129984501346279,-0.015151515151515249
2023-11-08,000001,volume_factor,0.17055261142061529,-0.015151515151515249
2023-11-08,300750,momentum,-0.01664016356201725,-0.04250649725671396
2023-11-08,300750,volatility,0.023551537331748192,-0.04250649725671396
2023-11-08,300750,volume_factor,-0.40598101492263816,-0.04250649725671396
2023-11-08,600519,momentum,0.012208855112150419,-0.015447841496999848
2023-11-08,600519,volatility,0.02262100711310746,-0.015447841496999848
2023-11-08,600519,volume_factor,-0.5289202668566617,-0.015447841496999848
2023-11-09,000001,momentum,-0.06746463547334047,-0.029171528588098017
2023-11-09,000001,volatility,0.012379621175961355,-0.029171528588098017
2023-11-09,000001,volume_factor,-0.13539410706399768,-0.029171528588098017
2023-11-09,300750,momentum,-0.025331452750352645,-0.059620282472794495
2023-11-09,300750,volatility,0.02349189066545284,-0.059620282472794495
2023-11-09,300750,volume_factor,-0.5418977308585122,-0.059620282472794495
2023-11-09,600519,momentum,0.004967688585342023,-0.020759938073702133
2023-11-09,600519,volatility,0.022615133998079,-0.020759938073702133
2023-11-09,600519,volume_factor,-0.584074606617438,-0.020759938073702133
2023-11-10,000001,momentum,-0.07709251101321579,-0.017899761336515607
2023-11-10,000001,volatility,0.01294781212130462,-0.017899761336515607
2023-11-10,000001,volume_factor,0.38005077316565306,-0.017899761336515607
2023-11-10,300750,momentum,-0.0091326857076377,-0.04872607725725031
2023-11-10,300750,volatility,0.022704122674514247,-0.04872607725725031
2023-11-10,300750,volume_factor,-0.49881643407245324,-0.04872607725725031
2023-11-10,600519,momentum,0.01554880911395573,-0.013819118707585787
2023-11-10,600519,volatility,0.022202889408920398,-0.013819118707585787
2023-11-10,600519,volume_factor,-0.45740304119235564,-0.013819118707585787
2023-11-13,000001,momentum,-0.08360836083608358,-0.007202881152461038
2023-11-13,000001,volatility,0.012899832325025522,-0.007202881152461038
2023-11-13,000001,volume_factor,-0.0008153280902423177,-0.007202881152461038
2023-11-13,300750,momentum,0.01860661166977784,-0.044632300780326206
2023-11-13,300750,volatility,0.021353103715614368,-0.044632300780326206
2023-11-13,300750,volume_factor,-0.44497852437151897,-0.044632300780326206
2023-11-13,600519,momentum,0.021630879507754663,-0.0009313588525659
2023-11-13,600519,volatility,0.022042511983414066,-0.0009313588525659
2023-11-13,600519,volume_factor,-0.3922380494712272,-0.0009313588525659
2023-11-14,000001,momentum,-0.08241758241758246,0.0011976047904191933
2023-11-14,000001,volatility,0.012931607669399816,0.0011976047904191933
2023-11-14,000001,volume_factor,-0.23069125057735962,0.0011976047904191933
2023-11-14,300750,momentum,-0.010554722638680625,-0.018607188314443412
2023-11-14,300750,volatility,0.022097918793879418,-0.018607188314443412
2023-11-14,300750,volume_factor,0.03685241970709563,-0.018607188314443412
2023-11-14,600519,momentum,0.02497217894502568,0.015342904294524118
2023-11-14,600519,volatility,0.022025166031567595,0.015342904294524118
2023-11-14,600519,volume_factor,-0.5744581953401895,0.015342904294524118
2023-11-15,000001,momentum,-0.06423034330011079,-0.02485207100591702
2023-11-15,000001,volatility,0.013392593472451331,-0.02485207100591702
2023-11-15,000001,volume_factor,0.3886750006698352,-0.02485207100591702
2023-11-15,300750,momentum,-0.010858540659865246,-0.04511731708788225
2023-11-15,300750,volatility,0.02209401329646581,-0.04511731708788225
2023-11-15,300750,volume_factor,0.036843409521179815,-0.04511731708788225
2023-11-15,600519,momentum,0.02853513702327648,0.0052979968878899
2023-11-15,600519,volatility,0.02203730880253704,0.0052979968878899
2023-11-15,600519,volume_factor,-0.38601370186943595,0.0052979968878899
2023-11-16,000001,momentum,-0.041474654377880116,-0.01081730769230771
2023-11-16,000001,volatility,0.01092033821084744,-0.01081730769230771
2023-11-16,000001,volume_factor,0.1747357369174185,-0.01081730769230771
2023-11-16,300750,momentum,-0.009450643253460012,-0.021235996552997793
2023-11-16,300750,volatility,0.022025893029990272,-0.021235996552997793
2023-11-16,300750,volume_factor,-0.2393376311905454,-0.021235996552997793
2023-11-16,600519,momentum,0.08807693610104628,0.01615212249470943
2023-11-16,600519,volatility,0.016369695984135384,0.01615212249470943
2023-11-16,600519,volume_factor,-0.5345165020905613,0.01615212249470943
2023-11-17,000001,momentum,-0.0518433179723502,-0.0060753341433780195
2023-11-17,000001,volatility,0.01107970916399036,-0.0060753341433780195
2023-11-17,000001,volume_factor,0.12323810565895088,-0.0060753341433780195
2023-11-17,300750,momentum,-0.0016634834575812718,-0.0353616391014564
2023-11-17,300750,volatility,0.021906172042880832,-0.0353616391014564
2023-11-17,300750,volume_factor,-0.496517892488582,-0.0353616391014564
2023-11-17,600519,momentum,0.072689484093728,0.014737776333306307
2023-11-17,600519,volatility,0.016414642617202782,0.014737776333306307
2023-11-17,600519,volume_factor,-0.1582187452753021,0.014737776333306307
2023-11-20,000001,momentum,-0.036130536130536184,-0.021765417170495738
2023-11-20,000001,volatility,0.010990653348072815,-0.021765417170495738
2023-11-20,000001,volume_factor,-0.21017082534584852,-0.021765417170495738
2023-11-20,300750,momentum,0.019171343885981074,-0.059402264711342245
2023-11-20,300750,volatility,0.02123460258426344,-0.059402264711342245
2023-11-20,300750,volume_factor,-0.4261595531437242,-0.059402264711342245
2023-11-20,600519,momentum,0.07951534018100936,0.00031074236350647766
2023-11-20,600519,volatility,0.01638807080852164,0.00031074236350647766
2023-11-20,600519,volume_factor,-0.26924285265472825,0.00031074236350647766
2023-11-21,000001,momentum,-0.03128621089223649,-0.03947368421052633
2023-11-21,000001,volatility,0.01123035256098683,-0.03947368421052633
2023-11-21,000001,volume_factor,0.2639653643727977,-0.03947368421052633
2023-11-21,300750,momentum,0.026564382172066248,-0.05366847826086951
2023-11-21,300750,volatility,0.02118032488796548,-0.05366847826086951
2023-11-21,300750,volume_factor,-0.07605609048444628,-0.05366847826086951
2023-11-21,600519,momentum,0.09872440416247064,-0.01280743026488651
2023-11-21,600519,volatility,0.01660358248973719,-0.01280743026488651
2023-11-21,600519,volume_factor,0.1814326116694831,-0.01280743026488651
2023-11-22,000001,momentum,-0.026004728132387744,-0.05339805825242727
2023-11-22,000001,volatility,0.01083172942807064,-0.05339805825242727
2023-11-22,000001,volume_factor,-0.06650598960029264,-0.05339805825242727
2023-11-22,300750,momentum,0.006484836925424453,-0.06411471164171567
2023-11-22,300750,volatility,0.021828454597754877,-0.06411471164171567
2023-11-22,300750,volume_factor,-0.12057826898580348,-0.06411471164171567
2023-11-22,600519,momentum,0.06824579246087725,-0.0041767502426199865
2023-11-22,600519,volatility,0.01615968972915063,-0.0041767502426199865
2023-11-22,600519,volume_factor,-0.47880980158558695,-0.0041767502426199865
2023-11-23,000001,momentum,-0.03062426383981154,-0.057108140947752184
2023-11-23,000001,volatility,0.010772683881002366,-0.057108140947752184
2023-11-23,000001,volume_factor,0.05520043182336831,-0.057108140947752184
2023-11-23,300750,momentum,-0.0023214957962103266,-0.06729136532293556
2023-11-23,300750,volatility,0.021645349025218252,-0.06729136532293556
2023-11-23,300750,volume_factor,-0.21264630187476252,-0.06729136532293556
2023-11-23,600519,momentum,0.07490880838567793,0.003368962665768249
2023-11-23,600519,volatility,0.016079889143462332,0.003368962665768249
2023-11-23,600519,volume_factor,-0.5138551288283908,0.003368962665768249
2023-11-24,000001,momentum,-0.041031652989449,-0.05378973105134466
2023-11-24,000001,volatility,0.01071526946631585,-0.05378973105134466
2023-11-24,000001,volume_factor,-0.13396760203149138,-0.05378973105134466
2023-11-24,300750,momentum,-0.058543636692164114,-0.060776661761883455
2023-11-24,300750,volatility,0.019586699860595875,-0.060776661761883455
2023-11-24,300750,volume_factor,-0.09703166517178796,-0.060776661761883455
2023-11-24,600519,momentum,0.06583905570946524,-0.010298420128730279
2023-11-24,600519,volatility,0.016212505198454314,-0.010298420128730279
2023-11-24,600519,volume_factor,-0.4235555849247781,-0.010298420128730279
2023-11-27,000001,momentum,-0.05158264947245017,-0.046971569839307725
2023-11-27,000001,volatility,0.010886192073226766,-0.046971569839307725
2023-11-27,000001,volume_factor,0.05561139612102073,-0.046971569839307725
2023-11-27,300750,momentum,-0.10228547806059185,-0.05953555687125833
2023-11-27,300750,volatility,0.01956124584486798,-0.05953555687125833
2023-11-27,300750,volume_factor,0.0398853202140621,-0.05953555687125833
2023-11-27,600519,momentum,0.05368073058165046,-0.007635674567425643
2023-11-27,600519,volatility,0.016431312276247535,-0.007635674567425643
2023-11-27,600519,volume_factor,-0.271076843768561,-0.007635674567425643
2023-11-28,000001,momentum,-0.059718969555035084,-0.05853051058530512
2023-11-28,000001,volatility,0.010899434589934951,-0.05853051058530512
2023-11-28,000001,volume_factor,-0.015807668030959343,-0.05853051058530512
2023-11-28,300750,momentum,-0.08196033790665636,-0.08555765842197993
2023-11-28,300750,volatility,0.019651726928798283,-0.08555765842197993
2023-11-28,300750,volume_factor,0.13426486496345746,-0.08555765842197993
2023-11-28,600519,momentum,0.05516187391011851,-0.037162894051089634
2023-11-28,600519,volatility,0.016432533054023552,-0.037162894051089634
2023-11-28,600519,volume_factor,-0.34123667841733474,-0.037162894051089634
2023-11-29,000001,momentum,-0.08878504672897203,-0.028205128205128216
2023-11-29,000001,volatility,0.012219615270110227,-0.028205128205128216
2023-11-29,000001,volume_factor,0.7392360109338867,-0.028205128205128216
2023-11-29,300750,momentum,-0.12253479419603197,-0.02679535637149022
2023-11-29,300750,volatility,0.02030302372349061,-0.02679535637149022
2023-11-29,300750,volume_factor,0.3922925193400062,-0.02679535637149022
2023-11-29,600519,momentum,-0.0038585841208204075,-0.04423103018639829
2023-11-29,600519,volatility,0.008384796648058893,-0.04423103018639829
2023-11-29,600519,volume_factor,-0.05989606174896944,-0.04423103018639829
2023-11-30,000001,momentum,-0.09345794392523377,-0.030927835051546393
2023-11-30,000001,volatility,0.01217245350844533,-0.030927835051546393
2023-11-30,000001,volume_factor,0.05108925653704288,-0.030927835051546393
2023-11-30,300750,momentum,-0.11127756471716199,-0.016924010518508448
2023-11-30,300750,volatility,0.020325246419928555,-0.016924010518508448
2023-11-30,300750,volume_factor,0.2410500678807046,-0.016924010518508448
2023-11-30,600519,momentum,0.0073798468681773866,-0.05585910076005007
2023-11-30,600519,volatility,0.008704076176282806,-0.05585910076005007
2023-11-30,600519,volume_factor,0.1919827396120879,-0.05585910076005007
2023-12-01,000001,momentum,-0.09579439252336452,-0.04651162790697683
2023-12-01,000001,volatility,0.012132278739966735,-0.04651162790697683
2023-12-01,000001,volume_factor,-0.09692437063547843,-0.04651162790697683
2023-12-01,300750,momentum,-0.1300148148148148,-0.01301001294189763
2023-12-01,300750,volatility,0.019948240410664366,-0.01301001294189763
2023-12-01,300750,volume_factor,-0.0921753362221891,-0.01301001294189763
2023-12-01,600519,momentum,-0.03073971974737455,-0.03445292905907904
2023-12-01,600519,volatility,0.008517522704645022,-0.03445292905907904
2023-12-01,600519,volume_factor,0.8303096757044126,-0.03445292905907904
2023-12-04,000001,momentum,-0.12086659064994298,-0.036316472114137466
2023-12-04,000001,volatility,0.009968621825705608,-0.036316472114137466
2023-12-04,000001,volume_factor,-0.2805101188699989,-0.036316472114137466
2023-12-04,300750,momentum,-0.1986097875441447,0.02588136541689967
2023-12-04,300750,volatility,0.013595658082919149,0.02588136541689967
2023-12-04,300750,volume_factor,0.3197485515684644,0.02588136541689967
2023-12-04,600519,momentum,-0.036953965813511735,-0.03300026295030245
2023-12-04,600519,volatility,0.00855954924187109,-0.03300026295030245
2023-12-04,600519,volume_factor,0.04160782674514496,-0.03300026295030245
2023-12-05,000001,momentum,-0.12903225806451613,-0.007936507936507908
2023-12-05,000001,volatility,0.010361605397873182,-0.007936507936507908
2023-12-05,000001,volume_factor,-0.07237197014778018,-0.007936507936507908
2023-12-05,300750,momentum,-0.187945523036801,0.03439908649728807
2023-12-05,300750,volatility,0.012789292261811035,0.03439908649728807
2023-12-05,300750,volume_factor,0.37294906750073253,0.03439908649728807
2023-12-05,600519,momentum,-0.05017341181642776,0.0006364308443957967
2023-12-05,600519,volatility,0.009886198218065176,0.0006364308443957967
2023-12-05,600519,volume_factor,0.6412679855868317,0.0006364308443957967
2023-12-06,000001,momentum,-0.1165501165501166,-0.04485488126649073
2023-12-06,000001,volatility,0.010507411673877845,-0.04485488126649073
2023-12-06,000001,volume_factor,-0.10623897902814572,-0.04485488126649073
2023-12-06,300750,momentum,-0.16725382616228712,-0.024481586795200738
2023-12-06,300750,volatility,0.015273322049207366,-0.024481586795200738
2023-12-06,300750,volume_factor,0.9175875382077594,-0.024481586795200738
2023-12-06,600519,momentum,-0.05796132264163567,-0.02774999193314187
2023-12-06,600519,volatility,0.009754223747338588,-0.02774999193314187
2023-12-06,600519,volume_factor,0.27649895368938227,-0.02774999193314187
2023-12-07,000001,momentum,-0.12252042007001174,-0.03856382978723394
2023-12-07,000001,volatility,0.010447999009173545,-0.03856382978723394
2023-12-07,000001,volume_factor,-0.30302109719109926,-0.03856382978723394
2023-12-07,300750,momentum,-0.156054642278305,-0.05390946502057625
2023-12-07,300750,volatility,0.01586836461131298,-0.05390946502057625
2023-12-07,300750,volume_factor,0.3474185585770093,-0.05390946502057625
2023-12-07,600519,momentum,-0.05736106201162949,-0.04144709191426077
2023-12-07,600519,volatility,0.009756506919759489,-0.04144709191426077
2023-12-07,600519,volume_factor,0.2977281207246798,-0.04144709191426077
2023-12-08,000001,momentum,-0.1193317422434369,-0.012195121951219523
2023-12-08,000001,volatility,0.01019393559517609,-0.012195121951219523
2023-12-08,000001,volume_factor,0.21755979746206977,-0.012195121951219523
2023-12-08,300750,momentum,-0.14934836209933078,-0.059282263630089704
2023-12-08,300750,volatility,0.01581737832385245,-0.059282263630089704
2023-12-08,300750,volume_factor,0.1885557727928806,-0.059282263630089704
2023-12-08,600519,momentum,-0.04371328718742107,-0.03862143644414662
2023-12-08,600519,volatility,0.009645323405610634,-0.03862143644414662
2023-12-08,600519,volume_factor,0.3284886218345555,-0.03862143644414662
2023-12-11,000001,momentum,-0.1080432172869148,-0.029609690444145298
2023-12-11,000001,volatility,0.010604684321107753,-0.029609690444145298
2023-12-11,000001,volume_factor,0.323030544890589,-0.029609690444145298
2023-12-11,300750,momentum,-0.1330101678883897,-0.1253238783581072
2023-12-11,300750,volatility,0.016443967455520257,-0.1253238783581072
2023-12-11,300750,volume_factor,0.020232454962830104,-0.1253238783581072
2023-12-11,600519,momentum,-0.04097978951289927,-0.023307759541614015
2023-12-11,600519,volatility,0.009586894961089344,-0.023307759541614015
2023-12-11,600519,volume_factor,0.7783346490624525,-0.023307759541614015
2023-12-12,000001,momentum,-0.10179640718562866,-0.04266666666666674
2023-12-12,000001,volatility,0.010994119655922731,-0.04266666666666674
2023-12-12,000001,volume_factor,-0.016970112541593974,-0.04266666666666674
2023-12-12,300750,momentum,-0.12152251651615253,-0.10093831930453978
2023-12-12,300750,volatility,0.01595989502282113,-0.10093831930453978
2023-12-12,300750,volume_factor,-0.28565385490878736,-0.10093831930453978
2023-12-12,600519,momentum,-0.034296633619138595,-0.02247934521438577
2023-12-12,600519,volatility,0.009819446061372394,-0.02247934521438577
2023-12-12,600519,volume_factor,-0.005191601584231598,-0.02247934521438577
2023-12-13,000001,momentum,-0.14319526627218926,-0.017955801104972413
2023-12-13,000001,volatility,0.012035258106275927,-0.017955801104972413
2023-12-13,000001,volume_factor,0.22356607100220738,-0.017955801104972413
2023-12-13,300750,momentum,-0.15157729658001085,-0.0774918242570738
2023-12-13,300750,volatility,0.016532911078230978,-0.0774918242570738
2023-12-13,300750,volume_factor,0.22035961847154306,-0.0774918242570738
2023-12-13,600519,momentum,-0.06973225973769359,0.005907537088048809
2023-12-13,600519,volatility,0.011804873832223296,0.005907537088048809
2023-12-13,600519,volume_factor,0.7521179311014596,0.005907537088048809
2023-12-14,000001,momentum,-0.1310096153846153,0.0027662517289073207
2023-12-14,000001,volatility,0.011967391171572663,0.0027662517289073207
2023-12-14,000001,volume_factor,-0.13454972677309163,0.0027662517289073207
2023-12-14,300750,momentum,-0.15092945955927617,-0.01623894446860963
2023-12-14,300750,volatility,0.01650507670664966,-0.01623894446860963
2023-12-14,300750,volume_factor,0.08533370288063225,-0.01623894446860963
2023-12-14,600519,momentum,-0.07727499066351295,0.0358932847650848
2023-12-14,600519,volatility,0.012096529553114799,0.0358932847650848
2023-12-14,600519,volume_factor,0.7274852882150693,0.0358932847650848
2023-12-15,000001,momentum,-0.11421628189550426,-0.00137174211248281
2023-12-15,000001,volatility,0.012396085670112482,-0.00137174211248281
2023-12-15,000001,volume_factor,0.14636055599482134,-0.00137174211248281
2023-12-15,300750,momentum,-0.15878795359170572,0.009463722397476282
2023-12-15,300750,volatility,0.01647422456472322,0.009463722397476282
2023-12-15,300750,volume_factor,-0.05668036892208017,0.009463722397476282
2023-12-15,600519,momentum,-0.06776377057069827,0.030009050987227948
2023-12-15,600519,volatility,0.012304315807310054,0.030009050987227948
2023-12-15,600519,volume_factor,0.525644716818163,0.030009050987227948
2023-12-18,000001,momentum,-0.1281741233373639,0.00832177531206657
2023-12-18,000001,volatility,0.012171459060082046,0.00832177531206657
2023-12-18,000001,volume_factor,-0.24205544913147914,0.00832177531206657
2023-12-18,300750,momentum,-0.20623723779469094,0.08239787963829115
2023-12-18,300750,volatility,0.019878200936307034,0.08239787963829115
2023-12-18,300750,volume_factor,0.8703463786007781,0.08239787963829115
2023-12-18,600519,momentum,-0.0624592150647898,0.0192966756156574
2023-12-18,600519,volatility,0.012590388476877845,0.0192966756156574
2023-12-18,600519,volume_factor,-0.18379485959359987,0.0192966756156574
2023-12-19,000001,momentum,-0.1411483253588517,0.0
2023-12-19,000001,volatility,0.011468055495431688,0.0
2023-12-19,000001,volume_factor,-0.23649122224695185,0.0
2023-12-19,300750,momentum,-0.19521986166007899,0.05471567799861865
2023-12-19,300750,volatility,0.020594895764155942,0.05471567799861865
2023-12-19,300750,volume_factor,0.08487805718556385,0.05471567799861865
2023-12-19,600519,momentum,-0.07026977483119978,0.00927343827018512
2023-12-19,600519,volatility,0.012002505759633847,0.00927343827018512
2023-12-19,600519,volume_factor,-0.07404859295581434,0.00927343827018512
2023-12-20,000001,momentum,-0.13713592233009708,0.012658227848101333
2023-12-20,000001,volatility,0.011369340375402296,0.012658227848101333
2023-12-20,000001,volume_factor,-0.15055702876211852,0.012658227848101333
2023-12-20,300750,momentum,-0.18034236624344646,0.04531442663378549
2023-12-20,300750,volatility,0.02045058470053078,0.04531442663378549
2023-12-20,300750,volume_factor,-0.08968134305995223,0.04531442663378549
2023-12-20,600519,momentum,-0.06916821247374172,0.011395954996865632
2023-12-20,600519,volatility,0.011997022587928194,0.011395954996865632
2023-12-20,600519,volume_factor,-0.05763285960598674,0.011395954996865632
2023-12-21,000001,momentum,-0.1190765492102066,0.0386206896551724
2023-12-21,000001,volatility,0.012824668294814707,0.0386206896551724
2023-12-21,000001,volume_factor,0.19512828527580695,0.0386206896551724
2023-12-21,300750,momentum,-0.14659455380164776,0.06337509211495962
2023-12-21,300750,volatility,0.023773530693547425,0.06337509211495962
2023-12-21,300750,volume_factor,0.7082617443881869,0.06337509211495962
2023-12-21,600519,momentum,-0.059348871397506886,0.03580870765664268
2023-12-21,600519,volatility,0.012510021845438802,0.03580870765664268
2023-12-21,600519,volume_factor,0.14322417431292078,0.03580870765664268
2023-12-22,000001,momentum,-0.11002444987775051,0.026098901098901006
2023-12-22,000001,volatility,0.01303322935676805,0.026098901098901006
2023-12-22,000001,volume_factor,0.1598579768096453,0.026098901098901006
2023-12-22,300750,momentum,-0.1196980359541936,0.0506540697674418
2023-12-22,300750,volatility,0.02413843921722431,0.0506540697674418
2023-12-22,300750,volume_factor,0.11088962792939028,0.0506540697674418
2023-12-22,600519,momentum,-0.053734101197992046,0.03602788499716869
2023-12-22,600519,volatility,0.012517167680078371,0.03602788499716869
2023-12-22,600519,volume_factor,-0.1604036975252311,0.03602788499716869
2023-12-25,000001,momentum,-0.1013597033374537,0.0027510316368639653
2023-12-25,000001,volatility,0.013006018776602027,0.0027510316368639653
2023-12-25,000001,volume_factor,-0.5106324614198575,0.0027510316368639653
2023-12-25,300750,momentum,-0.08657325175975261,-0.005113431760893072
2023-12-25,300750,volatility,0.02381296967800694,-0.005113431760893072
2023-12-25,300750,volume_factor,-0.47900701435318527,-0.005113431760893072
2023-12-25,600519,momentum,-0.04466465782361517,0.008460908133137268
2023-12-25,600519,volatility,0.012460019716395003,0.008460908133137268
2023-12-25,600519,volume_factor,-0.5131738946283613,0.008460908133137268
2023-12-26,000001,momentum,-0.10585305105853049,0.013927576601671321
2023-12-26,000001,volatility,0.013096599630534386,0.013927576601671321
2023-12-26,000001,volume_factor,-0.35002381504412705,0.013927576601671321
2023-12-26,300750,momentum,-0.10304770606278135,-0.0024010477299184485
2023-12-26,300750,volatility,0.02366640972852127,-0.0024010477299184485
2023-12-26,300750,volume_factor,-0.4808126410835214,-0.0024010477299184485
2023-12-26,600519,momentum,-0.049474185901125844,0.01562845942461233
2023-12-26,600519,volatility,0.012383801829519113,0.01562845942461233
2023-12-26,600519,volume_factor,-0.42367194053727153,0.01562845942461233
2023-12-27,000001,momentum,-0.07692307692307687,-0.001388888888888884
2023-12-27,000001,volatility,0.012013929535418293,-0.001388888888888884
2023-12-27,000001,volume_factor,-0.19040506058989026,-0.001388888888888884
2023-12-27,300750,momentum,-0.08450323974082086,-0.02307578885284578
2023-12-27,300750,volatility,0.022832050054609157,-0.02307578885284578
2023-12-27,300750,volume_factor,-0.28276939898749265,-0.02307578885284578
2023-12-27,600519,momentum,-0.05461184510812578,0.0012657236807767092
2023-12-27,600519,volatility,0.012305329536338144,0.0012657236807767092
2023-12-27,600519,volume_factor,-0.3721957313532631,0.0012657236807767092
2023-12-28,000001,momentum,-0.029639175257731853,-0.02390438247011961
2023-12-28,000001,volatility,0.01636257872925677,-0.02390438247011961
2023-12-28,000001,volume_factor,1.000941950125776,-0.02390438247011961
2023-12-28,300750,momentum,-0.027037961027577273,-0.08378378378378382
2023-12-28,300750,volatility,0.027438720816882572,-0.08378378378378382
2023-12-28,300750,volume_factor,0.5176211524397285,-0.08378378378378382
2023-12-28,600519,momentum,-0.02893684563963239,-0.03874516707006581
2023-12-28,600519,volatility,0.015062159126662578,-0.03874516707006581
2023-12-28,600519,volume_factor,0.4508724989687445,-0.03874516707006581
2023-12-29,000001,momentum,-0.03488372093023262,-0.032128514056224855
2023-12-29,000001,volatility,0.01642766545514783,-0.032128514056224855
2023-12-29,000001,volume_factor,0.023565601651508894,-0.032128514056224855
2023-12-29,300750,momentum,-0.015257816225052845,-0.0917202739157501
2023-12-29,300750,volatility,0.02736028218802083,-0.0917202739157501
2023-12-29,300750,volume_factor,-0.10079693783060395,-0.0917202739157501
2023-12-29,600519,momentum,-0.009440948949173134,-0.05152482314062046
2023-12-29,600519,volatility,0.014476485403838066,-0.05152482314062046
2023-12-29,600519,volume_factor,0.053177046484502055,-0.05152482314062046
2024-01-02,000001,momentum,-0.054474708171206254,-0.004115226337448541
2024-01-02,000001,volatility,0.01717721976249536,-0.004115226337448541
2024-01-02,000001,volume_factor,0.34405982726978324,-0.004115226337448541
2024-01-02,300750,momentum,-0.033715724678231807,-0.05885333719415087
2024-01-02,300750,volatility,0.028545238029352285,-0.05885333719415087
2024-01-02,300750,volume_factor,-0.14728584886059692,-0.05885333719415087
2024-01-02,600519,momentum,-0.029168701401149466,-0.028381280349784266
2024-01-02,600519,volatility,0.015517590086330134,-0.028381280349784266
2024-01-02,600519,volume_factor,0.19831707926049869,-0.028381280349784266
2024-01-03,000001,momentum,-0.03703703703703698,-0.015109890109890167
2024-01-03,000001,volatility,0.016716235618447324,-0.015109890109890167
2024-01-03,000001,volume_factor,-0.14612384969517056,-0.015109890109890167
2024-01-03,300750,momentum,-0.02148158721096194,-0.0374881482021735
2024-01-03,300750,volatility,0.028254457786450426,-0.0374881482021735
2024-01-03,300750,volume_factor,-0.20485195812892143,-0.0374881482021735
2024-01-03,600519,momentum,0.0026421522934010344,-0.033661182565430936
2024-01-03,600519,volatility,0.014442238449300081,-0.033661182565430936
2024-01-03,600519,volume_factor,-0.23231349570787763,-0.033661182565430936
2024-01-04,000001,momentum,-0.05145118733509235,0.008344923504867818
2024-01-04,000001,volatility,0.01684474653280146,0.008344923504867818
2024-01-04,000001,volume_factor,-0.000596269545290129,0.008344923504867818
2024-01-04,300750,momentum,-0.08100423052916295,0.027318692928835597
2024-01-04,300750,volatility,0.028252108258184656,0.027318692928835597
2024-01-04,300750,volume_factor,0.1177808346489162,0.027318692928835597
2024-01-04,600519,momentum,-0.009609241392662282,-0.014615615185122444
2024-01-04,600519,volatility,0.01487360404844312,-0.014615615185122444
2024-01-04,600519,volume_factor,-0.17855890469438473,-0.014615615185122444
2024-01-05,000001,momentum,-0.022606382978723416,-0.010884353741496655
2024-01-05,000001,volatility,0.01766541366736647,-0.010884353741496655
2024-01-05,000001,volume_factor,1.1300275704831235,-0.010884353741496655
2024-01-05,300750,momentum,-0.09320987654320989,0.02821269192950604
2024-01-05,300750,volatility,0.028035533980358948,0.02821269192950604
2024-01-05,300750,volume_factor,-0.1263564954582399,0.02821269192950604
2024-01-05,600519,momentum,-0.01133490672787818,-0.013276477743914383
2024-01-05,600519,volatility,0.014888270314932233,-0.013276477743914383
2024-01-05,600519,volume_factor,-0.22129279321732676,-0.013276477743914383
2024-01-08,000001,momentum,-0.020325203252032464,0.008298755186721962
2024-01-08,000001,volatility,0.017552221522996635,0.008298755186721962
2024-01-08,000001,volume_factor,0.19269136176508228,0.008298755186721962
2024-01-08,300750,momentum,-0.09378881987577636,0.012946462569491946
2024-01-08,300750,volatility,0.028037875864716684,0.012946462569491946
2024-01-08,300750,volume_factor,-0.18623414480157707,0.012946462569491946
2024-01-08,600519,momentum,-0.026955081309983364,-0.0026429967210942484
2024-01-08,600519,volatility,0.015104249986382906,-0.0026429967210942484
2024-01-08,600519,volume_factor,-0.014427660430923028,-0.0026429967210942484
2024-01-09,000001,momentum,-0.02288021534320317,0.02203856749311295
2024-01-09,000001,volatility,0.01750169167684079,0.02203856749311295
2024-01-09,000001,volume_factor,-0.16867000644334607,0.02203856749311295
2024-01-09,300750,momentum,-0.11352788763125599,0.06345665718021687
2024-01-09,300750,volatility,0.027779517471669093,0.06345665718021687
2024-01-09,300750,volume_factor,-0.021965184509389557,0.06345665718021687
2024-01-09,600519,momentum,-0.024531416917548676,-0.0010420400090267457
2024-01-09,600519,volatility,0.015086739073464988,-0.0010420400090267457
2024-01-09,600519,volume_factor,-0.03660673412366411,-0.0010420400090267457
2024-01-10,000001,momentum,-0.04400000000000004,0.019525801952580135
2024-01-10,000001,volatility,0.0174971130052736,0.019525801952580135
2024-01-10,000001,volume_factor,-0.06856772847276282,0.019525801952580135
2024-01-10,300750,momentum,-0.08948530426383328,0.011972417973782123
2024-01-10,300750,volatility,0.02811499622244351,0.011972417973782123
2024-01-10,300750,volume_factor,-0.04637657402608664,0.011972417973782123
2024-01-10,600519,momentum,-0.03172420882213112,-0.0427957217548236
2024-01-10,600519,volatility,0.014946982778434688,-0.0427957217548236
2024-01-10,600519,volume_factor,-0.31028040355214936,-0.0427957217548236
2024-01-11,000001,momentum,0.0013812154696133394,0.0041379310344829
2024-01-11,000001,volatility,0.015939495280359303,0.0041379310344829
2024-01-11,000001,volume_factor,0.02095919608335528,0.0041379310344829
2024-01-11,300750,momentum,-0.03220531778757285,-0.001542643061779203
2024-01-11,300750,volatility,0.028542856823107775,-0.001542643061779203
2024-01-11,300750,volume_factor,0.32704290179227935,-0.001542643061779203
2024-01-11,600519,momentum,0.003770203444957154,-0.0236075200201028
2024-01-11,600519,volatility,0.013115939817589553,-0.0236075200201028
2024-01-11,600519,volume_factor,-0.3160754101633998,-0.0236075200201028
2024-01-12,000001,momentum,0.0055325034578146415,-0.0027510316368637433
2024-01-12,000001,volatility,0.015944920251512923,-0.0027510316368637433
2024-01-12,000001,volume_factor,-0.15747305603997985,-0.0027510316368637433
2024-01-12,300750,momentum,-0.014499057561258466,0.0019861703692807264
2024-01-12,300750,volatility,0.02822461559124717,0.0019861703692807264
2024-01-12,300750,volume_factor,0.024491314202966574,0.0019861703692807264
2024-01-12,600519,momentum,0.01772066511518089,-0.005342276896972198
2024-01-12,600519,volatility,0.012568337114390421,-0.005342276896972198
2024-01-12,600519,volume_factor,-0.4862689970445967,-0.005342276896972198
2024-01-15,000001,momentum,0.0,-0.015089163237311465
2024-01-15,000001,volatility,0.015848152451904837,-0.015089163237311465
2024-01-15,000001,volume_factor,-0.17645902236166744,-0.015089163237311465
2024-01-15,300750,momentum,-0.02420952241214891,0.02977219757912941
2024-01-15,300750,volatility,0.02851525135114702,0.02977219757912941
2024-01-15,300750,volume_factor,-0.3009155140358649,0.02977219757912941
2024-01-15,600519,momentum,0.009459957762059767,0.0013283211349175428
2024-01-15,600519,volatility,0.01252358978011832,0.0013283211349175428
2024-01-15,600519,volume_factor,-0.17433568567966773,0.0013283211349175428
2024-01-16,000001,momentum,0.029126213592232997,-0.02425876010781669
2024-01-16,000001,volatility,0.016094144732085973,-0.02425876010781669
2024-01-16,000001,volume_factor,0.5236592491837804,-0.02425876010781669
2024-01-16,300750,momentum,0.07779856563766763,-0.021987559670186507
2024-01-16,300750,volatility,0.026375847161994696,-0.021987559670186507
2024-01-16,300750,volume_factor,0.1869772840649906,-0.021987559670186507
2024-01-16,600519,momentum,-0.0022935931855092573,-0.013573939099987276
2024-01-16,600519,volatility,0.01226055739157881,-0.013573939099987276
2024-01-16,600519,volume_factor,0.18148521490049752,-0.013573939099987276
2024-01-17,000001,momentum,0.01810584958217265,0.013679890560875485
2024-01-17,000001,volatility,0.016465941409356498,0.013679890560875485
2024-01-17,000001,volume_factor,0.5034994772528274,0.013679890560875485
2024-01-17,300750,momentum,0.024863786355613593,0.009284912017970548
2024-01-17,300750,volatility,0.027540159707429433,0.009284912017970548
2024-01-17,300750,volume_factor,-0.08617037716389686,0.009284912017970548
2024-01-17,600519,momentum,-0.05184844402089961,0.03396503680700924
2024-01-17,600519,volatility,0.015170058750150586,0.03396503680700924
2024-01-17,600519,volume_factor,1.2069723107961394,0.03396503680700924
2024-01-18,000001,momentum,0.02390998593530247,0.041208791208791284
2024-01-18,000001,volatility,0.016319256210094443,0.041208791208791284
2024-01-18,000001,volume_factor,0.691086903141201,0.041208791208791284
2024-01-18,300750,momentum,0.047472256473489516,0.002869334902884102
2024-01-18,300750,volatility,0.0277337758980918,0.002869334902884102
2024-01-18,300750,volume_factor,0.2671392618934796,0.002869334902884102
2024-01-18,600519,momentum,-0.02568214061829821,0.018374161039735215
2024-01-18,600519,volatility,0.01623825967132498,0.018374161039735215
2024-01-18,600519,volume_factor,1.3924505597162629,0.018374161039735215
2024-01-19,000001,momentum,0.0,0.0620689655172415
2024-01-19,000001,volatility,0.015766744511413654,0.0620689655172415
2024-01-19,000001,volume_factor,-0.06881428984798721,0.0620689655172415
2024-01-19,300750,momentum,0.003758290346352444,-0.035973863886645696
2024-01-19,300750,volatility,0.02581526315448244,-0.035973863886645696
2024-01-19,300750,volume_factor,0.13106447623373474,-0.035973863886645696
2024-01-19,600519,momentum,-0.022791503327559526,0.0015459864326363704
2024-01-19,600519,volatility,0.016392834097398362,0.0015459864326363704
2024-01-19,600519,volume_factor,0.7748200420188971,0.0015459864326363704
2024-01-22,000001,momentum,-0.013736263736263798,0.08356545961002793
2024-01-22,000001,volatility,0.015882829756787044,0.08356545961002793
2024-01-22,000001,volume_factor,0.4853293276410997,0.08356545961002793
2024-01-22,300750,momentum,-0.004578488372092959,-0.06307950646126881
2024-01-22,300750,volatility,0.025651633527228615,-0.06307950646126881
2024-01-22,300750,volume_factor,0.6775276925604268,-0.06307950646126881
2024-01-22,600519,momentum,-0.01864858003918468,0.005306236154040134
2024-01-22,600519,volatility,0.016439910685452055,0.005306236154040134
2024-01-22,600519,volume_factor,0.7136672501054022,0.005306236154040134
2024-01-23,000001,momentum,-0.004126547455295615,0.046961325966850875
2024-01-23,000001,volatility,0.0160055620117609,0.046961325966850875
2024-01-23,000001,volume_factor,0.032284263184147566,0.046961325966850875
2024-01-23,300750,momentum,-0.02614332012963627,-0.09732288123058719
2024-01-23,300750,volatility,0.02571345609408821,-0.09732288123058719
2024-01-23,300750,volume_factor,0.2870358603100034,-0.09732288123058719
2024-01-23,600519,momentum,-0.03446795780601697,-0.00404132932792689
2024-01-23,600519,volatility,0.01674558700657374,-0.00404132932792689
2024-01-23,600519,volume_factor,0.22171271251085023,-0.00404132932792689
2024-01-24,000001,momentum,0.03203342618384397,0.01754385964912286
2024-01-24,000001,volatility,0.016555122661760322,0.01754385964912286
2024-01-24,000001,volume_factor,0.5153192674619829,0.01754385964912286
2024-01-24,300750,momentum,-0.019281140861466817,-0.014021811707099818
2024-01-24,300750,volatility,0.025630101528355227,-0.014021811707099818
2024-01-24,300750,volume_factor,-0.0324900281819227,-0.014021811707099818
2024-01-24,600519,momentum,-0.02865217561178912,-0.014138610675355046
2024-01-24,600519,volatility,0.01680551865686896,-0.014138610675355046
2024-01-24,600519,volume_factor,0.12843335428309355,-0.014138610675355046
2024-01-25,000001,momentum,0.05277777777777781,-0.01187335092348285
2024-01-25,000001,volatility,0.01722426890181984,-0.01187335092348285
2024-01-25,000001,volume_factor,0.7482748680990734,-0.01187335092348285
2024-01-25,300750,momentum,0.004939545856679661,-0.0438705890983786
2024-01-25,300750,volatility,0.025587255223931633,-0.0438705890983786
2024-01-25,300750,volume_factor,0.1203712325200903,-0.0438705890983786
2024-01-25,600519,momentum,-0.018959757816169875,-0.01860127954457791
2024-01-25,600519,volatility,0.016933972702443456,-0.01860127954457791
2024-01-25,600519,volume_factor,0.03355082303845269,-0.01860127954457791
2024-01-26,000001,momentum,0.02257636122177953,-0.045454545454545525
2024-01-26,000001,volatility,0.014335515377771023,-0.045454545454545525
2024-01-26,000001,volume_factor,0.7927647410239751,-0.045454545454545525
2024-01-26,300750,momentum,-0.09002079002079011,-0.030462264869393074
2024-01-26,300750,volatility,0.02214183970771132,-0.030462264869393074
2024-01-26,300750,volume_factor,0.05440087544447669,-0.030462264869393074
2024-01-26,600519,momentum,-0.05511583314997015,-0.027492049129063556
2024-01-26,600519,volatility,0.014298060597577263,-0.027492049129063556
2024-01-26,600519,volume_factor,-0.09009126092658448,-0.027492049129063556
2024-01-29,000001,momentum,0.041499330655957234,-0.04113110539845766
2024-01-29,000001,volatility,0.014304310043325169,-0.04113110539845766
2024-01-29,000001,volume_factor,0.7685758077565481,-0.04113110539845766
2024-01-29,300750,momentum,-0.11233312582140131,0.03833865814696469
2024-01-29,300750,volatility,0.022450681425691066,0.03833865814696469
2024-01-29,300750,volume_factor,-0.15410469554958228,0.03833865814696469
2024-01-29,600519,momentum,-0.047748891094831825,-0.013188973780399293
2024-01-29,600519,volatility,0.014499764339768328,-0.013188973780399293
2024-01-29,600519,volume_factor,0.05376124113160019,-0.013188973780399293
2024-01-30,000001,momentum,0.03978052126200282,0.0237467018469657
2024-01-30,000001,volatility,0.014463387032778382,0.0237467018469657
2024-01-30,000001,volume_factor,0.157176082688536,0.0237467018469657
2024-01-30,300750,momentum,-0.11640364847256401,0.1440275274455185
2024-01-30,300750,volatility,0.022866528576943223,0.1440275274455185
2024-01-30,300750,volume_factor,0.24442119075815527,0.1440275274455185
2024-01-30,600519,momentum,-0.04643799131988102,0.04260614340010549
2024-01-30,600519,volatility,0.014388469800452287,0.04260614340010549
2024-01-30,600519,volume_factor,0.037392302405267364,0.04260614340010549
2024-01-31,000001,momentum,0.03571428571428559,0.019893899204244114
2024-01-31,000001,volatility,0.014538206105215343,0.019893899204244114
2024-01-31,000001,volume_factor,-0.027652313398377815,0.019893899204244114
2024-01-31,300750,momentum,-0.030705273138356137,0.060270880361173784
2024-01-31,300750,volatility,0.031155224726105907,0.060270880361173784
2024-01-31,300750,volume_factor,1.1041823390668393,0.060270880361173784
2024-01-31,600519,momentum,-0.0571214239000809,0.07213529447765166
2024-01-31,600519,volatility,0.014275905340012645,0.07213529447765166
2024-01-31,600519,volume_factor,-0.01903922155738147,0.07213529447765166
2024-02-01,000001,momentum,0.041724617524339314,0.03471295060080104
2024-02-01,000001,volatility,0.014297675741606135,0.03471295060080104
2024-02-01,000001,volume_factor,-0.2491218313099247,0.03471295060080104
2024-02-01,300750,momentum,-0.016451588559353802,0.10603851760914584
2024-02-01,300750,volatility,0.030532132161481623,0.10603851760914584
2024-02-01,300750,volume_factor,-0.012536069400120864,0.10603851760914584
2024-02-01,600519,momentum,-0.038425449285183655,0.06503398410235217
2024-02-01,600519,volatility,0.013990888640677135,0.06503398410235217
2024-02-01,600519,volume_factor,-0.13081718281062582,0.06503398410235217
2024-02-02,000001,momentum,0.0,0.07346938775510203
2024-02-02,000001,volatility,0.014197631970616638,0.07346938775510203
2024-02-02,000001,volume_factor,0.17781409896696032,0.07346938775510203
2024-02-02,300750,momentum,-0.03706224945163006,0.11067473097164404
2024-02-02,300750,volatility,0.03095450518147247,0.11067473097164404
2024-02-02,300750,volume_factor,0.06590649175099239,0.11067473097164404
2024-02-02,600519,momentum,-0.044054361617244964,0.06802539578287692
2024-02-02,600519,volatility,0.01409106643597262,0.06802539578287692
2024-02-02,600519,volume_factor,0.2530824326001253,0.06802539578287692
2024-02-05,000001,momentum,0.03181189488243419,0.05898123324396787
2024-02-05,000001,volatility,0.014015698149372167,0.05898123324396787
2024-02-05,000001,volume_factor,0.2686885489447526,0.05898123324396787
2024-02-05,300750,momentum,0.014774198461655619,0.04795497185741082
2024-02-05,300750,volatility,0.03272465551680283,0.04795497185741082
2024-02-05,300750,volume_factor,0.5609527015692952,0.04795497185741082
2024-02-05,600519,momentum,-0.009260424601728934,0.026737181330106274
2024-02-05,600519,volatility,0.014945203805657751,0.026737181330106274
2024-02-05,600519,volume_factor,0.6195553767226638,0.026737181330106274
2024-02-06,000001,momentum,0.06887052341597788,0.14432989690721665
2024-02-06,000001,volatility,0.016459755866317843,0.14432989690721665
2024-02-06,000001,volume_factor,0.3454500094398145,0.14432989690721665
2024-02-06,300750,momentum,0.07407122529036214,0.020552850186193128
2024-02-06,300750,volatility,0.03421204550369699,0.020552850186193128
2024-02-06,300750,volume_factor,0.40155155886363403,0.020552850186193128
2024-02-06,600519,momentum,0.023230191284032253,0.027022819558138567
2024-02-06,600519,volatility,0.016472080351793483,0.027022819558138567
2024-02-06,600519,volume_factor,0.5338967443573637,0.027022819558138567
2024-02-07,000001,momentum,0.07252440725244069,0.16775032509752918
2024-02-07,000001,volatility,0.016305124507589263,0.16775032509752918
2024-02-07,000001,volume_factor,0.33615123981556594,0.16775032509752918
2024-02-07,300750,momentum,0.06774266878836088,0.005322546306152809
2024-02-07,300750,volatility,0.03413735008357302,0.005322546306152809
2024-02-07,300750,volume_factor,0.1481944644399089,0.005322546306152809
2024-02-07,600519,momentum,0.04610658456965422,0.004687153141153644
2024-02-07,600519,volatility,0.017149617075323833,0.004687153141153644
2024-02-07,600519,volume_factor,0.46232499694196405,0.004687153141153644
2024-02-08,000001,momentum,0.06896551724137923,0.1522580645161289
2024-02-08,000001,volatility,0.01624075684818318,0.1522580645161289
2024-02-08,000001,volume_factor,0.0490439743133293,0.1522580645161289
2024-02-08,300750,momentum,0.05891427312128128,-0.016233090530697214
2024-02-08,300750,volatility,0.03382500574081812,-0.016233090530697214
2024-02-08,300750,volume_factor,-0.027872854482307363,-0.016233090530697214
2024-02-08,600519,momentum,0.03929957744522983,0.0051474237430486625
2024-02-08,600519,volatility,0.017192322388185046,0.0051474237430486625
2024-02-08,600519,volume_factor,0.2472990348551216,0.0051474237430486625
2024-02-19,000001,momentum,0.08528198074277848,0.09125475285171092
2024-02-19,000001,volatility,0.016563158227696242,0.09125475285171092
2024-02-19,000001,volume_factor,-0.009713914494739129,0.09125475285171092
2024-02-19,300750,momentum,0.040164778578784865,-0.02892503536067892
2024-02-19,300750,volatility,0.03418609366903224,-0.02892503536067892
2024-02-19,300750,volume_factor,-0.14987159036691622,-0.02892503536067892
2024-02-19,600519,momentum,0.03471154356010375,-0.0002882601259375228
2024-02-19,600519,volatility,0.017279517127969476,-0.0002882601259375228
2024-02-19,600519,volume_factor,-0.04588533697326558,-0.0002882601259375228
2024-02-20,000001,momentum,0.08367626886145407,0.08607594936708862
2024-02-20,000001,volatility,0.016573449328089438,0.08607594936708862
2024-02-20,000001,volume_factor,-0.31486269343812434,0.08607594936708862
2024-02-20,300750,momentum,0.049845876249905885,-0.003580635920939601
2024-02-20,300750,volatility,0.033908148673042954,-0.003580635920939601
2024-02-20,300750,volume_factor,-0.30889281888173525,-0.003580635920939601
2024-02-20,600519,momentum,0.019924817023763586,0.01269812328249742
2024-02-20,600519,volatility,0.017736224705809097,0.01269812328249742
2024-02-20,600519,volume_factor,-0.12923980892282894,0.01269812328249742
2024-02-21,000001,momentum,0.19676549865229132,-0.03490990990990994
2024-02-21,000001,volatility,0.031491450408293035,-0.03490990990990994
2024-02-21,000001,volume_factor,1.7764707833704323,-0.03490990990990994
2024-02-21,300750,momentum,0.030739187038912208,-0.029401445512595603
2024-02-21,300750,volatility,0.03309038447670263,-0.029401445512595603
2024-02-21,300750,volume_factor,-0.19379972461356543,-0.029401445512595603
2024-02-21,600519,momentum,0.05197695818854697,-0.022806507844276513
2024-02-21,600519,volatility,0.01894477263423939,-0.022806507844276513
2024-02-21,600519,volume_factor,0.13683583074806682,-0.022806507844276513
2024-02-22,000001,momentum,0.22845417236662113,-0.034521158129176
2024-02-22,000001,volatility,0.030968268655599766,-0.034521158129176
2024-02-22,000001,volume_factor,1.4701033478303906,-0.034521158129176
2024-02-22,300750,momentum,0.06072631973043796,0.022306932090921938
2024-02-22,300750,volatility,0.03205771355189451,0.022306932090921938
2024-02-22,300750,volume_factor,-0.3439027608907699,0.022306932090921938
2024-02-22,600519,momentum,0.09799952864846873,-0.014759728289689633
2024-02-22,600519,volatility,0.01586763136367514,-0.014759728289689633
2024-02-22,600519,volume_factor,-0.41787740029164866,-0.014759728289689633
2024-02-23,000001,momentum,0.2266483516483515,-0.04031354983202684
2024-02-23,000001,volatility,0.031006984148046136,-0.04031354983202684
2024-02-23,000001,volume_factor,0.7123535638501346,-0.04031354983202684
2024-02-23,300750,momentum,0.043334314302531096,0.02855933996192106
2024-02-23,300750,volatility,0.03188218914073112,0.02855933996192106
2024-02-23,300750,volume_factor,-0.3317600452114997,0.02855933996192106
2024-02-23,600519,momentum,0.06990714716260427,-0.018376325367937985
2024-02-23,600519,volatility,0.015316525958126829,-0.018376325367937985
2024-02-23,600519,volume_factor,-0.27183999999999997,-0.018376325367937985
2024-02-26,000001,momentum,0.1875862068965517,-0.023228803716608515
2024-02-26,000001,volatility,0.03257588581245457,-0.023228803716608515
2024-02-26,000001,volume_factor,0.31414242755351296,-0.023228803716608515
2024-02-26,300750,momentum,0.008075765362308251,0.05753404704682841
2024-02-26,300750,volatility,0.032794340844231586,0.05753404704682841
2024-02-26,300750,volume_factor,0.1296962483261943,0.05753404704682841
2024-02-26,600519,momentum,0.03996908027134727,-0.011969448431412788
2024-02-26,600519,volatility,0.01538101971907857,-0.011969448431412788
2024-02-26,600519,volume_factor,-0.252524146988809,-0.011969448431412788
2024-02-27,000001,momentum,0.1949860724233985,-0.00815850815850816
2024-02-27,000001,volatility,0.03241761533891757,-0.00815850815850816
2024-02-27,000001,volume_factor,-0.098473845936624,-0.00815850815850816
2024-02-27,300750,momentum,0.015842885303350984,0.04901538019261187
2024-02-27,300750,volatility,0.03289809308936555,0.04901538019261187
2024-02-27,300750,volume_factor,-0.07377896085310276,0.04901538019261187
2024-02-27,600519,momentum,0.03150577716461278,0.003600915661410964
2024-02-27,600519,volatility,0.0154171266465923,0.003600915661410964
2024-02-27,600519,volume_factor,-0.374569804298133,0.003600915661410964
2024-02-28,000001,momentum,0.18370165745856348,-0.018669778296382722
2024-02-28,000001,volatility,0.032503873687759345,-0.018669778296382722
2024-02-28,000001,volume_factor,0.3427847555622654,-0.018669778296382722
2024-02-28,300750,momentum,0.0229256027214908,0.047932330827067604
2024-02-28,300750,volatility,0.032778978930133124,0.047932330827067604
2024-02-28,300750,volume_factor,0.26302488406354807,0.047932330827067604
2024-02-28,600519,momentum,0.04213085824363816,-0.000646324674737131
2024-02-28,600519,volatility,0.014992216186778927,-0.000646324674737131
2024-02-28,600519,volume_factor,-0.09353639422789739,-0.000646324674737131
2024-02-29,000001,momentum,0.17004048582995956,-0.02422145328719716
2024-02-29,000001,volatility,0.03233271067549921,-0.02422145328719716
2024-02-29,000001,volume_factor,-0.19769649211992446,-0.02422145328719716
2024-02-29,300750,momentum,0.07441204837154092,-0.023201215301753786
2024-02-29,300750,volatility,0.03427680224060269,-0.023201215301753786
2024-02-29,300750,volume_factor,0.20673448267469108,-0.023201215301753786
2024-02-29,600519,momentum,0.04625718997626804,-0.00728537926261974
2024-02-29,600519,volatility,0.015053999572592916,-0.00728537926261974
2024-02-29,600519,volume_factor,-0.2871785422257028,-0.00728537926261974
2024-03-01,000001,momentum,0.13060686015831147,-0.012835472578763052
2024-03-01,000001,volatility,0.032432901634768425,-0.012835472578763052
2024-03-01,000001,volume_factor,-0.19937212939291882,-0.012835472578763052
2024-03-01,300750,momentum,0.07006089061697618,-0.044906074317839106
2024-03-01,300750,volatility,0.034244158830885434,-0.044906074317839106
2024-03-01,300750,volume_factor,-0.13236837193678064,-0.044906074317839106
2024-03-01,600519,momentum,0.031296968729632946,-0.008789465538588614
2024-03-01,600519,volatility,0.015112957469493277,-0.008789465538588614
2024-03-01,600519,volume_factor,-0.22156712201764428,-0.008789465538588614
2024-03-04,000001,momentum,0.09220779220779218,0.01664684898929858
2024-03-04,000001,volatility,0.0328328139881227,0.01664684898929858
2024-03-04,000001,volume_factor,-0.26485409877924004,0.01664684898929858
2024-03-04,300750,momentum,0.10585637042114082,0.11672749810619099
2024-03-04,300750,volatility,0.03296665301580677,0.11672749810619099
2024-03-04,300750,volume_factor,-0.17180415868084775,0.11672749810619099
2024-03-04,600519,momentum,0.025935142184194016,0.01179667436249976
2024-03-04,600519,volatility,0.015195447279335517,0.01179667436249976
2024-03-04,600519,volume_factor,-0.2321407862692798,0.01179667436249976
2024-03-05,000001,momentum,0.09383033419023135,0.015276145710928501
2024-03-05,000001,volatility,0.03284772256546038,0.015276145710928501
2024-03-05,000001,volume_factor,-0.18307034494092844,0.015276145710928501
2024-03-05,300750,momentum,0.13738019169329063,0.14517676075637165
2024-03-05,300750,volatility,0.03229211256071475,0.14517676075637165
2024-03-05,300750,volume_factor,-0.1564465337792953,0.14517676075637165
2024-03-05,600519,momentum,0.029756013881741206,0.0319716035777442
2024-03-05,600519,volatility,0.015309889097374024,0.0319716035777442
2024-03-05,600519,volume_factor,0.04333505600605769,0.0319716035777442
2024-03-06,000001,momentum,0.10949868073878632,0.0
2024-03-06,000001,volatility,0.03230526809987277,0.0
2024-03-06,000001,volume_factor,-0.39191054481903165,0.0
2024-03-06,300750,momentum,0.1875307225954448,0.14860296654018645
2024-03-06,300750,volatility,0.029738609421197104,0.14860296654018645
2024-03-06,300750,volume_factor,-0.4143031990065872,0.14860296654018645
2024-03-06,600519,momentum,0.04568325375677973,0.03033223171496746
2024-03-06,600519,volatility,0.014300230696500668,0.03033223171496746
2024-03-06,600519,volume_factor,-0.3543975869363334,0.03033223171496746
2024-03-07,000001,momentum,0.1220159151193636,-0.01773049645390079
2024-03-07,000001,volatility,0.03220227153335419,-0.01773049645390079
2024-03-07,000001,volume_factor,-0.1022686310730494,-0.01773049645390079
2024-03-07,300750,momentum,0.06440933032355156,0.16725576134596354
2024-03-07,300750,volatility,0.02395137553289094,0.16725576134596354
2024-03-07,300750,volume_factor,-0.26403289369172,0.16725576134596354
2024-03-07,600519,momentum,0.053530263775270814,0.02130007939120504
2024-03-07,600519,volatility,0.014182781740579178,0.02130007939120504
2024-03-07,600519,volume_factor,-0.3627513892515375,0.02130007939120504
2024-03-08,000001,momentum,0.1295060080106809,0.026004728132387633
2024-03-08,000001,volatility,0.032096745787424504,0.026004728132387633
2024-03-08,000001,volume_factor,-0.5046321201762065,0.026004728132387633
2024-03-08,300750,momentum,0.0689020179544233,0.16509941856291732
2024-03-08,300750,volatility,0.023761737798546925,0.16509941856291732
2024-03-08,300750,volume_factor,-0.3193403692065907,0.16509941856291732
2024-03-08,600519,momentum,0.04160765472423056,0.02996571443441831
2024-03-08,600519,volatility,0.014376071536333733,0.02996571443441831
2024-03-08,600519,volume_factor,-0.3421165934728322,0.02996571443441831
2024-03-11,000001,momentum,0.16326530612244916,0.008187134502923854
2024-03-11,000001,volatility,0.031547104163038804,0.008187134502923854
2024-03-11,000001,volume_factor,-0.45651341472600926,0.008187134502923854
2024-03-11,300750,momentum,0.27374126148770705,0.06234583127775051
2024-03-11,300750,volatility,0.04229821317088061,0.06234583127775051
2024-03-11,300750,volume_factor,1.3866978994182002,0.06234583127775051
2024-03-11,600519,momentum,0.06738229136734941,0.008826074415921425
2024-03-11,600519,volatility,0.014375825485319715,0.008826074415921425
2024-03-11,600519,volume_factor,-0.09963904244601829,0.008826074415921425
2024-03-12,000001,momentum,0.158176943699732,-0.01851851851851849
2024-03-12,000001,volatility,0.03151138231901525,-0.01851851851851849
2024-03-12,000001,volume_factor,-0.26052214661969075,-0.01851851851851849
2024-03-12,300750,momentum,0.25440900562851776,0.008435536942865696
2024-03-12,300750,volatility,0.04177811463157977,0.008435536942865696
2024-03-12,300750,volume_factor,0.8990268407324424,0.008435536942865696
2024-03-12,600519,momentum,0.07688193251185083,-0.022959532117268755
2024-03-12,600519,volatility,0.015162221770376879,-0.022959532117268755
2024-03-12,600519,volume_factor,0.6304851134457066,-0.022959532117268755
2024-03-13,000001,momentum,0.08376288659793829,0.014268727705112783
2024-03-13,000001,volatility,0.03143842550718236,0.014268727705112783
2024-03-13,000001,volume_factor,-0.19930090729026095,0.014268727705112783
2024-03-13,300750,momentum,0.19228014895445456,0.025827377019640663
2024-03-13,300750,volatility,0.04104367860497021,0.025827377019640663
2024-03-13,300750,volume_factor,0.07768207205050359,0.025827377019640663
2024-03-13,600519,momentum,0.03337311728915582,-0.01120449937543544
2024-03-13,600519,volatility,0.014090904675675624,-0.01120449937543544
2024-03-13,600519,volume_factor,-0.17082817056533872,-0.01120449937543544
2024-03-14,000001,momentum,0.08062418725617682,0.028880866425992746
2024-03-14,000001,volatility,0.03150972914778345,0.028880866425992746
2024-03-14,000001,volume_factor,-0.35214547685016384,0.028880866425992746
2024-03-14,300750,momentum,0.17181179476261454,0.031916182170542484
2024-03-14,300750,volatility,0.041236627927127345,0.031916182170542484
2024-03-14,300750,volume_factor,-0.04528693355377644,0.031916182170542484
2024-03-14,600519,momentum,0.0035772048330320327,-0.004822124894930724
2024-03-14,600519,volatility,0.013303012920708582,-0.004822124894930724
2024-03-14,600519,volume_factor,-0.3595667298133981,-0.004822124894930724
2024-03-15,000001,momentum,0.11999999999999988,-0.027649769585253448
2024-03-15,000001,volatility,0.032767549800309485,-0.027649769585253448
2024-03-15,000001,volume_factor,0.6447140222425805,-0.027649769585253448
2024-03-15,300750,momentum,0.12597988206729105,0.03394738463434166
2024-03-15,300750,volatility,0.041476869990509486,0.03394738463434166
2024-03-15,300750,volume_factor,0.10152428291773741,0.03394738463434166
2024-03-15,600519,momentum,0.007310741508977703,-0.010194864668540582
2024-03-15,600519,volatility,0.013278560235869763,-0.010194864668540582
2024-03-15,600519,volume_factor,-0.3819152862809385,-0.010194864668540582
2024-03-18,000001,momentum,0.0925221799746514,-0.016241299303944134
2024-03-18,000001,volatility,0.03276616718768919,-0.016241299303944134
2024-03-18,000001,volume_factor,-0.26804377801498047,-0.016241299303944134
2024-03-18,300750,momentum,0.2183168316831683,-0.03575782202356759
2024-03-18,300750,volatility,0.04272651018590509,-0.03575782202356759
2024-03-18,300750,volume_factor,0.45174816894305625,-0.03575782202356759
2024-03-18,600519,momentum,0.008218616479511276,-0.012230608925485442
2024-03-18,600519,volatility,0.013254597022270234,-0.012230608925485442
2024-03-18,600519,volume_factor,-0.07957417720714088,-0.012230608925485442
2024-03-19,000001,momentum,0.07341772151898729,0.023584905660377187
2024-03-19,000001,volatility,0.03310099717292109,0.023584905660377187
2024-03-19,000001,volume_factor,-0.4357569306534126,0.023584905660377187
2024-03-19,300750,momentum,0.20710398166714428,0.026993355481727654
2024-03-19,300750,volatility,0.04303320975586348,0.026993355481727654
2024-03-19,300750,volume_factor,-0.19558259134687905,0.026993355481727654
2024-03-19,600519,momentum,0.02475808447182315,0.0008070255706369434
2024-03-19,600519,volatility,0.012656950785515568,0.0008070255706369434
2024-03-19,600519,volume_factor,-0.13798595825631854,0.0008070255706369434
2024-03-20,000001,momentum,-0.03941441441441462,0.009378663540445586
2024-03-20,000001,volatility,0.01735256638540618,0.009378663540445586
2024-03-20,000001,volume_factor,-0.5810179798295318,0.009378663540445586
2024-03-20,300750,momentum,0.19844221458143285,-0.008665612740792694
2024-03-20,300750,volatility,0.04297225143501742,-0.008665612740792694
2024-03-20,300750,volume_factor,-0.3679345082105162,-0.008665612740792694
2024-03-20,600519,momentum,-0.005090569183740512,-0.005459416223353553
2024-03-20,600519,volatility,0.010549345497660373,-0.005459416223353553
2024-03-20,600519,volume_factor,-0.4187801587120086,-0.005459416223353553
2024-03-21,000001,momentum,-0.04788418708240527,0.002339181286549641
2024-03-21,000001,volatility,0.0171103984440356,0.002339181286549641
2024-03-21,000001,volume_factor,-0.5401591558724159,0.002339181286549641
2024-03-21,300750,momentum,0.20280954397854,-0.0017606667057924463
2024-03-21,300750,volatility,0.04290942261193647,-0.0017606667057924463
2024-03-21,300750,volume_factor,-0.4344333870856858,-0.0017606667057924463
2024-03-21,600519,momentum,-0.005921567637180769,-0.0046740248688607045
2024-03-21,600519,volatility,0.010548258707169043,-0.0046740248688607045
2024-03-21,600519,volume_factor,-0.3598778074773492,-0.0046740248688607045
2024-03-22,000001,momentum,-0.054871220604703286,0.018957345971563955
2024-03-22,000001,volatility,0.017260639521659352,0.018957345971563955
2024-03-22,000001,volume_factor,-0.41348148524654715,0.018957345971563955
2024-03-22,300750,momentum,0.18341442775544747,0.021749493504945816
2024-03-22,300750,volatility,0.04323874044569894,0.021749493504945816
2024-03-22,300750,volume_factor,-0.42231225692670993,0.021749493504945816
2024-03-22,600519,momentum,-0.008064567178351023,0.0009891449320680312
2024-03-22,600519,volatility,0.010585575593149387,0.0009891449320680312
2024-03-22,600519,volume_factor,-0.01462425194899708,0.0009891449320680312
2024-03-25,000001,momentum,-0.015098722415795462,0.028301886792452935
2024-03-25,000001,volatility,0.015447581247642457,0.028301886792452935
2024-03-25,000001,volume_factor,-0.4249113613010925,0.028301886792452935
2024-03-25,300750,momentum,0.20974437404413382,0.07850219733911268
2024-03-25,300750,volatility,0.04242390261278305,0.07850219733911268
2024-03-25,300750,volume_factor,-0.4884572998633675,0.07850219733911268
2024-03-25,600519,momentum,-0.003825353701045753,0.020788977725176405
2024-03-25,600519,volatility,0.010379117943549539,0.020788977725176405
2024-03-25,600519,volume_factor,-0.04742999157310479,0.020788977725176405
2024-03-26,000001,momentum,0.011655011655011593,-0.005760368663594306
2024-03-26,000001,volatility,0.01634574027980891,-0.005760368663594306
2024-03-26,000001,volume_factor,0.057510944650362994,-0.005760368663594306
2024-03-26,300750,momentum,0.24414259019692408,0.04563572295072493
2024-03-26,300750,volatility,0.043015154644341295,0.04563572295072493
2024-03-26,300750,volume_factor,-0.05907777035342021,0.04563572295072493
2024-03-26,600519,momentum,0.012725378739165016,0.0029842217213245092
2024-03-26,600519,volatility,0.010749765028312354,0.0029842217213245092
2024-03-26,600519,volume_factor,0.07995075218344816,0.0029842217213245092
2024-03-27,000001,momentum,0.004667444574095514,-0.008130081300813052
2024-03-27,000001,volatility,0.016459700368390114,-0.008130081300813052
2024-03-27,000001,volume_factor,-0.18060151898590904,-0.008130081300813052
2024-03-27,300750,momentum,0.2240456911509543,0.05699604276179793
2024-03-27,300750,volatility,0.043509791382172314,0.05699604276179793
2024-03-27,300750,volume_factor,-0.3377299261503285,0.05699604276179793
2024-03-27,600519,momentum,0.012571014923636659,0.009006421303920487
2024-03-27,600519,volatility,0.010754123011819008,0.009006421303920487
2024-03-27,600519,volume_factor,-0.2841645160907865,0.009006421303920487
2024-03-28,000001,momentum,-0.011534025374855816,-0.007001166861143604
2024-03-28,000001,volatility,0.01627298945948145,-0.007001166861143604
2024-03-28,000001,volume_factor,-0.14767457911740578,-0.007001166861143604
2024-03-28,300750,momentum,0.17449247341527419,0.03421717914045508
2024-03-28,300750,volatility,0.0426887014349007,0.03421717914045508
2024-03-28,300750,volume_factor,-0.33691954357725296,0.03421717914045508
2024-03-28,600519,momentum,0.004254610229005529,-0.02231863714668536
2024-03-28,600519,volatility,0.010587458644154777,-0.02231863714668536
2024-03-28,600519,volume_factor,-0.025911651348947573,-0.02231863714668536
2024-03-29,000001,momentum,0.003500583430571691,-0.013953488372092981
2024-03-29,000001,volatility,0.016080391278364217,-0.013953488372092981
2024-03-29,000001,volume_factor,-0.41031395027742834,-0.013953488372092981
2024-03-29,300750,momentum,0.17557932263814613,0.03405843587799606
2024-03-29,300750,volatility,0.042687262004034034,0.03405843587799606
2024-03-29,300750,volume_factor,-0.44442822905761703,0.03405843587799606
2024-03-29,600519,momentum,0.011504333470903738,-0.02593461518845297
2024-03-29,600519,volatility,0.010471762770251218,-0.02593461518845297
2024-03-29,600519,volume_factor,-0.45356611354633847,-0.02593461518845297
2024-04-01,000001,momentum,0.0368608799048753,-0.041284403669724856
2024-04-01,000001,volatility,0.01570548214888572,-0.041284403669724856
2024-04-01,000001,volume_factor,-0.18239316638271053,-0.041284403669724856
2024-04-01,300750,momentum,0.23373045933475645,-0.02846776444320398
2024-04-01,300750,volatility,0.04329089960374103,-0.02846776444320398
2024-04-01,300750,volume_factor,-0.07272436508301627,-0.02846776444320398
2024-04-01,600519,momentum,0.029203092168408995,-0.04621957290216061
2024-04-01,600519,volatility,0.010644508823475193,-0.04621957290216061
2024-04-01,600519,volume_factor,0.10023621967415886,-0.04621957290216061
2024-04-02,000001,momentum,0.014101057579318566,-0.03476245654692944
2024-04-02,000001,volatility,0.01574915983979922,-0.03476245654692944
2024-04-02,000001,volume_factor,-0.2357032694471315,-0.03476245654692944
2024-04-02,300750,momentum,0.2401342833653055,-0.039224352245732286
2024-04-02,300750,volatility,0.04326715482737576,-0.039224352245732286
2024-04-02,300750,volume_factor,-0.18502290015775325,-0.039224352245732286
2024-04-02,600519,momentum,0.012103077987647204,-0.04177507675750958
2024-04-02,600519,volatility,0.010416685679245865,-0.04177507675750958
2024-04-02,600519,volume_factor,0.055108251312199874,-0.04177507675750958
2024-04-03,000001,momentum,0.01545778834720557,-0.04683840749414503
2024-04-03,000001,volatility,0.015696315456250453,-0.04683840749414503
2024-04-03,000001,volume_factor,-0.2996895005243345,-0.04683840749414503
2024-04-03,300750,momentum,0.23463263194204909,-0.05174340634778729
2024-04-03,300750,volatility,0.0433777273711203,-0.05174340634778729
2024-04-03,300750,volume_factor,-0.21002839175919263,-0.05174340634778729
2024-04-03,600519,momentum,0.022351427037724525,-0.051291459225567215
2024-04-03,600519,volatility,0.010149175616213382,-0.051291459225567215
2024-04-03,600519,volume_factor,0.18724708767627218,-0.051291459225567215
2024-04-08,000001,momentum,0.005910165484633412,-0.016451233842538215
2024-04-08,000001,volatility,0.01567824393287849,-0.016451233842538215
2024-04-08,000001,volume_factor,-0.3268888435045766,-0.016451233842538215
2024-04-08,300750,momentum,0.24353174042132042,0.014439201864589801
2024-04-08,300750,volatility,0.04310234969337345,0.014439201864589801
2024-04-08,300750,volume_factor,-0.3589907018215963,0.014439201864589801
2024-04-08,600519,momentum,-0.010953404462689331,0.004124464863736188
2024-04-08,600519,volatility,0.012385517028397304,0.004124464863736188
2024-04-08,600519,volume_factor,1.2459895078084076,0.004124464863736188
2024-04-09,000001,momentum,0.0023640661938533203,-0.014150943396226578
2024-04-09,000001,volatility,0.01570289617208624,-0.014150943396226578
2024-04-09,000001,volume_factor,-0.35730135204800917,-0.014150943396226578
2024-04-09,300750,momentum,0.272772952408298,0.006485815802831141
2024-04-09,300750,volatility,0.04264818172620075,0.006485815802831141
2024-04-09,300750,volume_factor,-0.5025989800718689,0.006485815802831141
2024-04-09,600519,momentum,-0.005991841726899372,0.005092022933738338
2024-04-09,600519,volatility,0.012278617416056911,0.005092022933738338
2024-04-09,600519,volume_factor,-0.03488955349970391,0.005092022933738338
2024-04-10,000001,momentum,-0.022222222222222365,0.04066985645933019
2024-04-10,000001,volatility,0.015816363790959187,0.04066985645933019
2024-04-10,000001,volume_factor,-0.06670239441161563,0.04066985645933019
2024-04-10,300750,momentum,0.07332264430192414,0.018672795173800605
2024-04-10,300750,volatility,0.02411442856541678,0.018672795173800605
2024-04-10,300750,volume_factor,-0.31895872328316377,0.018672795173800605
2024-04-10,600519,momentum,-0.029811236099092975,0.012565735577812376
2024-04-10,600519,volatility,0.011888958261549112,0.012565735577812376
2024-04-10,600519,volume_factor,0.04655346774285185,0.012565735577812376
2024-04-11,000001,momentum,-0.03587962962962965,0.06602641056422587
2024-04-11,000001,volatility,0.015587982505625137,0.06602641056422587
2024-04-11,000001,volume_factor,-0.2252478224084099,0.06602641056422587
2024-04-11,300750,momentum,0.04044271612324257,0.01702029785521253
2024-04-11,300750,volatility,0.023275723599089856,0.01702029785521253
2024-04-11,300750,volume_factor,-0.20366023926428733,0.01702029785521253
2024-04-11,600519,momentum,-0.06022375920430134,0.015049614840849213
2024-04-11,600519,volatility,0.008860186285471782,0.015049614840849213
2024-04-11,600519,volume_factor,-0.08308278474435993,0.015049614840849213
2024-04-12,000001,momentum,-0.03210463733650415,0.07739557739557723
2024-04-12,000001,volatility,0.015287848855459418,0.07739557739557723
2024-04-12,000001,volume_factor,0.01925817798077256,0.07739557739557723
2024-04-12,300750,momentum,0.01928043726349915,0.014201532115498017
2024-04-12,300750,volatility,0.023988984467087752,0.014201532115498017
2024-04-12,300750,volume_factor,-0.28711580680570803,0.014201532115498017
2024-04-12,600519,momentum,-0.05864001858001011,0.008408404403576597
2024-04-12,600519,volatility,0.008790190865995424,0.008408404403576597
2024-04-12,600519,volume_factor,0.07660505493930403,0.008408404403576597
2024-04-15,000001,momentum,0.0072202166064980755,0.02508960573476715
2024-04-15,000001,volatility,0.01644631868828317,0.02508960573476715
2024-04-15,000001,volume_factor,0.13267915245656892,0.02508960573476715
2024-04-15,300750,momentum,0.08072916666666652,-0.03664892126646113
2024-04-15,300750,volatility,0.026357651464310614,-0.03664892126646113
2024-04-15,300750,volume_factor,0.3098358712190319,-0.03664892126646113
2024-04-15,600519,momentum,-0.027586599169557968,0.0013518431861903046
2024-04-15,600519,volatility,0.010853304890609795,0.0013518431861903046
2024-04-15,600519,volume_factor,0.395776585339241,0.0013518431861903046
2024-04-16,000001,momentum,-0.03686635944700467,0.031100478468899517
2024-04-16,000001,volatility,0.012769442894461228,0.031100478468899517
2024-04-16,000001,volume_factor,0.26395933399688176,0.031100478468899517
2024-04-16,300750,momentum,0.09950095496272571,-0.040457245321080304
2024-04-16,300750,volatility,0.0259064528078348,-0.040457245321080304
2024-04-16,300750,volume_factor,0.20471224259361742,-0.040457245321080304
2024-04-16,600519,momentum,-0.02999715756561283,0.01450841983251494
2024-04-16,600519,volatility,0.010844797257140581,0.01450841983251494
2024-04-16,600519,volume_factor,0.007004481794864903,0.01450841983251494
2024-04-17,000001,momentum,0.009280742459396807,-0.010344827586206917
2024-04-17,000001,volatility,0.015832006995088417,-0.010344827586206917
2024-04-17,000001,volume_factor,0.8645240928483542,-0.010344827586206917
2024-04-17,300750,momentum,0.02919835142508842,-0.03604060913705587
2024-04-17,300750,volatility,0.022344037075128012,-0.03604060913705587
2024-04-17,300750,volume_factor,0.0011248020945675563,-0.03604060913705587
2024-04-17,600519,momentum,-0.02621480126054687,0.017355447392115586
2024-04-17,600519,volatility,0.010797224381072282,0.017355447392115586
2024-04-17,600519,volume_factor,-0.04621178640739387,0.017355447392115586
2024-04-18,000001,momentum,0.04716981132075482,-0.021396396396396566
2024-04-18,000001,volatility,0.01592029128880079,-0.021396396396396566
2024-04-18,000001,volume_factor,1.4521686326116305,-0.021396396396396566
2024-04-18,300750,momentum,0.04929995253915531,-0.013343133374795091
2024-04-18,300750,volatility,0.021698561092537035,-0.013343133374795091
2024-04-18,300750,volume_factor,-0.07936341907113686,-0.013343133374795091
2024-04-18,600519,momentum,-0.023664277362615005,0.014488037280987243
2024-04-18,600519,volatility,0.010827350775985324,0.014488037280987243
2024-04-18,600519,volume_factor,0.015887582449096715,0.014488037280987243
2024-04-19,000001,momentum,0.028135990621336537,-0.010262257696693311
2024-04-19,000001,volatility,0.016232440493355496,-0.010262257696693311
2024-04-19,000001,volume_factor,0.10403360524770688,-0.010262257696693311
2024-04-19,300750,momentum,0.007728789741788367,0.04462262506536496
2024-04-19,300750,volatility,0.02250786737493863,0.04462262506536496
2024-04-19,300750,volume_factor,-0.12350117943281524,0.04462262506536496
2024-04-19,600519,momentum,-0.03996800528166777,0.041519539773854364
2024-04-19,600519,volatility,0.011288404807024812,0.041519539773854364
2024-04-19,600519,volume_factor,-0.11537904125909793,0.041519539773854364
2024-04-22,000001,momentum,0.0035087719298245723,0.036130536130536184
2024-04-22,000001,volatility,0.01703557485597257,0.036130536130536184
2024-04-22,000001,volume_factor,0.45894279352013956,0.036130536130536184
2024-04-22,300750,momentum,0.008920711309349239,0.11069745797219466
2024-04-22,300750,volatility,0.02250123447413026,0.11069745797219466
2024-04-22,300750,volume_factor,-0.27806138488833254,0.11069745797219466
2024-04-22,600519,momentum,-0.02155385924580544,0.018783425930733788
2024-04-22,600519,volatility,0.01220778115927041,0.018783425930733788
2024-04-22,600519,volume_factor,0.09981346023912341,0.018783425930733788
2024-04-23,000001,momentum,0.021327014218009532,0.029002320185614883
2024-04-23,000001,volatility,0.016770794100736054,0.029002320185614883
2024-04-23,000001,volume_factor,-0.10672427833447606,0.029002320185614883
2024-04-23,300750,momentum,0.020378977475867144,0.10330530249941594
2024-04-23,300750,volatility,0.022226119708930327,0.10330530249941594
2024-04-23,300750,volume_factor,-0.4582499070784867,0.10330530249941594
2024-04-23,600519,momentum,-0.00578809324764995,0.008164627649331901
2024-04-23,600519,volatility,0.012466111485047532,0.008164627649331901
2024-04-23,600519,volume_factor,-0.08192142305854677,0.008164627649331901
2024-04-24,000001,momentum,0.015330188679245182,0.04181184668989557
2024-04-24,000001,volatility,0.016756920802629634,0.04181184668989557
2024-04-24,000001,volume_factor,-0.3214402372733741,0.04181184668989557
2024-04-24,300750,momentum,0.028896514357955372,0.13106313264291147
2024-04-24,300750,volatility,0.02207879198154319,0.13106313264291147
2024-04-24,300750,volume_factor,-0.25901894564111394,0.13106313264291147
2024-04-24,600519,momentum,0.0029523950420344836,0.042712568782627525
2024-04-24,600519,volatility,0.01233597291098023,0.042712568782627525
2024-04-24,600519,volume_factor,-0.36340451533458895,0.042712568782627525
2024-04-25,000001,momentum,0.0011520737327188613,0.031070195627157737
2024-04-25,000001,volatility,0.0160271056072317,0.031070195627157737
2024-04-25,000001,volume_factor,-0.17877871450982397,0.031070195627157737
2024-04-25,300750,momentum,0.008087343307723316,0.10715718296945753
2024-04-25,300750,volatility,0.020490444764812526,0.10715718296945753
2024-04-25,300750,volume_factor,-0.16912362311755635,0.10715718296945753
2024-04-25,600519,momentum,-0.010317787866281458,0.04937447873227696
2024-04-25,600519,volatility,0.011960958981210202,0.04937447873227696
2024-04-25,600519,volume_factor,-0.44663608562691126,0.04937447873227696
2024-04-26,000001,momentum,0.008130081300812941,0.01497695852534564
2024-04-26,000001,volatility,0.01591411913816456,0.01497695852534564
2024-04-26,000001,volume_factor,0.17091960090079716,0.01497695852534564
2024-04-26,300750,momentum,0.061898293071879884,0.054341175816230214
2024-04-26,300750,volatility,0.020789678593399336,0.054341175816230214
2024-04-26,300750,volume_factor,0.1327682278260396,0.054341175816230214
2024-04-26,600519,momentum,0.0053808739611656,0.034626592766127784
2024-04-26,600519,volatility,0.012145722763681569,0.034626592766127784
2024-04-26,600519,volume_factor,0.1563880966193667,0.034626592766127784
2024-04-29,000001,momentum,0.037339556592765444,-0.0056242969628796935
2024-04-29,000001,volatility,0.016707787276722518,-0.0056242969628796935
2024-04-29,000001,volume_factor,0.5315679540225373,-0.0056242969628796935
2024-04-29,300750,momentum,0.12258216238461994,0.02508641458049654
2024-04-29,300750,volatility,0.024605854529053717,0.02508641458049654
2024-04-29,300750,volume_factor,1.0843812541119875,0.02508641458049654
2024-04-29,600519,momentum,0.0015057742614688063,0.03312819336671646
2024-04-29,600519,volatility,0.012175122380346681,0.03312819336671646
2024-04-29,600519,volume_factor,0.4954420711576,0.03312819336671646
2024-04-30,000001,momentum,0.03139534883720918,0.016910935738444266
2024-04-30,000001,volatility,0.016729454139046467,0.016910935738444266
2024-04-30,000001,volume_factor,-0.07946633167030503,0.016910935738444266
2024-04-30,300750,momentum,0.10182539219688569,0.00476366908378778
2024-04-30,300750,volatility,0.024876333338739478,0.00476366908378778
2024-04-30,300750,volume_factor,0.006619132526600957,0.00476366908378778
2024-04-30,600519,momentum,0.0013388075687255085,0.02163421746272265
2024-04-30,600519,volatility,0.012174704828300163,0.02163421746272265
2024-04-30,600519,volume_factor,0.07915435836625284,0.02163421746272265
2024-05-06,000001,momentum,0.028669724770642224,0.008918617614269708
2024-05-06,000001,volatility,0.016636448519527194,0.008918617614269708
2024-05-06,000001,volume_factor,0.21487096284683438,0.008918617614269708
2024-05-06,300750,momentum,0.07903991068936644,-0.039470280895970156
2024-05-06,300750,volatility,0.023495045750501323,-0.039470280895970156
2024-05-06,300750,volume_factor,0.27400641236589984,-0.039470280895970156
2024-05-06,600519,momentum,0.02449290795783199,-0.03333620360916678
2024-05-06,600519,volatility,0.01428935626658145,-0.03333620360916678
2024-05-06,600519,volume_factor,0.9875127311090248,-0.03333620360916678
2024-05-07,000001,momentum,0.03823870220162218,0.0033482142857141906
2024-05-07,000001,volatility,0.01641677069943622,0.0033482142857141906
2024-05-07,000001,volume_factor,-0.25981651765949776,0.0033482142857141906
2024-05-07,300750,momentum,0.06739959118280758,-0.04073288132084263
2024-05-07,300750,volatility,0.02346726832485135,-0.04073288132084263
2024-05-07,300750,volume_factor,-0.3641649729430364,-0.04073288132084263
2024-05-07,600519,momentum,0.035457221536416395,-0.0415856596114107
2024-05-07,600519,volatility,0.014255090710738933,-0.0415856596114107
2024-05-07,600519,volume_factor,-0.172380588713828,-0.0415856596114107
2024-05-08,000001,momentum,0.031615925058548155,0.011350737797956922
2024-05-08,000001,volatility,0.016726154881921886,0.011350737797956922
2024-05-08,000001,volume_factor,-0.1748162715029805,0.011350737797956922
2024-05-08,300750,momentum,0.05923111309789886,-0.02817050010550748
2024-05-08,300750,volatility,0.023778152303119974,-0.02817050010550748
2024-05-08,300750,volume_factor,-0.38376333101866655,-0.02817050010550748
2024-05-08,600519,momentum,0.030908987392220366,-0.03925430926038431
2024-05-08,600519,volatility,0.014307232045073769,-0.03925430926038431
2024-05-08,600519,volume_factor,-0.4976983367145479,-0.03925430926038431
2024-05-09,000001,momentum,0.03877790834312567,0.046380090497737614
2024-05-09,000001,volatility,0.01668439168282687,0.046380090497737614
2024-05-09,000001,volume_factor,-0.28165471681403365,0.046380090497737614
2024-05-09,300750,momentum,0.11267125234494912,-0.04971133704593056
2024-05-09,300750,volatility,0.024145079791728554,-0.04971133704593056
2024-05-09,300750,volume_factor,0.0786124113051192,-0.04971133704593056
2024-05-09,600519,momentum,0.058303748564268565,-0.0317575817372322
2024-05-09,600519,volatility,0.012262746007797663,-0.0317575817372322
2024-05-09,600519,volume_factor,-0.1878071300426467,-0.0317575817372322
2024-05-10,000001,momentum,0.06367924528301883,0.053215077605321515
2024-05-10,000001,volatility,0.0171148317182478,0.053215077605321515
2024-05-10,000001,volume_factor,0.15219661113276395,0.053215077605321515
2024-05-10,300750,momentum,0.07061079465343201,-0.002633935626613293
2024-05-10,300750,volatility,0.02542069130023534,-0.002633935626613293
2024-05-10,300750,volume_factor,0.09961951624380383,-0.002633935626613293
2024-05-10,600519,momentum,0.05023954760845095,-0.014944161930401823
2024-05-10,600519,volatility,0.012566002850480136,-0.014944161930401823
2024-05-10,600519,volume_factor,-0.0502817590461867,-0.014944161930401823
2024-05-13,000001,momentum,0.08253588516746424,0.045303867403314824
2024-05-13,000001,volatility,0.016619720200031315,0.045303867403314824
2024-05-13,000001,volume_factor,-0.09054035494176405,0.045303867403314824
2024-05-13,300750,momentum,0.06681987934501588,0.022080999569151105
2024-05-13,300750,volatility,0.025591077680775953,0.022080999569151105
2024-05-13,300750,volume_factor,0.05964972415174241,0.022080999569151105
2024-05-13,600519,momentum,0.03833143944398931,0.001908809793466748
2024-05-13,600519,volatility,0.013349999866366424,0.001908809793466748
2024-05-13,600519,volume_factor,0.34047312700539756,0.001908809793466748
2024-05-14,000001,momentum,0.07923169267707086,0.07119021134593995
2024-05-14,000001,volatility,0.016707485266915463,0.07119021134593995
2024-05-14,000001,volume_factor,-0.3038807800132516,0.07119021134593995
2024-05-14,300750,momentum,0.06572365016387782,0.013758497895759003
2024-05-14,300750,volatility,0.025601290728709338,0.013758497895759003
2024-05-14,300750,volume_factor,-0.47874390084012564,0.013758497895759003
2024-05-14,600519,momentum,0.035661905579852826,0.0019264627082749008
2024-05-14,600519,volatility,0.013382137821812926,0.0019264627082749008
2024-05-14,600519,volume_factor,-0.24079589029118764,0.0019264627082749008
2024-05-15,000001,momentum,0.09459459459459452,0.08193041526374856
2024-05-15,000001,volatility,0.015799715597872344,0.08193041526374856
2024-05-15,000001,volume_factor,-0.4300808227343075,0.08193041526374856
2024-05-15,300750,momentum,0.08556275780789635,0.03799804581478661
2024-05-15,300750,volatility,0.024878811235277444,0.03799804581478661
2024-05-15,300750,volume_factor,-0.35720942329481,0.03799804581478661
2024-05-15,600519,momentum,0.043989091078822984,-0.0014626419529145673
2024-05-15,600519,volatility,0.013151968001869265,-0.0014626419529145673
2024-05-15,600519,volume_factor,-0.4270727161536445,-0.0014626419529145673
2024-05-16,000001,momentum,0.10513739545997614,0.024864864864864833
2024-05-16,000001,volatility,0.016707710307572246,0.024864864864864833
2024-05-16,000001,volume_factor,0.9170528944517335,0.024864864864864833
2024-05-16,300750,momentum,0.042308769963575354,0.025107526881720466
2024-05-16,300750,volatility,0.022332474596164567,0.025107526881720466
2024-05-16,300750,volume_factor,-0.21464024729981834,0.025107526881720466
2024-05-16,600519,momentum,0.020485623667654496,-0.007954603352524625
2024-05-16,600519,volatility,0.011913841703306501,-0.007954603352524625
2024-05-16,600519,volume_factor,0.09261052189822672,-0.007954603352524625
2024-05-17,000001,momentum,0.13636363636363646,-0.011578947368421022
2024-05-17,000001,volatility,0.017324727771077547,-0.011578947368421022
2024-05-17,000001,volume_factor,0.6987123197170493,-0.011578947368421022
2024-05-17,300750,momentum,0.0609100078448952,-0.01066920192256915
2024-05-17,300750,volatility,0.02259283039280163,-0.01066920192256915
2024-05-17,300750,volume_factor,-0.03286553624636568,-0.01066920192256915
2024-05-17,600519,momentum,0.029303361421147978,-0.023989978869586204
2024-05-17,600519,volatility,0.011954852598266164,-0.023989978869586204
2024-05-17,600519,volume_factor,0.05959585598522921,-0.023989978869586204
2024-05-20,000001,momentum,0.08735632183908071,0.013742071881606588
2024-05-20,000001,volatility,0.015481689896812742,0.013742071881606588
2024-05-20,000001,volume_factor,0.29971166860152265,0.013742071881606588
2024-05-20,300750,momentum,0.07038917089678498,-0.018126251449046227
2024-05-20,300750,volatility,0.022479153451033993,-0.018126251449046227
2024-05-20,300750,volume_factor,0.04609093289291888,-0.018126251449046227
2024-05-20,600519,momentum,0.027403337987551124,-0.024691044415937502
2024-05-20,600519,volatility,0.011990011676199442,-0.024691044415937502
2024-05-20,600519,volume_factor,0.1374877613107206,-0.024691044415937502
2024-05-21,000001,momentum,0.08445945945945943,-0.015576323987538943
2024-05-21,000001,volatility,0.015341568423042065,-0.015576323987538943
2024-05-21,000001,volume_factor,0.2585787430313309,-0.015576323987538943
2024-05-21,300750,momentum,0.06230564821620388,-0.020011708978657672
2024-05-21,300750,volatility,0.02264868265898129,-0.020011708978657672
2024-05-21,300750,volume_factor,-0.3416458372205894,-0.020011708978657672
2024-05-21,600519,momentum,0.02227226575720498,-0.02569620414348117
2024-05-21,600519,volatility,0.012019253402170202,-0.02569620414348117
2024-05-21,600519,volume_factor,-0.3990882871452913,-0.02569620414348117
2024-05-22,000001,momentum,0.09920182440136838,-0.03112033195020758
2024-05-22,000001,volatility,0.014865135648276016,-0.03112033195020758
2024-05-22,000001,volume_factor,0.2853633797531774,-0.03112033195020758
2024-05-22,300750,momentum,0.11103364127592807,-0.031900428825436644
2024-05-22,300750,volatility,0.021697520665721372,-0.031900428825436644
2024-05-22,300750,volume_factor,0.3272124678012953,-0.031900428825436644
2024-05-22,600519,momentum,0.03376975467830445,-0.015165955595924041
2024-05-22,600519,volatility,0.011441934617437163,-0.015165955595924041
2024-05-22,600519,volume_factor,-0.24735930189848288,-0.015165955595924041
2024-05-23,000001,momentum,0.104895104895105,-0.029535864978903037
2024-05-23,000001,volatility,0.014426233669339206,-0.029535864978903037
2024-05-23,000001,volume_factor,0.12468792605244805,-0.029535864978903037
2024-05-23,300750,momentum,0.1091268687103717,-0.02617087113861638
2024-05-23,300750,volatility,0.021728580853336125,-0.02617087113861638
2024-05-23,300750,volume_factor,-0.07771928967647723,-0.02617087113861638
2024-05-23,600519,momentum,0.011001350018173373,-0.027611753452271626
2024-05-23,600519,volatility,0.01075993286516977,-0.027611753452271626
2024-05-23,600519,volume_factor,-0.28465367161872435,-0.027611753452271626
2024-05-24,000001,momentum,0.0893271461716938,-0.021299254526091715
2024-05-24,000001,volatility,0.014791374648068139,-0.021299254526091715
2024-05-24,000001,volume_factor,-0.15017270637048352,-0.021299254526091715
2024-05-24,300750,momentum,0.09384489605232416,-0.017190753296673966
2024-05-24,300750,volatility,0.022248602520521625,-0.017190753296673966
2024-05-24,300750,volume_factor,-0.19892637220921594,-0.017190753296673966
2024-05-24,600519,momentum,-0.00975647329165441,-0.018557890506501473
2024-05-24,600519,volatility,0.01068725336009024,-0.018557890506501473
2024-05-24,600519,volume_factor,-0.22722764045845734,-0.018557890506501473
2024-05-27,000001,momentum,0.11382113821138207,-0.05526590198123038
2024-05-27,000001,volatility,0.015194887214343674,-0.05526590198123038
2024-05-27,000001,volume_factor,-0.12964868946646502,-0.05526590198123038
2024-05-27,300750,momentum,0.09028143467321992,0.01336267038746386
2024-05-27,300750,volatility,0.022311572463833057,0.01336267038746386
2024-05-27,300750,volume_factor,-0.1575967685342432,0.01336267038746386
2024-05-27,600519,momentum,-0.015058425150391908,-0.020009376342965846
2024-05-27,600519,volatility,0.010720498298902207,-0.020009376342965846
2024-05-27,600519,volume_factor,-0.0551252247079973,-0.020009376342965846
2024-05-28,000001,momentum,0.09090909090909105,-0.040084388185654074
2024-05-28,000001,volatility,0.015626241933872135,-0.040084388185654074
2024-05-28,000001,volume_factor,-0.2812286690641965,-0.040084388185654074
2024-05-28,300750,momentum,0.055125780757549814,0.04437082496062583
2024-05-28,300750,volatility,0.022244622404644657,0.04437082496062583
2024-05-28,300750,volume_factor,-0.340311441619642,0.04437082496062583
2024-05-28,600519,momentum,-0.01822031179829353,-0.007475658367640414
2024-05-28,600519,volatility,0.010739058707560763,-0.007475658367640414
2024-05-28,600519,volume_factor,-0.12931943956023617,-0.007475658367640414
2024-05-29,000001,momentum,0.07603686635944706,-0.04175588865096369
2024-05-29,000001,volatility,0.01617141213296135,-0.04175588865096369
2024-05-29,000001,volume_factor,-0.13348907581118208,-0.04175588865096369
2024-05-29,300750,momentum,0.029645697758496015,0.028792134831460592
2024-05-29,300750,volatility,0.021311428325813044,0.028792134831460592
2024-05-29,300750,volume_factor,-0.2896915871203216,0.028792134831460592
2024-05-29,600519,momentum,-0.02249395272651078,-0.019484821324188495
2024-05-29,600519,volatility,0.010536869628922986,-0.019484821324188495
2024-05-29,600519,volume_factor,-0.25697378744481936,-0.019484821324188495
2024-05-30,000001,momentum,0.03487064116985361,-0.02391304347826073
2024-05-30,000001,volatility,0.015941812755205783,-0.02391304347826073
2024-05-30,000001,volume_factor,-0.18441314364487638,-0.02391304347826073
2024-05-30,300750,momentum,-0.02754792081282076,0.02929771650150803
2024-05-30,300750,volatility,0.01592075218405583,0.02929771650150803
2024-05-30,300750,volume_factor,-0.2578201311064454,0.02929771650150803
2024-05-30,600519,momentum,-0.03503943529171927,-0.006067368254261685
2024-05-30,600519,volatility,0.011062804010534744,-0.006067368254261685
2024-05-30,600519,volume_factor,0.23919580009272412,-0.006067368254261685
2024-05-31,000001,momentum,0.036076662908681056,-0.013057671381936808
2024-05-31,000001,volatility,0.01592824700725642,-0.013057671381936808
2024-05-31,000001,volume_factor,-0.48340908623670864,-0.013057671381936808
2024-05-31,300750,momentum,-0.02561795373948028,-0.024770492693791057
2024-05-31,300750,volatility,0.015866657651817346,-0.024770492693791057
2024-05-31,300750,volume_factor,-0.18019273064166663,-0.024770492693791057
2024-05-31,600519,momentum,-0.036003972852176935,-0.019331488465170965
2024-05-31,600519,volatility,0.011053824825169123,-0.019331488465170965
2024-05-31,600519,volume_factor,-0.14440282002199967,-0.019331488465170965
2024-06-03,000001,momentum,0.010033444816053505,-0.012141280353201056
2024-06-03,000001,volatility,0.016152899639775207,-0.012141280353201056
2024-06-03,000001,volume_factor,-0.15895698258415125,-0.012141280353201056
2024-06-03,300750,momentum,-0.02317521080130358,-0.07271090398771396
2024-06-03,300750,volatility,0.016082828731596988,-0.07271090398771396
2024-06-03,300750,volume_factor,0.13963636917129008,-0.07271090398771396
2024-06-03,600519,momentum,-0.07430529073843994,-0.046769210325238286
2024-06-03,600519,volatility,0.006850685679644043,-0.046769210325238286
2024-06-03,600519,volume_factor,0.257547738275812,-0.046769210325238286
2024-06-04,000001,momentum,0.015624999999999778,-0.015384615384615219
2024-06-04,000001,volatility,0.016168923973897017,-0.015384615384615219
2024-06-04,000001,volume_factor,-0.37600655005321093,-0.015384615384615219
2024-06-04,300750,momentum,-0.004709901143833073,-0.10592823712948518
2024-06-04,300750,volatility,0.016660237096361302,-0.10592823712948518
2024-06-04,300750,volume_factor,0.0638701008175,-0.10592823712948518
2024-06-04,600519,momentum,-0.07140848342565087,-0.053671832821984955
2024-06-04,600519,volatility,0.00711999733701013,-0.053671832821984955
2024-06-04,600519,volume_factor,-0.1265041304648502,-0.053671832821984955
2024-06-05,000001,momentum,0.015891032917139558,-0.007821229050279155
2024-06-05,000001,volatility,0.016154231353684698,-0.007821229050279155
2024-06-05,000001,volume_factor,-0.3476512065070475,-0.007821229050279155
2024-06-05,300750,momentum,0.004695083350917839,-0.09944867419270154
2024-06-05,300750,volatility,0.0162335158180884,-0.09944867419270154
2024-06-05,300750,volume_factor,-0.2913119310025908,-0.09944867419270154
2024-06-05,600519,momentum,-0.07361793781410508,-0.05894704767961001
2024-06-05,600519,volatility,0.007139935237649977,-0.05894704767961001
2024-06-05,600519,volume_factor,-0.20842913309780609,-0.05894704767961001
2024-06-06,000001,momentum,0.015837104072398356,0.0
2024-06-06,000001,volatility,0.01615380295496362,0.0
2024-06-06,000001,volume_factor,-0.3277788750143098,0.0
2024-06-06,300750,momentum,-0.023552853420528153,-0.10412306404353289
2024-06-06,300750,volatility,0.014397841819031981,-0.10412306404353289
2024-06-06,300750,volume_factor,-0.2310915871721403,-0.10412306404353289
2024-06-06,600519,momentum,-0.07164880431163134,-0.05633456661374847
2024-06-06,600519,volatility,0.007138466697595484,-0.05633456661374847
2024-06-06,600519,volume_factor,0.056744846254146886,-0.05633456661374847
2024-06-07,000001,momentum,0.005543237250554389,-0.018743109151047377
2024-06-07,000001,volatility,0.015656248338779606,-0.018743109151047377
2024-06-07,000001,volume_factor,-0.2357646115868599,-0.018743109151047377
2024-06-07,300750,momentum,-0.0542590739082337,-0.027850498523923628
2024-06-07,300750,volatility,0.018629906331342764,-0.027850498523923628
2024-06-07,300750,volume_factor,1.9388489392708315,-0.027850498523923628
2024-06-07,600519,momentum,-0.07465849037790417,-0.052315400985964655
2024-06-07,600519,volatility,0.007332914788178944,-0.052315400985964655
2024-06-07,600519,volume_factor,0.3627661001516218,-0.052315400985964655
2024-06-11,000001,momentum,-0.011049723756906271,-0.007821229050279155
2024-06-11,000001,volatility,0.015928282797838547,-0.007821229050279155
2024-06-11,000001,volume_factor,-0.12451002651873377,-0.007821229050279155
2024-06-11,300750,momentum,-0.05697975010771228,0.008909194745859494
2024-06-11,300750,volatility,0.01879280209233317,0.008909194745859494
2024-06-11,300750,volume_factor,1.2642437537050188,0.008909194745859494
2024-06-11,600519,momentum,-0.08716898056831635,-0.033108889911198425
2024-06-11,600519,volatility,0.009264244088488619,-0.033108889911198425
2024-06-11,600519,volume_factor,1.6781217653865141,-0.033108889911198425
2024-06-12,000001,momentum,-0.0033370411568408587,-0.001116071428571619
2024-06-12,000001,volatility,0.015863799572398554,-0.001116071428571619
2024-06-12,000001,volume_factor,-0.3709196138048053,-0.001116071428571619
2024-06-12,300750,momentum,-0.07235351246358046,0.019833653230965975
2024-06-12,300750,volatility,0.019100309395914956,0.019833653230965975
2024-06-12,300750,volume_factor,0.06549155387682304,0.019833653230965975
2024-06-12,600519,momentum,-0.08311857314179283,-0.027690038543420448
2024-06-12,600519,volatility,0.009365597412840947,-0.027690038543420448
2024-06-12,600519,volume_factor,0.2365795830723807,-0.027690038543420448
2024-06-13,000001,momentum,-0.0033670033670032407,-0.0033783783783785104
2024-06-13,000001,volatility,0.015864675791071096,-0.0033783783783785104
2024-06-13,000001,volume_factor,-0.21784405915893157,-0.0033783783783785104
2024-06-13,300750,momentum,-0.0689935946151341,0.016383884321613973
2024-06-13,300750,volatility,0.01909275687930381,0.016383884321613973
2024-06-13,300750,volume_factor,0.13341199410172355,0.016383884321613973
2024-06-13,600519,momentum,-0.0926063129926038,-0.01691455440038858
2024-06-13,600519,volatility,0.009474432775606752,-0.01691455440038858
2024-06-13,600519,volume_factor,0.2994507516927225,-0.01691455440038858
2024-06-14,000001,momentum,-0.029189189189189113,-0.020044543429844075
2024-06-14,000001,volatility,0.013404387812112676,-0.020044543429844075
2024-06-14,000001,volume_factor,0.11671681071640161,-0.020044543429844075
2024-06-14,300750,momentum,-0.07946236559139785,0.0015769185842775535
2024-06-14,300750,volatility,0.018851459565175126,0.0015769185842775535
2024-06-14,300750,volume_factor,0.8046971269882177,0.0015769185842775535
2024-06-14,600519,momentum,-0.09521322667753607,-0.037391071755381367
2024-06-14,600519,volatility,0.009372900739899347,-0.037391071755381367
2024-06-14,600519,volume_factor,1.0285048664143277,-0.037391071755381367
2024-06-17,000001,momentum,-0.06315789473684208,-0.013483146067415852
2024-06-17,000001,volatility,0.011693327053717135,-0.013483146067415852
2024-06-17,000001,volume_factor,-0.4986496001789862,-0.013483146067415852
2024-06-17,300750,momentum,-0.07817039032377338,-0.0069902022574915845
2024-06-17,300750,volatility,0.018941154056119566,-0.0069902022574915845
2024-06-17,300750,volume_factor,0.28075186321423806,-0.0069902022574915845
2024-06-17,600519,momentum,-0.10976427568230995,-0.02421188777395622
2024-06-17,600519,volatility,0.009007114947016675,-0.02421188777395622
2024-06-17,600519,volume_factor,0.5942036158113799,-0.02421188777395622
2024-06-18,000001,momentum,-0.06131078224101483,0.0
2024-06-18,000001,volatility,0.011692566365536266,0.0
2024-06-18,000001,volume_factor,-0.45486624615338644,0.0
2024-06-18,300750,momentum,-0.06913267994519978,-0.022698969772444233
2024-06-18,300750,volatility,0.01923738205852919,-0.022698969772444233
2024-06-18,300750,volume_factor,-0.24792496979044298,-0.022698969772444233
2024-06-18,600519,momentum,-0.11907332376513025,-0.0028619625710084584
2024-06-18,600519,volatility,0.009187108108343217,-0.0028619625710084584
2024-06-18,600519,volume_factor,0.33953893081689546,-0.0028619625710084584
2024-06-19,000001,momentum,-0.07061266874351002,-0.007821229050279155
2024-06-19,000001,volatility,0.010928733713950962,-0.007821229050279155
2024-06-19,000001,volume_factor,-0.34930658936755243,-0.007821229050279155
2024-06-19,300750,momentum,-0.06679440097929634,-0.019961218204631037
2024-06-19,300750,volatility,0.01920073478877699,-0.019961218204631037
2024-06-19,300750,volume_factor,-0.481380779066958,-0.019961218204631037
2024-06-19,600519,momentum,-0.11022118090484267,-0.008429096841593098
2024-06-19,600519,volatility,0.009662821377732658,-0.008429096841593098
2024-06-19,600519,volume_factor,0.28748213650518273,-0.008429096841593098
2024-06-20,000001,momentum,-0.08195020746887971,0.009039548022598876
2024-06-20,000001,volatility,0.01099697623053739,0.009039548022598876
2024-06-20,000001,volume_factor,-0.45216297252757776,0.009039548022598876
2024-06-20,300750,momentum,-0.08837987658194757,-0.017152363469481346
2024-06-20,300750,volatility,0.01855668439614613,-0.017152363469481346
2024-06-20,300750,volume_factor,-0.42338266477559483,-0.017152363469481346
2024-06-20,600519,momentum,-0.1066478184946621,-0.006880799633405932
2024-06-20,600519,volatility,0.009728669217973576,-0.006880799633405932
2024-06-20,600519,volume_factor,-0.2342387708650644,-0.006880799633405932
2024-06-21,000001,momentum,-0.07172995780590719,0.017045454545454364
2024-06-21,000001,volatility,0.01061363678772881,0.017045454545454364
2024-06-21,000001,volume_factor,-0.24409605475924745,0.017045454545454364
2024-06-21,300750,momentum,-0.10059264698169601,-0.029914280716076713
2024-06-21,300750,volatility,0.018736617704653537,-0.029914280716076713
2024-06-21,300750,volume_factor,-0.08087811707348391,-0.029914280716076713
2024-06-21,600519,momentum,-0.12206051345920521,-0.002639776533044702
2024-06-21,600519,volatility,0.010292067965986524,-0.002639776533044702
2024-06-21,600519,volume_factor,0.29345865829043705,-0.002639776533044702
2024-06-24,000001,momentum,-0.06496272630457944,0.042141230068337254
2024-06-24,000001,volatility,0.010527258850723992,0.042141230068337254
2024-06-24,000001,volume_factor,-0.11996308439334369,0.042141230068337254
2024-06-24,300750,momentum,-0.07474240563771284,-0.06295078183601632
2024-06-24,300750,volatility,0.018808392228878874,-0.06295078183601632
2024-06-24,300750,volume_factor,-0.10799270290501439,-0.06295078183601632
2024-06-24,600519,momentum,-0.109966682655535,-0.02634204604213841
2024-06-24,600519,volatility,0.0105220053190746,-0.02634204604213841
2024-06-24,600519,volume_factor,0.7896013063192493,-0.02634204604213841
2024-06-25,000001,momentum,-0.0740354535974973,0.03603603603603589
2024-06-25,000001,volatility,0.009490673198743242,0.03603603603603589
2024-06-25,000001,volume_factor,-0.2610190735590221,0.03603603603603589
2024-06-25,300750,momentum,-0.07346785445959003,-0.059310744280336
2024-06-25,300750,volatility,0.018805238930631202,-0.059310744280336
2024-06-25,300750,volume_factor,-0.2836367422428645,-0.059310744280336
2024-06-25,600519,momentum,-0.09935667869095832,0.002928014227980169
2024-06-25,600519,volatility,0.010922775250567703,0.002928014227980169
2024-06-25,600519,volume_factor,0.15265142958840716,0.002928014227980169
2024-06-26,000001,momentum,-0.06329113924050633,0.025900900900900803
2024-06-26,000001,volatility,0.009347993124845572,0.025900900900900803
2024-06-26,000001,volume_factor,-0.37957803738290086,0.025900900900900803
2024-06-26,300750,momentum,-0.06674632053440499,-0.034974394785847296
2024-06-26,300750,volatility,0.018708323765784178,-0.034974394785847296
2024-06-26,300750,volume_factor,-0.4762234458144824,-0.034974394785847296
2024-06-26,600519,momentum,-0.09445206822191721,0.007779124812377303
2024-06-26,600519,volatility,0.011031281605838755,0.007779124812377303
2024-06-26,600519,volume_factor,-0.19701725991983754,0.007779124812377303
2024-06-27,000001,momentum,-0.043897216274089934,0.014557670772676445
2024-06-27,000001,volatility,0.009132295836770405,0.014557670772676445
2024-06-27,000001,volume_factor,-0.05924887228450837,0.014557670772676445
2024-06-27,300750,momentum,-0.07449222126188415,-0.03151812292067946
2024-06-27,300750,volatility,0.018597863634781185,-0.03151812292067946
2024-06-27,300750,volume_factor,-0.36658983643394927,-0.03151812292067946
2024-06-27,600519,momentum,-0.09913227595702956,-0.003424583462506181
2024-06-27,600519,volatility,0.01081742123247941,-0.003424583462506181
2024-06-27,600519,volume_factor,-0.12436722579784576,-0.003424583462506181
2024-06-28,000001,momentum,-0.02717391304347827,-0.020111731843575398
2024-06-28,000001,volatility,0.008663165309295631,-0.020111731843575398
2024-06-28,000001,volume_factor,-0.050591923242400916,-0.020111731843575398
2024-06-28,300750,momentum,-0.10404997845756137,-0.01448665544602079
2024-06-28,300750,volatility,0.019352660981896707,-0.01448665544602079
2024-06-28,300750,volume_factor,-0.043738247072570124,-0.01448665544602079
2024-06-28,600519,momentum,-0.09951408236832027,-0.01055039481498321
2024-06-28,600519,volatility,0.010840290548796355,-0.01055039481498321
2024-06-28,600519,volume_factor,0.020621679282692096,-0.01055039481498321
2024-07-01,000001,momentum,-0.0043525571273121955,-0.04590163934426228
2024-07-01,000001,volatility,0.010155424824937424,-0.04590163934426228
2024-07-01,000001,volume_factor,0.35274987844095196,-0.04590163934426228
2024-07-01,300750,momentum,-0.11782280406322998,-0.0009852216748768017
2024-07-01,300750,volatility,0.019783290382618477,-0.0009852216748768017
2024-07-01,300750,volume_factor,0.2874637097976094,-0.0009852216748768017
2024-07-01,600519,momentum,-0.11702584356486634,-0.015243993657062638
2024-07-01,600519,volatility,0.011250305622271547,-0.015243993657062638
2024-07-01,600519,volume_factor,-0.16067399749201738,-0.015243993657062638
2024-07-02,000001,momentum,0.015452538631346435,-0.035869565217391264
2024-07-02,000001,volatility,0.009670037649899788,-0.035869565217391264
2024-07-02,000001,volume_factor,0.3903440413202699,-0.035869565217391264
2024-07-02,300750,momentum,-0.1399142085473707,-0.001908749461240089
2024-07-02,300750,volatility,0.01839470798944246,-0.001908749461240089
2024-07-02,300750,volume_factor,-0.3053727171975136,-0.001908749461240089
2024-07-02,600519,momentum,-0.07827646922029163,-0.03796747498630382
2024-07-02,600519,volatility,0.01491462555103571,-0.03796747498630382
2024-07-02,600519,volume_factor,0.3161578536572984,-0.03796747498630382
2024-07-03,000001,momentum,0.001098901098901095,-0.01866081229418226
2024-07-03,000001,volatility,0.009909725040099461,-0.01866081229418226
2024-07-03,000001,volume_factor,-0.274097445857135,-0.01866081229418226
2024-07-03,300750,momentum,-0.13764950598023917,-0.0388952541759634
2024-07-03,300750,volatility,0.018600662024003022,-0.0388952541759634
2024-07-03,300750,volume_factor,-0.21628415786806154,-0.0388952541759634
2024-07-03,600519,momentum,-0.08053408477410684,-0.04468901714236606
2024-07-03,600519,volatility,0.014809905087682693,-0.04468901714236606
2024-07-03,600519,volume_factor,-0.20936749148904998,-0.04468901714236606
2024-07-04,000001,momentum,0.012290502793296243,-0.014348785871964753
2024-07-04,000001,volatility,0.009222373192002942,-0.014348785871964753
2024-07-04,000001,volume_factor,-0.2407524013512352,-0.014348785871964753
2024-07-04,300750,momentum,-0.12874770280913617,-0.015608991743506273
2024-07-04,300750,volatility,0.018671267941957673,-0.015608991743506273
2024-07-04,300750,volume_factor,-0.42773778818377617,-0.015608991743506273
2024-07-04,600519,momentum,-0.08437661460196344,-0.01710941343287886
2024-07-04,600519,volatility,0.014868024660680828,-0.01710941343287886
2024-07-04,600519,volume_factor,-0.3935330926205316,-0.01710941343287886
2024-07-05,000001,momentum,-0.023385300668151587,0.03876852907639683
2024-07-05,000001,volatility,0.01172684286849132,0.03876852907639683
2024-07-05,000001,volume_factor,0.7110907402778346,0.03876852907639683
2024-07-05,300750,momentum,-0.1421619924654668,0.013296736810002985
2024-07-05,300750,volatility,0.01854552471560802,0.013296736810002985
2024-07-05,300750,volume_factor,-0.34776669639759095,0.013296736810002985
2024-07-05,600519,momentum,-0.10357562754488636,0.019132445129451447
2024-07-05,600519,volatility,0.015478354612936262,0.019132445129451447
2024-07-05,600519,volume_factor,-0.049729570984557436,0.019132445129451447
2024-07-08,000001,momentum,-0.037486218302094754,0.0458190148911799
2024-07-08,000001,volatility,0.01144784050017757,0.0458190148911799
2024-07-08,000001,volume_factor,-0.11922886847890601,0.0458190148911799
2024-07-08,300750,momentum,-0.09630702389572765,0.013621794871794712
2024-07-08,300750,volatility,0.013746341476839535,0.013621794871794712
2024-07-08,300750,volume_factor,-0.42186923632694584,0.013621794871794712
2024-07-08,600519,momentum,-0.11334554564801591,0.04170021419782155
2024-07-08,600519,volatility,0.015963143166722194,0.04170021419782155
2024-07-08,600519,volume_factor,-0.039700105196411206,0.04170021419782155
2024-07-09,000001,momentum,-0.00893854748603351,0.025930101465614586
2024-07-09,000001,volatility,0.01178170301120689,0.025930101465614586
2024-07-09,000001,volume_factor,0.06332985991030626,0.025930101465614586
2024-07-09,300750,momentum,-0.0742432895488292,0.021776681061073333
2024-07-09,300750,volatility,0.012957475119621593,0.021776681061073333
2024-07-09,300750,volume_factor,-0.05552039167079248,0.021776681061073333
2024-07-09,600519,momentum,-0.06976565876235497,0.028451111593996492
2024-07-09,600519,volatility,0.015100382211458726,0.028451111593996492
2024-07-09,600519,volume_factor,-0.14515202213080158,0.028451111593996492
2024-07-10,000001,momentum,-0.0022321428571430157,0.029082774049216997
2024-07-10,000001,volatility,0.01192362302028598,0.029082774049216997
2024-07-10,000001,volume_factor,-0.09613962518028929,0.029082774049216997
2024-07-10,300750,momentum,-0.07299482347467001,0.049190613627807744
2024-07-10,300750,volatility,0.012883549187190552,0.049190613627807744
2024-07-10,300750,volume_factor,0.02830620704578579,0.049190613627807744
2024-07-10,600519,momentum,-0.07180625321774936,0.04782892221897406
2024-07-10,600519,volatility,0.01506721136834381,0.04782892221897406
2024-07-10,600519,volume_factor,-0.38848772755112015,0.04782892221897406
2024-07-11,000001,momentum,0.005630630630630407,0.03135498320268759
2024-07-11,000001,volatility,0.01174386845517812,0.03135498320268759
2024-07-11,000001,volume_factor,-0.23476651076655886,0.03135498320268759
2024-07-11,300750,momentum,-0.04763570637280623,0.06942573772499094
2024-07-11,300750,volatility,0.0143820072707445,0.06942573772499094
2024-07-11,300750,volume_factor,0.20865890672387688,0.06942573772499094
2024-07-11,600519,momentum,-0.04366953620474845,0.026070379720747994
2024-07-11,600519,volatility,0.015707265102072945,0.026070379720747994
2024-07-11,600519,volume_factor,-0.24625530179657207,0.026070379720747994
2024-07-12,000001,momentum,0.014476614699331813,0.00658616904500553
2024-07-12,000001,volatility,0.012332684374007549,0.00658616904500553
2024-07-12,000001,volume_factor,0.3175708468986005,0.00658616904500553
2024-07-12,300750,momentum,-0.029727835533232105,0.05802684644555467
2024-07-12,300750,volatility,0.015024715641447382,0.05802684644555467
2024-07-12,300750,volume_factor,0.19672857665783994,0.05802684644555467
2024-07-12,600519,momentum,-0.03188658792392285,0.03402745463006074
2024-07-12,600519,volatility,0.016032469590290064,0.03402745463006074
2024-07-12,600519,volume_factor,-0.36268725456264805,0.03402745463006074
2024-07-15,000001,momentum,0.02584269662921357,-0.010952902519167695
2024-07-15,000001,volatility,0.012121146726313465,-0.010952902519167695
2024-07-15,000001,volume_factor,-0.0660790945109756,-0.010952902519167695
2024-07-15,300750,momentum,-0.05775511373402864,0.06932198236546072
2024-07-15,300750,volatility,0.01431197343126789,0.06932198236546072
2024-07-15,300750,volume_factor,-0.26304514882122687,0.06932198236546072
2024-07-15,600519,momentum,-0.02538446232127123,0.017572770226914614
2024-07-15,600519,volatility,0.015926298738408586,0.017572770226914614
2024-07-15,600519,volume_factor,-0.4558085681204168,0.017572770226914614
2024-07-16,000001,momentum,0.024774774774774633,-0.01318681318681314
2024-07-16,000001,volatility,0.012139566129343355,-0.01318681318681314
2024-07-16,000001,volume_factor,-3.875744788517377e-05,-0.01318681318681314
2024-07-16,300750,momentum,-0.06243631835163588,0.04165911972468761
2024-07-16,300750,volatility,0.014075372536722128,0.04165911972468761
2024-07-16,300750,volume_factor,-0.025081684571735985,0.04165911972468761
2024-07-16,600519,momentum,-0.010539519593990687,-0.015300100543517825
2024-07-16,600519,volatility,0.015629975898597756,-0.015300100543517825
2024-07-16,600519,volume_factor,-0.4057998566853366,-0.015300100543517825
2024-07-17,000001,momentum,0.027932960893854775,-0.02934782608695652
2024-07-17,000001,volatility,0.01224767567706101,-0.02934782608695652
2024-07-17,000001,volume_factor,0.2654144763707309,-0.02934782608695652
2024-07-17,300750,momentum,-0.046310026234744006,0.03247219232149279
2024-07-17,300750,volatility,0.014313460838006586,0.03247219232149279
2024-07-17,300750,volume_factor,0.16696960214334555,0.03247219232149279
2024-07-17,600519,momentum,0.0002862172102409133,-0.04390746383964983
2024-07-17,600519,volatility,0.016110060912671646,-0.04390746383964983
2024-07-17,600519,volume_factor,0.013830059140825579,-0.04390746383964983
2024-07-18,000001,momentum,0.04067796610169516,-0.034744842562432154
2024-07-18,000001,volatility,0.011884040607989695,-0.034744842562432154
2024-07-18,000001,volume_factor,0.10125016791349828,-0.034744842562432154
2024-07-18,300750,momentum,0.002065167508031207,-0.0035493473780627838
2024-07-18,300750,volatility,0.017697549066482018,-0.0035493473780627838
2024-07-18,300750,volume_factor,0.8873708952452639,-0.0035493473780627838
2024-07-18,600519,momentum,-0.0018544506816360329,-0.04807575051110069
2024-07-18,600519,volatility,0.016122612855086177,-0.04807575051110069
2024-07-18,600519,volume_factor,-0.15215163182177271,-0.04807575051110069
2024-07-19,000001,momentum,0.0420454545454545,-0.037077426390403456
2024-07-19,000001,volatility,0.011842930142242561,-0.037077426390403456
2024-07-19,000001,volume_factor,-0.09267950316817064,-0.037077426390403456
2024-07-19,300750,momentum,0.02495772348241876,-0.0005120327700972593
2024-07-19,300750,volatility,0.01730486475911538,-0.0005120327700972593
2024-07-19,300750,volume_factor,0.2212411464468922,-0.0005120327700972593
2024-07-19,600519,momentum,0.039940330812992864,-0.07272740057377514
2024-07-19,600519,volatility,0.015935338463449404,-0.07272740057377514
2024-07-19,600519,volume_factor,0.15106829175293846,-0.07272740057377514
2024-07-22,000001,momentum,0.028473804100227706,-0.013289036544850363
2024-07-22,000001,volatility,0.012438555624665445,-0.013289036544850363
2024-07-22,000001,volume_factor,0.0015981057398610776,-0.013289036544850363
2024-07-22,300750,momentum,0.014655819052564745,-0.02837645720784754
2024-07-22,300750,volatility,0.017167976880748788,-0.02837645720784754
2024-07-22,300750,volume_factor,0.00827075308310632,-0.02837645720784754
2024-07-22,600519,momentum,0.016349984341885948,-0.07235908680510772
2024-07-22,600519,volatility,0.01658706937092462,-0.07235908680510772
2024-07-22,600519,volume_factor,-0.1099004590360243,-0.07235908680510772
2024-07-23,000001,momentum,0.011261261261261257,-0.011135857461024412
2024-07-23,000001,volatility,0.012303835629058388,-0.011135857461024412
2024-07-23,000001,volume_factor,0.014672435103838533,-0.011135857461024412
2024-07-23,300750,momentum,-0.0006950477845352188,-0.0075928823972643
2024-07-23,300750,volatility,0.01770631505496973,-0.0075928823972643
2024-07-23,300750,volume_factor,-0.29575394016236634,-0.0075928823972643
2024-07-23,600519,momentum,-0.02288188896680865,-0.05549965224854614
2024-07-23,600519,volatility,0.018013272102884725,-0.05549965224854614
2024-07-23,600519,volume_factor,-0.017946968374617178,-0.05549965224854614
2024-07-24,000001,momentum,0.005630630630630407,0.015677491601343796
2024-07-24,000001,volatility,0.012381640496522376,0.015677491601343796
2024-07-24,000001,volume_factor,-0.28279622341456245,0.015677491601343796
2024-07-24,300750,momentum,0.004713687150837975,-5.79206487113515e-05
2024-07-24,300750,volatility,0.017670316047599485,-5.79206487113515e-05
2024-07-24,300750,volume_factor,-0.15397362998238728,-5.79206487113515e-05
2024-07-24,600519,momentum,-0.035503983373744386,-0.014021069012988607
2024-07-24,600519,volatility,0.018137122677399236,-0.014021069012988607
2024-07-24,600519,volume_factor,-0.22774644933996857,-0.014021069012988607
2024-07-25,000001,momentum,-0.004479283314669513,0.020247469066366763
2024-07-25,000001,volatility,0.012361229005492965,0.020247469066366763
2024-07-25,000001,volume_factor,-0.1491895258407886,0.020247469066366763
2024-07-25,300750,momentum,0.01593416214323229,-0.04268642996667815
2024-07-25,300750,volatility,0.017734493903475628,-0.04268642996667815
2024-07-25,300750,volume_factor,0.17701921123442754,-0.04268642996667815
2024-07-25,600519,momentum,-0.04325789636849964,-0.033405424142634255
2024-07-25,600519,volatility,0.018166425969123733,-0.033405424142634255
2024-07-25,600519,volume_factor,-0.08597573951904658,-0.033405424142634255
2024-07-26,000001,momentum,-0.013407821229050154,0.01245753114382775
2024-07-26,000001,volatility,0.012432911860509445,0.01245753114382775
2024-07-26,000001,volume_factor,-0.07704477631353779,0.01245753114382775
2024-07-26,300750,momentum,0.05602308247174803,-0.06978597449908941
2024-07-26,300750,volatility,0.016344152675196514,-0.06978597449908941
2024-07-26,300750,volume_factor,0.319473074304955,-0.06978597449908941
2024-07-26,600519,momentum,-0.033139530621073,-0.02786013816323285
2024-07-26,600519,volatility,0.017872930060561332,-0.02786013816323285
2024-07-26,600519,volume_factor,0.05380756953944377,-0.02786013816323285
2024-07-29,000001,momentum,-0.02622950819672132,-0.006734006734006814
2024-07-29,000001,volatility,0.011459065989514185,-0.006734006734006814
2024-07-29,000001,volume_factor,-0.20174246544561303,-0.006734006734006814
2024-07-29,300750,momentum,0.052093596059113345,-0.04407116937843847
2024-07-29,300750,volatility,0.016672864029298306,-0.04407116937843847
2024-07-29,300750,volume_factor,0.2268040349048559,-0.04407116937843847
2024-07-29,600519,momentum,-0.03168476797414965,0.009261834136695013
2024-07-29,600519,volatility,0.01779645778077864,0.009261834136695013
2024-07-29,600519,volume_factor,0.007559388198737471,0.009261834136695013
2024-07-30,000001,momentum,-0.03478260869565197,-0.016891891891891886
2024-07-30,000001,volatility,0.011355775995502432,-0.016891891891891886
2024-07-30,000001,volume_factor,-0.34794558650001495,-0.016891891891891886
2024-07-30,300750,momentum,0.054245428237177595,-0.05805396565821752
2024-07-30,300750,volatility,0.016662270115332604,-0.05805396565821752
2024-07-30,300750,volume_factor,-0.265650346567193,-0.05805396565821752
2024-07-30,600519,momentum,-0.07980594561863852,0.01935716356059003
2024-07-30,600519,volatility,0.015409333030728722,0.01935716356059003
2024-07-30,600519,volume_factor,0.6902626845598148,0.01935716356059003
2024-07-31,000001,momentum,-0.004390779363336872,-0.037486218302094754
2024-07-31,000001,volatility,0.012290481545854449,-0.037486218302094754
2024-07-31,000001,volume_factor,0.14295741139328189,-0.037486218302094754
2024-07-31,300750,momentum,0.04106615208345876,-0.07321594068582016
2024-07-31,300750,volatility,0.016162098302040465,-0.07321594068582016
2024-07-31,300750,volume_factor,0.1361146021466204,-0.07321594068582016
2024-07-31,600519,momentum,-0.05636788061924469,-0.004386031476225849
2024-07-31,600519,volatility,0.017300641110944235,-0.004386031476225849
2024-07-31,600519,volume_factor,0.3860945300325287,-0.004386031476225849
2024-08-01,000001,momentum,0.001103752759381793,-0.03638368246968027
2024-08-01,000001,volatility,0.012226068253795418,-0.03638368246968027
2024-08-01,000001,volume_factor,-0.23525912635594282,-0.03638368246968027
2024-08-01,300750,momentum,0.004218646417163852,-0.04741043029466485
2024-08-01,300750,volatility,0.0181561526759199,-0.04741043029466485
2024-08-01,300750,volume_factor,0.27338871730684144,-0.04741043029466485
2024-08-01,600519,momentum,-0.0720403970252047,0.03471583378810328
2024-08-01,600519,volatility,0.01804791145200098,0.03471583378810328
2024-08-01,600519,volume_factor,0.013811031420927211,0.03471583378810328
2024-08-02,000001,momentum,0.019384264538198304,-0.01118568232662187
2024-08-02,000001,volatility,0.010261929335801554,-0.01118568232662187
2024-08-02,000001,volume_factor,-0.3467263711569625,-0.01118568232662187
2024-08-02,300750,momentum,-0.003232692894175049,-0.043385142577407776
2024-08-02,300750,volatility,0.018488518280293527,-0.043385142577407776
2024-08-02,300750,volume_factor,-0.14731406158290394,-0.043385142577407776
2024-08-02,600519,momentum,-0.05005409250559445,0.04005491462491895
2024-08-02,600519,volatility,0.017421750630615747,0.04005491462491895
2024-08-02,600519,volume_factor,-0.2870450148749045,0.04005491462491895
2024-08-05,000001,momentum,0.013745704467353903,-0.004519774011299327
2024-08-05,000001,volatility,0.010490570444095505,-0.004519774011299327
2024-08-05,000001,volume_factor,-0.15482145109145473,-0.004519774011299327
2024-08-05,300750,momentum,0.006718441814595577,-0.0489805914406416
2024-08-05,300750,volatility,0.01832645141989133,-0.0489805914406416
2024-08-05,300750,volume_factor,0.04033707702044298,-0.0489805914406416
2024-08-05,600519,momentum,-0.007588071763865889,0.019968619647162456
2024-08-05,600519,volatility,0.017247256697352407,0.019968619647162456
2024-08-05,600519,volume_factor,0.2305103702846223,0.019968619647162456
2024-08-06,000001,momentum,-0.015783540022547782,0.002290950744558984
2024-08-06,000001,volatility,0.0103042490080266,0.002290950744558984
2024-08-06,000001,volume_factor,0.39121543767561806,0.002290950744558984
2024-08-06,300750,momentum,-0.005058605798889504,-0.0072544642857141906
2024-08-06,300750,volatility,0.018556918992097573,-0.0072544642857141906
2024-08-06,300750,volume_factor,-0.15056586027514884,-0.0072544642857141906
2024-08-06,600519,momentum,-0.02497433630307888,0.01407119363069076
2024-08-06,600519,volatility,0.016946633927795576,0.01407119363069076
2024-08-06,600519,volume_factor,-0.09599085581772249,0.01407119363069076
2024-08-07,000001,momentum,-0.02348993288590595,-0.001145475372279492
2024-08-07,000001,volatility,0.010105293027702284,-0.001145475372279492
2024-08-07,000001,volume_factor,-0.41962437629646243,-0.001145475372279492
2024-08-07,300750,momentum,0.00389007403689301,-0.00912500000000005
2024-08-07,300750,volatility,0.018240991419191808,-0.00912500000000005
2024-08-07,300750,volume_factor,-0.30354819641426156,-0.00912500000000005
2024-08-07,600519,momentum,-0.016557606829919247,-0.0016767781470077292
2024-08-07,600519,volatility,0.017077365310756727,-0.0016767781470077292
2024-08-07,600519,volume_factor,-0.317176058448299,-0.0016767781470077292
2024-08-08,000001,momentum,-0.02127659574468077,0.010297482837528626
2024-08-08,000001,volatility,0.010118212826547816,0.010297482837528626
2024-08-08,000001,volume_factor,-0.4318682331121464,0.010297482837528626
2024-08-08,300750,momentum,-0.02822333782294606,0.006300006300006267
2024-08-08,300750,volatility,0.01737653377235803,0.006300006300006267
2024-08-08,300750,volume_factor,-0.1858472154186397,0.006300006300006267
2024-08-08,600519,momentum,-0.023111516748489325,-0.0028631058671066967
2024-08-08,600519,volatility,0.01674285571806485,-0.0028631058671066967
2024-08-08,600519,volume_factor,-0.1624842534642379,-0.0028631058671066967
2024-08-09,000001,momentum,-0.029637760702524663,0.010180995475113086
2024-08-09,000001,volatility,0.009313588741616788,0.010180995475113086
2024-08-09,000001,volume_factor,-0.14748015264185788,0.010180995475113086
2024-08-09,300750,momentum,-0.058989947631372885,0.023156144054244043
2024-08-09,300750,volatility,0.01707419504255869,0.023156144054244043
2024-08-09,300750,volume_factor,-0.1340206069721651,0.023156144054244043
2024-08-09,600519,momentum,-0.030552000930665457,-0.004199979000104936
2024-08-09,600519,volatility,0.01650640322821853,-0.004199979000104936
2024-08-09,600519,volume_factor,-0.006795367813288822,-0.004199979000104936
2024-08-12,000001,momentum,-0.03504928806133634,0.031782065834279116
2024-08-12,000001,volatility,0.009281867142589472,0.031782065834279116
2024-08-12,000001,volume_factor,-0.5750857771521323,0.031782065834279116
2024-08-12,300750,momentum,-0.05545758589236838,0.0424901821927508
2024-08-12,300750,volatility,0.017011654406027372,0.0424901821927508
2024-08-12,300750,volume_factor,-0.03758032321597915,0.0424901821927508
2024-08-12,600519,momentum,-0.0282914309047424,-0.007999159562972813
2024-08-12,600519,volatility,0.016503994076555145,-0.007999159562972813
2024-08-12,600519,volume_factor,-0.5466125652708951,-0.007999159562972813
2024-08-13,000001,momentum,-0.038461538461538436,0.044571428571428706
2024-08-13,000001,volatility,0.009345970143672949,0.044571428571428706
2024-08-13,000001,volume_factor,-0.23647171100422892,0.044571428571428706
2024-08-13,300750,momentum,-0.03332729577974991,0.006807819624008227
2024-08-13,300750,volatility,0.018487790374134224,0.006807819624008227
2024-08-13,300750,volume_factor,0.059080702241191885,0.006807819624008227
2024-08-13,600519,momentum,-0.03860725370481011,-0.00021977189193278512
2024-08-13,600519,volatility,0.016603313492166913,-0.00021977189193278512
2024-08-13,600519,volume_factor,-0.4539719954732042,-0.00021977189193278512
2024-08-14,000001,momentum,-0.05217391304347807,0.04931192660550465
2024-08-14,000001,volatility,0.008840401059401745,0.04931192660550465
2024-08-14,000001,volume_factor,-0.4373287466561657,0.04931192660550465
2024-08-14,300750,momentum,-0.0519076665470638,0.011353601614734421
2024-08-14,300750,volatility,0.018381755425096853,0.011353601614734421
2024-08-14,300750,volume_factor,-0.4424909154374911,0.011353601614734421
2024-08-14,600519,momentum,-0.06302130277408191,0.0032675746656078974
2024-08-14,600519,volatility,0.015929124158107547,0.0032675746656078974
2024-08-14,600519,volume_factor,-0.5345875944382281,0.0032675746656078974
2024-08-15,000001,momentum,-0.041259500542888294,0.039637599093997666
2024-08-15,000001,volatility,0.009450814051417202,0.039637599093997666
2024-08-15,000001,volume_factor,0.02136439415883884,0.039637599093997666
2024-08-15,300750,momentum,-0.08558506984199687,0.03380704939585555
2024-08-15,300750,volatility,0.014923462987397416,0.03380704939585555
2024-08-15,300750,volume_factor,-0.1482057924264829,0.03380704939585555
2024-08-15,600519,momentum,-0.05065815429862619,-0.012724511307738329
2024-08-15,600519,volatility,0.016213367277261238,-0.012724511307738329
2024-08-15,600519,volume_factor,-0.19246973382591082,-0.012724511307738329
2024-08-16,000001,momentum,-0.026172300981461283,0.03807390817469214
2024-08-16,000001,volatility,0.009890935852772318,0.03807390817469214
2024-08-16,000001,volume_factor,0.6198185279094852,0.03807390817469214
2024-08-16,300750,momentum,-0.09000398247710084,0.05114098155673652
2024-08-16,300750,volatility,0.014780652453883429,0.05114098155673652
2024-08-16,300750,volume_factor,-0.3248595147605621,0.05114098155673652
2024-08-16,600519,momentum,-0.06639196714856277,-0.012208715561781713
2024-08-16,600519,volatility,0.015390953001884837,-0.012208715561781713
2024-08-16,600519,volume_factor,-0.39957965102277615,-0.012208715561781713
2024-08-19,000001,momentum,0.006644518272425293,0.022002200220021972
2024-08-19,000001,volatility,0.010199413036648172,0.022002200220021972
2024-08-19,000001,volume_factor,0.8479165495871552,0.022002200220021972
2024-08-19,300750,momentum,-0.07915837361387534,0.05138022602359049
2024-08-19,300750,volatility,0.015228982337398589,0.05138022602359049
2024-08-19,300750,volume_factor,-0.14203166447067406,0.05138022602359049
2024-08-19,600519,momentum,-0.052710778623328514,-0.010166568329324277
2024-08-19,600519,volatility,0.014963542730160062,-0.010166568329324277
2024-08-19,600519,volume_factor,-0.24323063077076923,-0.010166568329324277
2024-08-20,000001,momentum,0.017817371937639104,0.009846827133479286
2024-08-20,000001,volatility,0.010160916735412619,0.009846827133479286
2024-08-20,000001,volume_factor,0.8906574758007515,0.009846827133479286
2024-08-20,300750,momentum,-0.06566973859618619,0.0535359801488835
2024-08-20,300750,volatility,0.014823814762576928,0.0535359801488835
2024-08-20,300750,volume_factor,-0.47874835351945255,0.0535359801488835
2024-08-20,600519,momentum,-0.023883865812332594,-0.014136713005776014
2024-08-20,600519,volatility,0.01332602009653788,-0.014136713005776014
2024-08-20,600519,volume_factor,-0.29533234910064,-0.014136713005776014
2024-08-21,000001,momentum,0.024636058230683267,-0.0021857923497267118
2024-08-21,000001,volatility,0.010045147487899489,-0.0021857923497267118
2024-08-21,000001,volume_factor,0.2240134374555176,-0.0021857923497267118
2024-08-21,300750,momentum,-0.07130031856356789,0.0549457403018585
2024-08-21,300750,volatility,0.014799884621587087,0.0549457403018585
2024-08-21,300750,volume_factor,-0.30415752055008727,0.0549457403018585
2024-08-21,600519,momentum,-0.016789369725264902,-0.02174839436276743
2024-08-21,600519,volatility,0.013138891364891598,-0.02174839436276743
2024-08-21,600519,volume_factor,-0.4179961513395113,-0.02174839436276743
2024-08-22,000001,momentum,0.03262092238470182,-0.027233115468409563
2024-08-22,000001,volatility,0.009961076349346735,-0.027233115468409563
2024-08-22,000001,volume_factor,0.2923968856291743,-0.027233115468409563
2024-08-22,300750,momentum,-0.051304147994944316,0.012111669593653396
2024-08-22,300750,volatility,0.016415064945765088,0.012111669593653396
2024-08-22,300750,volume_factor,0.24496528521735494,0.012111669593653396
2024-08-22,600519,momentum,-0.01540281681650002,0.0024873908418094892
2024-08-22,600519,volatility,0.013106878601597304,0.0024873908418094892
2024-08-22,600519,volume_factor,-0.23393788176586205,0.0024873908418094892
2024-08-23,000001,momentum,0.04983012457531144,-0.033441208198489614
2024-08-23,000001,volatility,0.009913759211513688,-0.033441208198489614
2024-08-23,000001,volume_factor,0.23885904251953338,-0.033441208198489614
2024-08-23,300750,momentum,-0.04297586520947183,0.015107357402010413
2024-08-23,300750,volatility,0.016863972788536314,0.015107357402010413
2024-08-23,300750,volume_factor,0.17006297875801213,0.015107357402010413
2024-08-23,600519,momentum,-0.005459798442440822,0.02150160499569198
2024-08-23,600519,volatility,0.01307487353045661,0.02150160499569198
2024-08-23,600519,volume_factor,-0.37820637703746995,0.02150160499569198
2024-08-26,000001,momentum,0.04264870931537579,-0.04090419806243262
2024-08-26,000001,volatility,0.009792068980971314,-0.04090419806243262
2024-08-26,000001,volume_factor,-0.14193541510898033,-0.04090419806243262
2024-08-26,300750,momentum,-0.0035701744117991874,-0.01603524229074882
2024-08-26,300750,volatility,0.016049984817591133,-0.01603524229074882
2024-08-26,300750,volume_factor,-0.0372267104753915,-0.01603524229074882
2024-08-26,600519,momentum,0.010799035965888049,-0.012991578400354586
2024-08-26,600519,volatility,0.012377134538778832,-0.012991578400354586
2024-08-26,600519,volume_factor,-0.34546109434649763,-0.012991578400354586
2024-08-27,000001,momentum,0.0394144144144144,-0.037919826652220934
2024-08-27,000001,volatility,0.009907232720367958,-0.037919826652220934
2024-08-27,000001,volume_factor,-0.16755080848829107,-0.037919826652220934
2024-08-27,300750,momentum,-0.008118210489428734,0.012659718542071374
2024-08-27,300750,volatility,0.01605012068213882,0.012659718542071374
2024-08-27,300750,volume_factor,-0.34684316805613336,0.012659718542071374
2024-08-27,600519,momentum,0.018863638144031025,0.004559399051214497
2024-08-27,600519,volatility,0.012010386141462064,0.004559399051214497
2024-08-27,600519,volume_factor,-0.3783866819904189,0.004559399051214497
2024-08-28,000001,momentum,0.006615214994487362,-0.033953997809419545
2024-08-28,000001,volatility,0.009177370134496671,-0.033953997809419545
2024-08-28,000001,volume_factor,0.09475362125765052,-0.033953997809419545
2024-08-28,300750,momentum,-0.020215477293790474,0.02559858114099911
2024-08-28,300750,volatility,0.015939349859203703,0.02559858114099911
2024-08-28,300750,volume_factor,-0.281738302677194,0.02559858114099911
2024-08-28,600519,momentum,-0.0244949993170539,0.008556715465874332
2024-08-28,600519,volatility,0.009788264918863473,0.008556715465874332
2024-08-28,600519,volume_factor,0.4803282865471239,0.008556715465874332
2024-08-29,000001,momentum,-0.015435501653803807,-0.006718924972004547
2024-08-29,000001,volatility,0.010443648802093471,-0.006718924972004547
2024-08-29,000001,volume_factor,0.3545953762210421,-0.006718924972004547
2024-08-29,300750,momentum,0.003000660145231926,0.03590019745108597
2024-08-29,300750,volatility,0.014091673941691906,0.03590019745108597
2024-08-29,300750,volume_factor,0.08481639872551283,0.03590019745108597
2024-08-29,600519,momentum,0.02115849380213608,-0.006428266047761477
2024-08-29,600519,volatility,0.00880329230146732,-0.006428266047761477
2024-08-29,600519,volume_factor,0.2982035814956845,-0.006428266047761477
2024-08-30,000001,momentum,0.0022371364653246406,-0.008928571428571397
2024-08-30,000001,volatility,0.00996890528145776,-0.008928571428571397
2024-08-30,000001,volume_factor,0.40758150398230053,-0.008928571428571397
2024-08-30,300750,momentum,0.04436421490637632,0.009433409503720736
2024-08-30,300750,volatility,0.014046879628927018,0.009433409503720736
2024-08-30,300750,volume_factor,0.7018833072320605,0.009433409503720736
2024-08-30,600519,momentum,0.04503935288106775,-0.0337306770767245
2024-08-30,600519,volatility,0.010039126364469752,-0.0337306770767245
2024-08-30,600519,volume_factor,0.7606955699683211,-0.0337306770767245
2024-09-02,000001,momentum,0.006779661016949268,-0.029180695847362492
2024-09-02,000001,volatility,0.009775270712051332,-0.029180695847362492
2024-09-02,000001,volume_factor,0.041936044840301445,-0.029180695847362492
2024-09-02,300750,momentum,0.025653584767036053,0.023638968481375144
2024-09-02,300750,volatility,0.014786965386624893,0.023638968481375144
2024-09-02,300750,volume_factor,-0.11204262950318578,0.023638968481375144
2024-09-02,600519,momentum,-0.011488270636408893,-0.015485389534973804
2024-09-02,600519,volatility,0.012435383436497633,-0.015485389534973804
2024-09-02,600519,volume_factor,0.564243505995083,-0.015485389534973804
2024-09-03,000001,momentum,0.01718213058419238,-0.020270270270270396
2024-09-03,000001,volatility,0.009262360416188244,-0.020270270270270396
2024-09-03,000001,volume_factor,0.004588695917981944,-0.020270270270270396
2024-09-03,300750,momentum,0.06634424603174605,-0.026107686940341823
2024-09-03,300750,volatility,0.015426598891964433,-0.026107686940341823
2024-09-03,300750,volume_factor,0.23409936260116515,-0.026107686940341823
2024-09-03,600519,momentum,0.004073038025268261,-0.024492170159352233
2024-09-03,600519,volatility,0.012690667978909552,-0.024492170159352233
2024-09-03,600519,volume_factor,-0.1619288567178514,-0.024492170159352233
2024-09-04,000001,momentum,0.010309278350515427,-0.04195011337868493
2024-09-04,000001,volatility,0.009418552289598332,-0.04195011337868493
2024-09-04,000001,volume_factor,-0.08711413926054468,-0.04195011337868493
2024-09-04,300750,momentum,0.08424999999999994,-0.003400968411344296
2024-09-04,300750,volatility,0.015234851482725157,-0.003400968411344296
2024-09-04,300750,volume_factor,0.10906082844959131,-0.003400968411344296
2024-09-04,600519,momentum,-0.011813664217554365,-0.01542567140234774
2024-09-04,600519,volatility,0.012661417640813482,-0.01542567140234774
2024-09-04,600519,volume_factor,-0.3240485737524793,-0.01542567140234774
2024-09-05,000001,momentum,0.014874141876429992,-0.03720405862457721
2024-09-05,000001,volatility,0.009487534031994352,-0.03720405862457721
2024-09-05,000001,volume_factor,-0.3635316666584548,-0.03720405862457721
2024-09-05,300750,momentum,0.09072009072009068,0.014728816496274444
2024-09-05,300750,volatility,0.015043707413501577,0.014728816496274444
2024-09-05,300750,volume_factor,-0.16873220560418445,0.014728816496274444
2024-09-05,600519,momentum,-0.019446516428953453,-0.05364909099291559
2024-09-05,600519,volatility,0.012386135284283343,-0.05364909099291559
2024-09-05,600519,volume_factor,-0.2922707553568902,-0.05364909099291559
2024-09-06,000001,momentum,0.00452488687782826,-0.04279279279279291
2024-09-06,000001,volatility,0.009151964316677667,-0.04279279279279291
2024-09-06,000001,volume_factor,-0.06606352094259815,-0.04279279279279291
2024-09-06,300750,momentum,0.10202776178596551,-0.014221035523566239
2024-09-06,300750,volatility,0.014508056100970518,-0.014221035523566239
2024-09-06,300750,volume_factor,-0.4782724443201163,-0.014221035523566239
2024-09-06,600519,momentum,-0.029099854500727496,-0.072512243731364
2024-09-06,600519,volatility,0.012351884203553636,-0.072512243731364
2024-09-06,600519,volume_factor,-0.4707573026621097,-0.072512243731364
2024-09-09,000001,momentum,-0.018161180476730987,-0.009248554913294793
2024-09-09,000001,volatility,0.01085157592640679,-0.009248554913294793
2024-09-09,000001,volume_factor,0.6304665963853757,-0.009248554913294793
2024-09-09,300750,momentum,0.1039721882443827,0.00728947982271988
2024-09-09,300750,volatility,0.01444091515201928,0.00728947982271988
2024-09-09,300750,volume_factor,-0.05284144403829716,0.00728947982271988
2024-09-09,600519,momentum,-0.04584884139752676,-0.08501502115544923
2024-09-09,600519,volatility,0.01287790467355536,-0.08501502115544923
2024-09-09,600519,volume_factor,0.41410001604799596,-0.08501502115544923
2024-09-10,000001,momentum,-0.005714285714285783,-0.010344827586206917
2024-09-10,000001,volatility,0.010853404409752606,-0.010344827586206917
2024-09-10,000001,volume_factor,-0.24167830917887512,-0.010344827586206917
2024-09-10,300750,momentum,0.04609331084879131,0.03427070272852095
2024-09-10,300750,volatility,0.014431569396429736,0.03427070272852095
2024-09-10,300750,volume_factor,0.09947009538853258,0.03427070272852095
2024-09-10,600519,momentum,-0.03411011329619951,-0.0917978250976823
2024-09-10,600519,volatility,0.012789404038321187,-0.0917978250976823
2024-09-10,600519,volume_factor,-0.03052407411940372,-0.0917978250976823
2024-09-11,000001,momentum,-0.030963302752293753,0.029585798816567976
2024-09-11,000001,volatility,0.012583276106627782,0.029585798816567976
2024-09-11,000001,volume_factor,0.05971557838588426,0.029585798816567976
2024-09-11,300750,momentum,0.09051343509524412,-0.0055526635432933125
2024-09-11,300750,volatility,0.015583535659079412,-0.0055526635432933125
2024-09-11,300750,volume_factor,0.4528034718528795,-0.0055526635432933125
2024-09-11,600519,momentum,-0.02542295242166981,-0.0909333040876118
2024-09-11,600519,volatility,0.01273556707655667,-0.0909333040876118
2024-09-11,600519,volume_factor,0.009151382320144563,-0.0909333040876118
2024-09-12,000001,momentum,-0.03284258210645541,0.03512880562060894
2024-09-12,000001,volatility,0.012474568601632947,0.03512880562060894
2024-09-12,000001,volume_factor,-0.43867076746867506,0.03512880562060894
2024-09-12,300750,momentum,0.09985600701183261,-0.006545992714025561
2024-09-12,300750,volatility,0.015790579512936775,-0.006545992714025561
2024-09-12,300750,volume_factor,0.3897538035367254,-0.006545992714025561
2024-09-12,600519,momentum,-0.06938787846731609,-0.05969470607340044
2024-09-12,600519,volatility,0.014508259302025378,-0.05969470607340044
2024-09-12,600519,volume_factor,1.1744089283730252,-0.05969470607340044
2024-09-13,000001,momentum,-0.04815229563269874,0.07882352941176474
2024-09-13,000001,volatility,0.0121102859911023,0.07882352941176474
2024-09-13,000001,volume_factor,-0.4345747919327725,0.07882352941176474
2024-09-13,300750,momentum,0.06176930290715865,0.08255314137667069
2024-09-13,300750,volatility,0.017952158276218065,0.08255314137667069
2024-09-13,300750,volume_factor,0.13666766280343134,0.08255314137667069
2024-09-13,600519,momentum,-0.09570397818850074,0.05702649354110623
2024-09-13,600519,volatility,0.015185215781426155,0.05702649354110623
2024-09-13,600519,volume_factor,1.330769022683433,0.05702649354110623
2024-09-18,000001,momentum,-0.057205720572057195,0.08518086347724618
2024-09-18,000001,volatility,0.011430039646779166,0.08518086347724618
2024-09-18,000001,volume_factor,-0.5329746612926396,0.08518086347724618
2024-09-18,300750,momentum,0.06669548570369899,0.0966826839576218
2024-09-18,300750,volatility,0.018109224056735797,0.0966826839576218
2024-09-18,300750,volume_factor,-0.24529015260157627,0.0966826839576218
2024-09-18,600519,momentum,-0.11992617134903705,0.11354259781338083
2024-09-18,600519,volatility,0.016265232661923604,0.11354259781338083
2024-09-18,600519,volume_factor,0.82432952877906,0.11354259781338083
2024-09-19,000001,momentum,-0.057986870897155485,0.15563298490127764
2024-09-19,000001,volatility,0.011399373824619002,0.15563298490127764
2024-09-19,000001,volume_factor,-0.2443930002669441,0.15563298490127764
2024-09-19,300750,momentum,0.07462779156327537,0.10742942908272246
2024-09-19,300750,volatility,0.018014723532218085,0.10742942908272246
2024-09-19,300750,volume_factor,0.021170174738772474,0.10742942908272246
2024-09-19,600519,momentum,-0.12258387277716298,0.23152547644141896
2024-09-19,600519,volatility,0.016238381636898457,0.23152547644141896
2024-09-19,600519,volume_factor,1.190462279997079,0.23152547644141896
2024-09-20,000001,momentum,-0.049180327868852625,0.1747126436781612
2024-09-20,000001,volatility,0.011759233051808555,0.1747126436781612
2024-09-20,000001,volume_factor,-0.10791015783436964,0.1747126436781612
2024-09-20,300750,momentum,0.07228389671947122,0.23969057174431452
2024-09-20,300750,volatility,0.018078783311430105,0.23969057174431452
2024-09-20,300750,volume_factor,-0.010060187436403467,0.23969057174431452
2024-09-20,600519,momentum,-0.11692996073417938,0.3147717284525102
2024-09-20,600519,volatility,0.01635330654719054,0.3147717284525102
2024-09-20,600519,volume_factor,0.3964827718691606,0.3147717284525102
2024-09-23,000001,momentum,-0.03703703703703698,0.24547511312217196
2024-09-23,000001,volatility,0.012418450737588883,0.24547511312217196
2024-09-23,000001,volume_factor,0.015596037115973127,0.24547511312217196
2024-09-23,300750,momentum,0.056924847090171316,0.3649229358849482
2024-09-23,300750,volatility,0.0172337854139453,0.3649229358849482
2024-09-23,300750,volume_factor,0.021849824795702855,0.3649229358849482
2024-09-23,600519,momentum,-0.11366228120527477,0.4200573362807405
2024-09-23,600519,volatility,0.016378005907632612,0.4200573362807405
2024-09-23,600519,volume_factor,0.5218005021440515,0.4200573362807405
2024-09-24,000001,momentum,-0.010787486515641764,0.2737186477644493
2024-09-24,000001,volatility,0.015025260918766119,0.2737186477644493
2024-09-24,000001,volume_factor,0.7973702231263495,0.2737186477644493
2024-09-24,300750,momentum,0.09349907809433167,0.5519717160728854
2024-09-24,300750,volatility,0.020387406002154263,0.5519717160728854
2024-09-24,300750,volume_factor,1.1740652887412737,0.5519717160728854
2024-09-24,600519,momentum,-0.03232102963714123,0.27609247206769916
2024-09-24,600519,volatility,0.028040580627329607,0.27609247206769916
2024-09-24,600519,volume_factor,1.9372292409532474,0.27609247206769916
2024-09-25,000001,momentum,0.0010764262648010892,0.1268817204301076
2024-09-25,000001,volatility,0.015370799725143774,0.1268817204301076
2024-09-25,000001,volume_factor,1.199289552281951,0.1268817204301076
2024-09-25,300750,momentum,0.11265785609397949,0.27397983423956074
2024-09-25,300750,volatility,0.021123502698058082,0.27397983423956074
2024-09-25,300750,volume_factor,1.378126271920911,0.27397983423956074
2024-09-25,600519,momentum,-0.009934736423800605,0.15140404773299165
2024-09-25,600519,volatility,0.028468972997053605,0.15140404773299165
2024-09-25,600519,volume_factor,0.993229584988653,0.15140404773299165
2024-09-26,000001,momentum,0.07800650054171165,0.10753768844221101
2024-09-26,000001,volatility,0.021782901799477644,0.10753768844221101
2024-09-26,000001,volume_factor,1.8042972990874482,0.10753768844221101
2024-09-26,300750,momentum,0.12960018842371768,0.2736134278565472
2024-09-26,300750,volatility,0.02109267793845394,0.2736134278565472
2024-09-26,300750,volume_factor,0.8736934637218812,0.2736134278565472
2024-09-26,600519,momentum,0.09605492807221228,0.07786523001809842
2024-09-26,600519,volatility,0.03619546578638296,0.07786523001809842
2024-09-26,600519,volume_factor,1.3563323494894468,0.07786523001809842
2024-09-27,000001,momentum,0.11938663745892653,0.05283757338551842
2024-09-27,000001,volatility,0.02207615438390249,0.05283757338551842
2024-09-27,000001,volume_factor,2.083136014788714,0.05283757338551842
2024-09-27,300750,momentum,0.26006503103754053,0.07028244346438961
2024-09-27,300750,volatility,0.031329133577218664,0.07028244346438961
2024-09-27,300750,volume_factor,2.202002560459605,0.07028244346438961
2024-09-27,600519,momentum,0.1868475504457272,-0.015867710094773724
2024-09-27,600519,volatility,0.038738447870648576,-0.015867710094773724
2024-09-27,600519,volume_factor,0.9938521267536802,-0.015867710094773724
2024-09-30,000001,momentum,0.23292273236282202,0.004541326067211582
2024-09-30,000001,volatility,0.02625380278059541,0.004541326067211582
2024-09-30,000001,volume_factor,2.7267221582947796,0.004541326067211582
2024-09-30,300750,momentum,0.4253575061329504,-0.009109226765175005
2024-09-30,300750,volatility,0.038650007070691376,-0.009109226765175005
2024-09-30,300750,volume_factor,2.554562914830998,-0.009109226765175005
2024-09-30,600519,momentum,0.25552739265864544,-0.08878470575358455
2024-09-30,600519,volatility,0.041643259455273626,-0.08878470575358455
2024-09-30,600519,volume_factor,2.109319279823514,-0.08878470575358455
2024-10-08,000001,momentum,0.3035714285714284,-0.06335616438356162
2024-10-08,000001,volatility,0.028447424047538916,-0.06335616438356162
2024-10-08,000001,volume_factor,2.4910750058399698,-0.06335616438356162
2024-10-08,300750,momentum,0.6718228159606259,-0.202502365681842
2024-10-08,300750,volatility,0.05569234695324733,-0.202502365681842
2024-10-08,300750,volume_factor,3.3957768811066202,-0.202502365681842
2024-10-08,600519,momentum,0.20885551566360383,-0.10419625325709769
2024-10-08,600519,volatility,0.04200100830008657,-0.10419625325709769
2024-10-08,600519,volume_factor,2.334851959627377,-0.10419625325709769
2024-10-09,000001,momentum,0.17620650953984285,0.059160305343511466
2024-10-09,000001,volatility,0.03845273061540983,0.059160305343511466
2024-10-09,000001,volume_factor,1.3053961945191084,0.059160305343511466
2024-10-09,300750,momentum,0.4406041069723019,-0.08763933203497287
2024-10-09,300750,volatility,0.06839642650030404,-0.08763933203497287
2024-10-09,300750,volume_factor,2.0109585754821437,-0.08763933203497287
2024-10-09,600519,momentum,0.1549700357712498,-0.0487031487775611
2024-10-09,600519,volatility,0.04545185331979982,-0.0487031487775611
2024-10-09,600519,volume_factor,0.9173478047255348,-0.0487031487775611
2024-10-10,000001,momentum,0.24099099099099086,-0.0027223230490017736
2024-10-10,000001,volatility,0.039479529723334794,-0.0027223230490017736
2024-10-10,000001,volume_factor,0.7328054338859751,-0.0027223230490017736
2024-10-10,300750,momentum,0.42068845214559847,-0.10845986984815614
2024-10-10,300750,volatility,0.06840420968791773,-0.10845986984815614
2024-10-10,300750,volume_factor,0.5912367385058768,-0.10845986984815614
2024-10-10,600519,momentum,0.17603747302034378,-0.09462819061007188
2024-10-10,600519,volatility,0.045711633591302765,-0.09462819061007188
2024-10-10,600519,volume_factor,0.13854340980038904,-0.09462819061007188
2024-10-11,000001,momentum,0.21995464852607705,0.029739776951672958
2024-10-11,000001,volatility,0.04006678074562152,0.029739776951672958
2024-10-11,000001,volume_factor,0.01587512290111537,0.029739776951672958
2024-10-11,300750,momentum,0.3149642610099148,0.0355076275644397
2024-10-11,300750,volatility,0.07105699050411592,0.0355076275644397
2024-10-11,300750,volume_factor,0.1974623155365307,0.0355076275644397
2024-10-11,600519,momentum,0.15810541903836373,-0.042616531138239044
2024-10-11,600519,volatility,0.04612700014027777,-0.042616531138239044
2024-10-11,600519,volume_factor,-0.3735629048806497,-0.042616531138239044
2024-10-14,000001,momentum,0.2468996617812853,-0.018987341772152
2024-10-14,000001,volatility,0.040225713295040544,-0.018987341772152
2024-10-14,000001,volume_factor,0.1276495780535618,-0.018987341772152
2024-10-14,300750,momentum,0.36342632703748645,0.015420461766574745
2024-10-14,300750,volatility,0.07103848997401382,0.015420461766574745
2024-10-14,300750,volume_factor,0.12657124921864438,0.015420461766574745
2024-10-14,600519,momentum,0.15145763857939776,-0.04884119770708628
2024-10-14,600519,volatility,0.04617513529581392,-0.04884119770708628
2024-10-14,600519,volume_factor,-0.3450989103493429,-0.04884119770708628
2024-10-15,000001,momentum,0.23198198198198172,-0.010054844606946944
2024-10-15,000001,volatility,0.04048243841590869,-0.010054844606946944
2024-10-15,000001,volume_factor,-0.05286895343175613,-0.010054844606946944
2024-10-15,300750,momentum,0.3208149524030648,0.04100197758734336
2024-10-15,300750,volatility,0.07190083239138635,0.04100197758734336
2024-10-15,300750,volume_factor,-0.2338895270161656,0.04100197758734336
2024-10-15,600519,momentum,0.1206992445192887,-0.007754395880864906
2024-10-15,600519,volatility,0.04695516316883194,-0.007754395880864906
2024-10-15,600519,volume_factor,-0.37833954694163485,-0.007754395880864906
2024-10-16,000001,momentum,0.2832369942196531,-0.018018018018017945
2024-10-16,000001,volatility,0.03952674125311738,-0.018018018018017945
2024-10-16,000001,volume_factor,-0.13068947529101382,-0.018018018018017945
2024-10-16,300750,momentum,0.2839981338931654,0.07016986102279943
2024-10-16,300750,volatility,0.07259286044790259,0.07016986102279943
2024-10-16,300750,volume_factor,-0.2327392312840264,0.07016986102279943
2024-10-16,600519,momentum,0.11600106956918377,0.03171157965948801
2024-10-16,600519,volatility,0.04707712451546197,0.03171157965948801
2024-10-16,600519,volume_factor,-0.34266242565791516,0.03171157965948801
2024-10-17,000001,momentum,0.26321839080459775,-0.018198362147406777
2024-10-17,000001,volatility,0.039838320609519515,-0.018198362147406777
2024-10-17,000001,volume_factor,-0.26390749413503545,-0.018198362147406777
2024-10-17,300750,momentum,0.30055525703027053,0.06730018822017159
2024-10-17,300750,volatility,0.07229717737818757,0.06730018822017159
2024-10-17,300750,volume_factor,-0.4095202717524258,0.06730018822017159
2024-10-17,600519,momentum,0.0914839863793997,0.0414048909527438
2024-10-17,600519,volatility,0.04743593679171305,0.0414048909527438
2024-10-17,600519,volume_factor,-0.45173313325622033,0.0414048909527438
2024-10-18,000001,momentum,0.311242603550296,-0.029783393501805033
2024-10-18,000001,volatility,0.038664305430672764,-0.029783393501805033
2024-10-18,000001,volume_factor,0.12201868196036969,-0.029783393501805033
2024-10-18,300750,momentum,0.3663022731216381,0.03805774278215224
2024-10-18,300750,volatility,0.07385201384971248,0.03805774278215224
2024-10-18,300750,volume_factor,0.45790442396004183,0.03805774278215224
2024-10-18,600519,momentum,0.1261221740015981,0.012417045786552228
2024-10-18,600519,volatility,0.04783061608918254,0.012417045786552228
2024-10-18,600519,volume_factor,-0.07712357471211806,0.012417045786552228
2024-10-21,000001,momentum,0.2704918032786887,-0.015668202764976935
2024-10-21,000001,volatility,0.03945279778647381,-0.015668202764976935
2024-10-21,000001,volume_factor,0.15374817549108877,-0.015668202764976935
2024-10-21,300750,momentum,0.3643556466302367,0.012015520046726902
2024-10-21,300750,volatility,0.07385492110240859,0.012015520046726902
2024-10-21,300750,volume_factor,0.20430469944350982,0.012015520046726902
2024-10-21,600519,momentum,0.15730756739201035,0.02539744902970531
2024-10-21,600519,volatility,0.04695436835453474,0.02539744902970531
2024-10-21,600519,volume_factor,-0.4327566557380591,0.02539744902970531
2024-10-22,000001,momentum,0.2741176470588236,-0.023084025854108958
2024-10-22,000001,volatility,0.0393916439604546,-0.023084025854108958
2024-10-22,000001,volume_factor,-0.3490333391323134,-0.023084025854108958
2024-10-22,300750,momentum,0.39480657127715935,0.005192502532928245
2024-10-22,300750,volatility,0.07321799367136443,0.005192502532928245
2024-10-22,300750,volume_factor,-0.43189599514800536,0.005192502532928245
2024-10-22,600519,momentum,0.19894725444959893,-0.007905303082929138
2024-10-22,600519,volatility,0.04628886557019035,-0.007905303082929138
2024-10-22,600519,volume_factor,-0.5036376276864798,-0.007905303082929138
2024-10-23,000001,momentum,0.2718786464410734,-0.04954128440366978
2024-10-23,000001,volatility,0.039404755263859455,-0.04954128440366978
2024-10-23,000001,volume_factor,-0.40445357731576903,-0.04954128440366978
2024-10-23,300750,momentum,0.36415214496613224,-0.0053898060518609014
2024-10-23,300750,volatility,0.07342362737725203,-0.0053898060518609014
2024-10-23,300750,volume_factor,-0.358294970651975,-0.0053898060518609014
2024-10-23,600519,momentum,0.25837172522863217,-0.0242479713669026
2024-10-23,600519,volatility,0.045278362354047356,-0.0242479713669026
2024-10-23,600519,volume_factor,-0.44907389910636675,-0.0242479713669026
2024-10-24,000001,momentum,0.2531939605110336,-0.03429101019462455
2024-10-24,000001,volatility,0.039703028050972464,-0.03429101019462455
2024-10-24,000001,volume_factor,-0.6526427781829128,-0.03429101019462455
2024-10-24,300750,momentum,0.3420885527910871,-0.0007742268484666193
2024-10-24,300750,volatility,0.07369018213403859,-0.0007742268484666193
2024-10-24,300750,volume_factor,-0.5740245844041856,-0.0007742268484666193
2024-10-24,600519,momentum,0.25156798037216865,-0.016849124066430243
2024-10-24,600519,volatility,0.04540409513425054,-0.016849124066430243
2024-10-24,600519,volume_factor,-0.6628735300127534,-0.016849124066430243
2024-10-25,000001,momentum,0.2356321839080462,-0.026046511627906943
2024-10-25,000001,volatility,0.039860014098773405,-0.026046511627906943
2024-10-25,000001,volume_factor,-0.5687539582708601,-0.026046511627906943
2024-10-25,300750,momentum,0.4262199732449252,-0.051710778516373734
2024-10-25,300750,volatility,0.07389887401215721,-0.051710778516373734
2024-10-25,300750,volume_factor,0.10258045294681262,-0.051710778516373734
2024-10-25,600519,momentum,0.2541492166899333,-0.017246236403988036
2024-10-25,600519,volatility,0.045383153562783565,-0.017246236403988036
2024-10-25,600519,volume_factor,-0.6056128211014553,-0.017246236403988036
2024-10-28,000001,momentum,0.20814479638009042,-0.016853932584269593
2024-10-28,000001,volatility,0.04003997868048161,-0.016853932584269593
2024-10-28,000001,volume_factor,-0.546309890160578,-0.016853932584269593
2024-10-28,300750,momentum,0.38984701770469266,-0.020777507523601413
2024-10-28,300750,volatility,0.0742232440075716,-0.020777507523601413
2024-10-28,300750,volume_factor,-0.480213455612861,-0.020777507523601413
2024-10-28,600519,momentum,0.2620371649626969,-0.01149472474239499
2024-10-28,600519,volatility,0.04530000031955577,-0.01149472474239499
2024-10-28,600519,volume_factor,-0.441353626110624,-0.01149472474239499
2024-10-29,000001,momentum,0.15376226826608508,0.010396975425330801
2024-10-29,000001,volatility,0.03973917907278589,0.010396975425330801
2024-10-29,000001,volume_factor,-0.5312364244078849,0.010396975425330801
2024-10-29,300750,momentum,0.2951319010062552,0.04035949771114189
2024-10-29,300750,volatility,0.07421611671255655,0.04035949771114189
2024-10-29,300750,volume_factor,-0.4875656635509087,0.04035949771114189
2024-10-29,600519,momentum,0.12529744551428523,0.03176814922697724
2024-10-29,600519,volatility,0.041431882924819544,0.03176814922697724
2024-10-29,600519,volume_factor,-0.38618536855940844,0.03176814922697724
2024-10-30,000001,momentum,0.11397849462365572,0.022200772200772212
2024-10-30,000001,volatility,0.04021652329146131,0.022200772200772212
2024-10-30,000001,volume_factor,-0.41216428071700106,0.022200772200772212
2024-10-30,300750,momentum,0.23718523993031737,0.0361409796893668
2024-10-30,300750,volatility,0.07444848983148959,0.0361409796893668
2024-10-30,300750,volume_factor,-0.4775390244233524,0.0361409796893668
2024-10-30,600519,momentum,0.1026598947157169,0.027300600613213488
2024-10-30,600519,volatility,0.04131886161429063,0.027300600613213488
2024-10-30,600519,volume_factor,-0.5073608805504826,0.027300600613213488
2024-10-31,000001,momentum,0.04723618090452275,0.050863723608445266
2024-10-31,000001,volatility,0.037322283177498215,0.050863723608445266
2024-10-31,000001,volume_factor,-0.4855092756726326,0.050863723608445266
2024-10-31,300750,momentum,0.2109570475396163,0.07240325427230854
2024-10-31,300750,volatility,0.07461136992544845,0.07240325427230854
2024-10-31,300750,volume_factor,-0.5042352875532734,0.07240325427230854
2024-10-31,600519,momentum,-0.000848801156053125,0.08519795272163067
2024-10-31,600519,volatility,0.034807898570674824,0.08519795272163067
2024-10-31,600519,volume_factor,-0.5137040115320182,0.08519795272163067
2024-11-01,000001,momentum,0.024461839530332652,0.02769818529130852
2024-11-01,000001,volatility,0.03689314218281855,0.02769818529130852
2024-11-01,000001,volume_factor,-0.31399008468375234,0.02769818529130852
2024-11-01,300750,momentum,0.0909730693440931,0.048595880101492295
2024-11-01,300750,volatility,0.07090478192479863,0.048595880101492295
2024-11-01,300750,volume_factor,-0.47350243849320905,0.048595880101492295
2024-11-01,600519,momentum,-0.06255980704445063,0.05328989225961167
2024-11-01,600519,volatility,0.030735390679706452,0.05328989225961167
2024-11-01,600519,volume_factor,-0.451143733902296,0.05328989225961167
2024-11-04,000001,momentum,-0.0463215258855586,0.01333333333333342
2024-11-04,000001,volatility,0.032358481794384386,0.01333333333333342
2024-11-04,000001,volume_factor,-0.4618329757216859,0.01333333333333342
2024-11-04,300750,momentum,-0.002896482243304521,0.0686229107902161
2024-11-04,300750,volatility,0.06607924676730285,0.0686229107902161
2024-11-04,300750,volume_factor,-0.47136223880507533,0.0686229107902161
2024-11-04,600519,momentum,-0.12149294027509205,0.0344767916718578
2024-11-04,600519,volatility,0.02447567279570835,0.0344767916718578
2024-11-04,600519,volume_factor,-0.44490130794401883,0.0344767916718578
2024-11-05,000001,momentum,-0.08476027397260277,-0.010289990645462987
2024-11-05,000001,volatility,0.029261322744960894,-0.010289990645462987
2024-11-05,000001,volume_factor,-0.11945953566664524,-0.010289990645462987
2024-11-05,300750,momentum,-0.13181228752672336,0.046948167285645104
2024-11-05,300750,volatility,0.04870887919320185,0.046948167285645104
2024-11-05,300750,volume_factor,0.1708077245330466,0.046948167285645104
2024-11-05,600519,momentum,-0.09015522926263009,0.00014251491316774612
2024-11-05,600519,volatility,0.025046797683120087,0.00014251491316774612
2024-11-05,600519,volume_factor,0.015191165790459982,0.00014251491316774612
2024-11-06,000001,momentum,0.01049618320610679,0.0056657223796034994
2024-11-06,000001,volatility,0.01793362175705244,0.0056657223796034994
2024-11-06,000001,volume_factor,-0.16488802236474465,0.0056657223796034994
2024-11-06,300750,momentum,0.006215555463473299,0.10501173660585583
2024-11-06,300750,volatility,0.03430557326103304,0.10501173660585583
2024-11-06,300750,volume_factor,0.18314468718232235,0.10501173660585583
2024-11-06,600519,momentum,-0.016189690887516872,0.0051105932376629415
2024-11-06,600519,volatility,0.01789427010235609,0.0051105932376629415
2024-11-06,600519,volume_factor,-0.0783210360346569,0.0051105932376629415
2024-11-07,000001,momentum,-0.006352087114337546,-0.03378995433789944
2024-11-07,000001,volatility,0.01559271299268958,-0.03378995433789944
2024-11-07,000001,volume_factor,0.32569346629413065,-0.03378995433789944
2024-11-07,300750,momentum,0.019645561330986716,0.04897041705133853
2024-11-07,300750,volatility,0.03467648570909481,0.04897041705133853
2024-11-07,300750,volume_factor,-0.08955926163475791,0.04897041705133853
2024-11-07,600519,momentum,0.005948429588556126,-0.04874230112313038
2024-11-07,600519,volatility,0.020543783673398642,-0.04874230112313038
2024-11-07,600519,volume_factor,0.830243501067085,-0.04874230112313038
2024-11-08,000001,momentum,0.0,-0.026022304832713727
2024-11-08,000001,volatility,0.015156276956993711,-0.026022304832713727
2024-11-08,000001,volume_factor,0.12600214261398146,-0.026022304832713727
2024-11-08,300750,momentum,0.06886726284411715,0.03305581757782061
2024-11-08,300750,volatility,0.0313364746254669,0.03305581757782061
2024-11-08,300750,volume_factor,0.10376514355362243,0.03305581757782061
2024-11-08,600519,momentum,0.0033166170506084836,-0.03383316406794512
2024-11-08,600519,volatility,0.020703598941988536,-0.03383316406794512
2024-11-08,600519,volume_factor,0.4546050765528078,-0.03383316406794512
2024-11-11,000001,momentum,-0.03797468354430378,0.014097744360902054
2024-11-11,000001,volatility,0.01384852416723953,0.014097744360902054
2024-11-11,000001,volume_factor,-0.09185757155364249,0.014097744360902054
2024-11-11,300750,momentum,0.07532302478288488,-0.01804357246976329
2024-11-11,300750,volatility,0.031690736578490454,-0.01804357246976329
2024-11-11,300750,volume_factor,0.3420587076112718,-0.01804357246976329
2024-11-11,600519,momentum,-0.0026559361507610957,-0.026101502124385223
2024-11-11,600519,volatility,0.02078179222206265,-0.026101502124385223
2024-11-11,600519,volume_factor,0.050887301718529176,-0.026101502124385223
2024-11-12,000001,momentum,-0.03290676416819005,0.013232514177693888
2024-11-12,000001,volatility,0.013718565132072088,0.013232514177693888
2024-11-12,000001,volume_factor,0.06054989248557319,0.013232514177693888
2024-11-12,300750,momentum,0.13974950560316413,-0.016579911316753515
2024-11-12,300750,volatility,0.03045031234866441,-0.016579911316753515
2024-11-12,300750,volume_factor,0.9221791672597883,-0.016579911316753515
2024-11-12,600519,momentum,0.01581896759696444,-0.02393909373430858
2024-11-12,600519,volatility,0.019689863073686267,-0.02393909373430858
2024-11-12,600519,volume_factor,0.17161215384267514,-0.02393909373430858
2024-11-13,000001,momentum,-0.04054054054054046,0.0028169014084507005
2024-11-13,000001,volatility,0.013331996406408341,0.0028169014084507005
2024-11-13,000001,volume_factor,-0.31170112148762275,0.0028169014084507005
2024-11-13,300750,momentum,0.21868471250794785,-0.053851600641001696
2024-11-13,300750,volatility,0.029563061440518762,-0.053851600641001696
2024-11-13,300750,volume_factor,0.4007504078344397,-0.053851600641001696
2024-11-13,600519,momentum,0.03946329913180735,-0.022840058574682742
2024-11-13,600519,volatility,0.01894315402091071,-0.022840058574682742
2024-11-13,600519,volume_factor,-0.2919844127177832,-0.022840058574682742
2024-11-14,000001,momentum,-0.03730664240218384,0.004725897920605071
2024-11-14,000001,volatility,0.013248186854394042,0.004725897920605071
2024-11-14,000001,volume_factor,-0.25343330444352097,0.004725897920605071
2024-11-14,300750,momentum,0.19969701143093221,-0.02579114529522053
2024-11-14,300750,volatility,0.030330718208663253,-0.02579114529522053
2024-11-14,300750,volume_factor,0.04959347112960999,-0.02579114529522053
2024-11-14,600519,momentum,0.05693172506002253,-0.019498891412870423
2024-11-14,600519,volatility,0.01829390055847533,-0.019498891412870423
2024-11-14,600519,volume_factor,-0.2800580915927189,-0.019498891412870423
2024-11-15,000001,momentum,-0.054151624548736454,-0.01526717557251911
2024-11-15,000001,volatility,0.013133733868795803,-0.01526717557251911
2024-11-15,000001,volume_factor,-0.18076355216380524,-0.01526717557251911
2024-11-15,300750,momentum,0.0663364660062653,-0.025646115367819244
2024-11-15,300750,volatility,0.026395389557219994,-0.025646115367819244
2024-11-15,300750,volume_factor,-0.09749950417766373,-0.025646115367819244
2024-11-15,600519,momentum,0.012521390709128166,-0.03516220784038915
2024-11-15,600519,volatility,0.017025670802899046,-0.03516220784038915
2024-11-15,600519,volume_factor,-0.13171958665315586,-0.03516220784038915
2024-11-18,000001,momentum,-0.0055299539170506895,-0.05282669138090812
2024-11-18,000001,volatility,0.014265254704306575,-0.05282669138090812
2024-11-18,000001,volume_factor,1.4761193385080484,-0.05282669138090812
2024-11-18,300750,momentum,0.03988485126621888,0.004734202607823423
2024-11-18,300750,volatility,0.02643602437862159,0.004734202607823423
2024-11-18,300750,volume_factor,-0.18506962469996802,0.004734202607823423
2024-11-18,600519,momentum,0.021187927091079972,-0.04151723758879866
2024-11-18,600519,volatility,0.016888337798374876,-0.04151723758879866
2024-11-18,600519,volume_factor,-0.2896100354513226,-0.04151723758879866
2024-11-19,000001,momentum,-0.010156971375807844,-0.03824626865671643
2024-11-19,000001,volatility,0.014331376115083548,-0.03824626865671643
2024-11-19,000001,volume_factor,0.5436732989082489,-0.03824626865671643
2024-11-19,300750,momentum,0.07670550489699424,-0.04704959811801612
2024-11-19,300750,volatility,0.026617436268761244,-0.04704959811801612
2024-11-19,300750,volume_factor,-0.08284335447456648,-0.04704959811801612
2024-11-19,600519,momentum,-0.0007502396598912942,-0.02288558597388879
2024-11-19,600519,volatility,0.01699120576492702,-0.02288558597388879
2024-11-19,600519,volume_factor,-0.12427129004531856,-0.02288558597388879
2024-11-20,000001,momentum,-0.020183486238532167,-0.023408239700374533
2024-11-20,000001,volatility,0.014254996533031427,-0.023408239700374533
2024-11-20,000001,volume_factor,-0.1768186419253035,-0.023408239700374533
2024-11-20,300750,momentum,0.07745193735941935,-0.030132345990231624
2024-11-20,300750,volatility,0.02660518249535909,-0.030132345990231624
2024-11-20,300750,volume_factor,-0.39419218087800356,-0.030132345990231624
2024-11-20,600519,momentum,-0.015498210431408976,-0.01787213376348562
2024-11-20,600519,volatility,0.01652965880219045,-0.01787213376348562
2024-11-20,600519,volume_factor,-0.42387886476200753,-0.01787213376348562
2024-11-21,000001,momentum,-0.014828544949026745,-0.0235183443085607
2024-11-21,000001,volatility,0.014122575790424306,-0.0235183443085607
2024-11-21,000001,volume_factor,-0.43473898666011446,-0.0235183443085607
2024-11-21,300750,momentum,0.09505785195062155,-0.05326210770258066
2024-11-21,300750,volatility,0.026292781044717318,-0.05326210770258066
2024-11-21,300750,volume_factor,-0.45109170404818133,-0.05326210770258066
2024-11-21,600519,momentum,-0.004880102709940992,-0.01881845359895129
2024-11-21,600519,volatility,0.01636819863669886,-0.01881845359895129
2024-11-21,600519,volume_factor,-0.5032971635825596,-0.01881845359895129
2024-11-22,000001,momentum,-0.039999999999999925,0.009689922480620172
2024-11-22,000001,volatility,0.015492920059276424,0.009689922480620172
2024-11-22,000001,volume_factor,0.022977510024640324,0.009689922480620172
2024-11-22,300750,momentum,0.0008971901635332902,0.008719390457564202
2024-11-22,300750,volatility,0.0250359072765981,0.008719390457564202
2024-11-22,300750,volume_factor,-0.3677126437007162,0.008719390457564202
2024-11-22,600519,momentum,-0.03506276668109587,0.012760260901763187
2024-11-22,600519,volatility,0.01729836859563676,0.012760260901763187
2024-11-22,600519,volume_factor,-0.09756821678227312,0.012760260901763187
2024-11-25,000001,momentum,-0.04307116104868902,0.020547945205479312
2024-11-25,000001,volatility,0.015558596392458615,0.020547945205479312
2024-11-25,000001,volume_factor,-0.26602478508696215,0.020547945205479312
2024-11-25,300750,momentum,0.032403017685616486,-0.0076268817633670105
2024-11-25,300750,volatility,0.025275878893292403,-0.0076268817633670105
2024-11-25,300750,volume_factor,-0.263031297808763,-0.0076268817633670105
2024-11-25,600519,momentum,-0.045452057418887026,0.01894474270846036
2024-11-25,600519,volatility,0.017274249629379464,0.01894474270846036
2024-11-25,600519,volume_factor,-0.09708401069264094,0.01894474270846036
2024-11-26,000001,momentum,-0.02551984877126645,0.02133850630455858
2024-11-26,000001,volatility,0.015641463313720745,0.02133850630455858
2024-11-26,000001,volume_factor,-0.4707485129811103,0.02133850630455858
2024-11-26,300750,momentum,0.020746713703750252,0.02106562435712811
2024-11-26,300750,volatility,0.025858767475365033,0.02106562435712811
2024-11-26,300750,volume_factor,-0.23193206965173851,0.02106562435712811
2024-11-26,600519,momentum,-0.015838561505713722,0.01262148355792081
2024-11-26,600519,volatility,0.016686430043352025,0.01262148355792081
2024-11-26,600519,volume_factor,-0.2845272238155584,0.01262148355792081
2024-11-27,000001,momentum,0.006756756756756799,0.006711409395973256
2024-11-27,000001,volatility,0.015174818861605299,0.006711409395973256
2024-11-27,000001,volume_factor,-0.4190657104940292,0.006711409395973256
2024-11-27,300750,momentum,0.05064857484212304,-0.0037769565040814967
2024-11-27,300750,volatility,0.025658616435762595,-0.0037769565040814967
2024-11-27,300750,volume_factor,-0.2310881634518882,-0.0037769565040814967
2024-11-27,600519,momentum,-0.00906519943438755,0.0006710982699793533
2024-11-27,600519,volatility,0.016777461396004407,0.0006710982699793533
2024-11-27,600519,volume_factor,-0.273142075583807,0.0006710982699793533
2024-11-28,000001,momentum,-0.0038387715930900956,0.00963391136801528
2024-11-28,000001,volatility,0.015163143543984426,0.00963391136801528
2024-11-28,000001,volume_factor,-0.5160844534336504,0.00963391136801528
2024-11-28,300750,momentum,0.03753605096638113,0.005393519478902986
2024-11-28,300750,volatility,0.02609665540033653,0.005393519478902986
2024-11-28,300750,volume_factor,-0.36988228065205775,0.005393519478902986
2024-11-28,600519,momentum,-0.006873407145815857,-0.0049486052002770675
2024-11-28,600519,volatility,0.016766554357804365,-0.0049486052002770675
2024-11-28,600519,volume_factor,-0.3229949108731506,-0.0049486052002770675
2024-11-29,000001,momentum,-0.0047755491881567025,0.026871401151631336
2024-11-29,000001,volatility,0.015148596253128243,0.026871401151631336
2024-11-29,000001,volume_factor,-0.3083517517230211,0.026871401151631336
2024-11-29,300750,momentum,0.06467982625897739,0.021448479217998973
2024-11-29,300750,volatility,0.026682563935886517,0.021448479217998973
2024-11-29,300750,volume_factor,-0.12264490688715479,0.021448479217998973
2024-11-29,600519,momentum,-0.005600262883750817,-0.0033256461456253605
2024-11-29,600519,volatility,0.016786783973771556,-0.0033256461456253605
2024-11-29,600519,volume_factor,0.014575669357638876,-0.0033256461456253605
2024-12-02,000001,momentum,-0.00666666666666671,0.0268456375838928
2024-12-02,000001,volatility,0.0151347450677989,0.0268456375838928
2024-12-02,000001,volume_factor,-0.3405692418385782,0.0268456375838928
2024-12-02,300750,momentum,0.04626783985180816,0.023579591179784254
2024-12-02,300750,volatility,0.02634468558957465,0.023579591179784254
2024-12-02,300750,volume_factor,-0.4195410361083568,0.023579591179784254
2024-12-02,600519,momentum,-0.01605825269598682,-0.004361467141269393
2024-12-02,600519,volatility,0.016612494511093763,-0.004361467141269393
2024-12-02,600519,volume_factor,-0.24356736114440758,-0.004361467141269393
2024-12-03,000001,momentum,-0.014967259120673537,0.028490028490028463
2024-12-03,000001,volatility,0.014706189877368141,0.028490028490028463
2024-12-03,000001,volume_factor,-0.253440100177706,0.028490028490028463
2024-12-03,300750,momentum,0.0018165670918779409,0.035177499294838155
2024-12-03,300750,volatility,0.024580718771909083,0.035177499294838155
2024-12-03,300750,volume_factor,-0.49104481671036393,0.035177499294838155
2024-12-03,600519,momentum,-0.034101782793699464,0.013946658422798075
2024-12-03,600519,volatility,0.015902650320245553,0.013946658422798075
2024-12-03,600519,volume_factor,-0.279164880826983,0.013946658422798075
2024-12-04,000001,momentum,-0.008498583569405138,0.02571428571428558
2024-12-04,000001,volatility,0.014574924024068438,0.02571428571428558
2024-12-04,000001,volume_factor,-0.29415316399434344,0.02571428571428558
2024-12-04,300750,momentum,0.010171725075155402,0.03314309009376282
2024-12-04,300750,volatility,0.02429487515861049,0.03314309009376282
2024-12-04,300750,volume_factor,-0.5030210816925182,0.03314309009376282
2024-12-04,600519,momentum,-0.0347520340161086,0.011012749375238329
2024-12-04,600519,volatility,0.015908792155107696,0.011012749375238329
2024-12-04,600519,volume_factor,-0.2906972951978867,0.011012749375238329
2024-12-05,000001,momentum,-0.04292237442922364,0.03912213740458026
2024-12-05,000001,volatility,0.012131486412017188,0.03912213740458026
2024-12-05,000001,volume_factor,-0.4908552434313239,0.03912213740458026
2024-12-05,300750,momentum,-0.02729498655320506,0.07308216068996831
2024-12-05,300750,volatility,0.02370380004811787,0.07308216068996831
2024-12-05,300750,volume_factor,-0.4943005600014646,0.07308216068996831
2024-12-05,600519,momentum,-0.08937166813311948,0.03893317419043152
2024-12-05,600519,volatility,0.009290222454026182,0.03893317419043152
2024-12-05,600519,volume_factor,-0.47592454300464304,0.03893317419043152
2024-12-06,000001,momentum,-0.005576208178438735,-0.009345794392523366
2024-12-06,000001,volatility,0.01261797259898632,-0.009345794392523366
2024-12-06,000001,volume_factor,0.28720964281472017,-0.009345794392523366
2024-12-06,300750,momentum,0.03711602345896714,0.001898133502056476
2024-12-06,300750,volatility,0.025186630649460008,0.001898133502056476
2024-12-06,300750,volume_factor,0.054881245597756756,0.001898133502056476
2024-12-06,600519,momentum,-0.05905038798282125,-0.0014179394024902425
2024-12-06,600519,volatility,0.008258982764517303,-0.0014179394024902425
2024-12-06,600519,volume_factor,0.09118959759829304,-0.0014179394024902425
2024-12-09,000001,momentum,0.006578947368421018,-0.00933706816059765
2024-12-09,000001,volatility,0.01235266257162109,-0.00933706816059765
2024-12-09,000001,volume_factor,-0.2668440600511297,-0.00933706816059765
2024-12-09,300750,momentum,0.002166804554229129,-0.0033414576617658565
2024-12-09,300750,volatility,0.0235010202500605,-0.0033414576617658565
2024-12-09,300750,volume_factor,-0.2510731424405449,-0.0033414576617658565
2024-12-09,600519,momentum,-0.05299923053762001,0.005934969689262104
2024-12-09,600519,volatility,0.008181269485872427,0.005934969689262104
2024-12-09,600519,volume_factor,-0.2968687577126927,0.005934969689262104
2024-12-10,000001,momentum,0.023629489603024467,-0.024007386888273308
2024-12-10,000001,volatility,0.01249262727810224,-0.024007386888273308
2024-12-10,000001,volume_factor,0.6208428138586772,-0.024007386888273308
2024-12-10,300750,momentum,-0.009446693657220173,0.012572985597508746
2024-12-10,300750,volatility,0.023079534668448462,0.012572985597508746
2024-12-10,300750,volume_factor,0.17897026955754036,0.012572985597508746
2024-12-10,600519,momentum,-0.020770285124920185,0.007906425616541757
2024-12-10,600519,volatility,0.00914047380862186,0.007906425616541757
2024-12-10,600519,volume_factor,1.1004241803706876,0.007906425616541757
2024-12-11,000001,momentum,0.011267605633802802,-0.00742804085422466
2024-12-11,000001,volatility,0.012513121637586286,-0.00742804085422466
2024-12-11,000001,volume_factor,-0.2732477547130907,-0.00742804085422466
2024-12-11,300750,momentum,-0.055528640107330496,0.0170066685080692
2024-12-11,300750,volatility,0.021724360265891654,0.0170066685080692
2024-12-11,300750,volume_factor,-0.25641207943261213,0.0170066685080692
2024-12-11,600519,momentum,-0.02908395704523259,0.025067381680561773
2024-12-11,600519,volatility,0.009244838718340278,0.025067381680561773
2024-12-11,600519,volume_factor,0.03233999617278149,0.025067381680561773
2024-12-12,000001,momentum,0.02930056710775042,-0.023875114784205675
2024-12-12,000001,volatility,0.012602746058972384,-0.023875114784205675
2024-12-12,000001,volume_factor,-0.25446232346788344,-0.023875114784205675
2024-12-12,300750,momentum,-0.00493628745264596,-0.015074603907091255
2024-12-12,300750,volatility,0.021890749402275755,-0.015074603907091255
2024-12-12,300750,volume_factor,-0.10947057179012387,-0.015074603907091255
2024-12-12,600519,momentum,-0.005440918427030428,-0.010113926993722377
2024-12-12,600519,volatility,0.010509516996274604,-0.010113926993722377
2024-12-12,600519,volume_factor,0.42759638411693923,-0.010113926993722377
2024-12-13,000001,momentum,0.011450381679389166,0.005660377358490676
2024-12-13,000001,volatility,0.01390768759067842,0.005660377358490676
2024-12-13,000001,volume_factor,0.010939919477967575,0.005660377358490676
2024-12-13,300750,momentum,0.005835880741593691,-0.017050836754025966
2024-12-13,300750,volatility,0.021094886168517263,-0.017050836754025966
2024-12-13,300750,volume_factor,0.1450076555838451,-0.017050836754025966
2024-12-13,600519,momentum,-0.02748120972285195,0.018989219661754708
2024-12-13,600519,volatility,0.012539890288682621,0.018989219661754708
2024-12-13,600519,volume_factor,0.6414540752896714,0.018989219661754708
2024-12-16,000001,momentum,-0.016682113067655213,0.015080113100848225
2024-12-16,000001,volatility,0.012134850212996215,0.015080113100848225
2024-12-16,000001,volume_factor,-0.3169975894970021,0.015080113100848225
2024-12-16,300750,momentum,0.01717151454363086,-0.014593933656766422
2024-12-16,300750,volatility,0.020936095703153083,-0.014593933656766422
2024-12-16,300750,volume_factor,-0.32290575572796953,-0.014593933656766422
2024-12-16,600519,momentum,-0.021847561729667286,0.016245943781870276
2024-12-16,600519,volatility,0.012638427588205834,0.016245943781870276
2024-12-16,600519,volume_factor,0.06903887697855327,0.016245943781870276
2024-12-17,000001,momentum,-0.013992537313432862,0.03122043519394513
2024-12-17,000001,volatility,0.01208256796822403,0.03122043519394513
2024-12-17,000001,volume_factor,-0.26965465250755283,0.03122043519394513
2024-12-17,300750,momentum,0.019917663203293356,-0.021412370737708075
2024-12-17,300750,volatility,0.02109882694264447,-0.021412370737708075
2024-12-17,300750,volume_factor,0.19145593841417785,-0.021412370737708075
2024-12-17,600519,momentum,0.011178621581413362,0.0032312621172330136
2024-12-17,600519,volatility,0.013333896193220165,0.0032312621172330136
2024-12-17,600519,volume_factor,0.7207812318839428,0.0032312621172330136
2024-12-18,000001,momentum,0.000936329588014928,0.025257249766136747
2024-12-18,000001,volatility,0.01234698120838434,0.025257249766136747
2024-12-18,000001,volume_factor,-0.06285708701940595,0.025257249766136747
2024-12-18,300750,momentum,0.015204033401607031,-0.01334678358035224
2024-12-18,300750,volatility,0.021190092838475814,-0.01334678358035224
2024-12-18,300750,volume_factor,-0.3525511167573693,-0.01334678358035224
2024-12-18,600519,momentum,0.0185173621951642,-0.012002397754829475
2024-12-18,600519,volatility,0.013471613749022861,-0.012002397754829475
2024-12-18,600519,volume_factor,0.26761907988137446,-0.012002397754829475
2024-12-19,000001,momentum,0.0,0.02539981185324547
2024-12-19,000001,volatility,0.0123677750690576,0.02539981185324547
2024-12-19,000001,volume_factor,-0.3515615062524965,0.02539981185324547
2024-12-19,300750,momentum,0.006009662594760101,-0.03334374511947524
2024-12-19,300750,volatility,0.021246073579364692,-0.03334374511947524
2024-12-19,300750,volume_factor,-0.333922470068613,-0.03334374511947524
2024-12-19,600519,momentum,0.004078603286466365,0.00045594279990335274
2024-12-19,600519,volatility,0.013881824781921012,0.00045594279990335274
2024-12-19,600519,volume_factor,-0.24361075329466375,0.00045594279990335274
2024-12-20,000001,momentum,0.032945736434108586,0.019699812382739212
2024-12-20,000001,volatility,0.010280136547091858,0.019699812382739212
2024-12-20,000001,volume_factor,-0.3061290849858028,0.019699812382739212
2024-12-20,300750,momentum,0.014708878295236927,-0.0028509476389334543
2024-12-20,300750,volatility,0.020563271659203467,-0.0028509476389334543
2024-12-20,300750,volume_factor,0.1906332609541943,-0.0028509476389334543
2024-12-20,600519,momentum,0.027101313053633058,0.004832157069369458
2024-12-20,600519,volatility,0.01249431445556712,0.004832157069369458
2024-12-20,600519,volume_factor,-0.1345413527132796,0.004832157069369458
2024-12-23,000001,momentum,0.0538160469667317,0.020427112349117982
2024-12-23,000001,volatility,0.01008799608332621,0.020427112349117982
2024-12-23,000001,volume_factor,0.573477250028233,0.020427112349117982
2024-12-23,300750,momentum,-0.0023958790879686775,0.012328383300644452
2024-12-23,300750,volatility,0.020060897702453357,0.012328383300644452
2024-12-23,300750,volume_factor,-0.10336086538618183,0.012328383300644452
2024-12-23,600519,momentum,0.037101017124097746,-0.0010021632904130273
2024-12-23,600519,volatility,0.012354815472865547,-0.0010021632904130273
2024-12-23,600519,volume_factor,-0.32398094892383955,-0.0010021632904130273
2024-12-24,000001,momentum,0.057225994180407413,-0.014678899082568808
2024-12-24,000001,volatility,0.010218021282490304,-0.014678899082568808
2024-12-24,000001,volume_factor,0.2500827666679575,-0.014678899082568808
2024-12-24,300750,momentum,0.04735651100596572,-0.008760213702074138
2024-12-24,300750,volatility,0.019211322580278745,-0.008760213702074138
2024-12-24,300750,volume_factor,-0.1332652125644156,-0.008760213702074138
2024-12-24,600519,momentum,0.038205956429557375,-0.0101559716016556
2024-12-24,600519,volatility,0.012382631512007934,-0.0101559716016556
2024-12-24,600519,volume_factor,-0.304309785926947,-0.0101559716016556
